== GEOMETRY ==
  magic: 0x616c4467
  struct_size: 52
  metadata_max_size: 65536
  metadata_slot_count: 3
  logical_block_size: 4096
== BLOCK DEVICES ==
  super: size=9663676416 (9.664 GB) align=1048576 flags=0x0
== GROUPS ==
  default: max_size=0 (0.000 GB) flags=0x0
  main_a: max_size=9661579264 (9.662 GB) flags=0x0
  main_b: max_size=9661579264 (9.662 GB) flags=0x0
== PARTITIONS ==
  odm_dlkm_a: group=main_a attrs=0x1 extents=0
  odm_dlkm_b: group=main_b attrs=0x1 extents=0
  product_a: group=main_a attrs=0x1 extents=0
  product_b: group=main_b attrs=0x1 extents=0
  system_a: group=main_a attrs=0x1 extents=0
  system_b: group=main_b attrs=0x1 extents=0
  system_ext_a: group=main_a attrs=0x1 extents=0
  system_ext_b: group=main_b attrs=0x1 extents=0
  vendor_a: group=main_a attrs=0x1 extents=0
  vendor_b: group=main_b attrs=0x1 extents=0
  vendor_dlkm_a: group=main_a attrs=0x1 extents=0
  vendor_dlkm_b: group=main_b attrs=0x1 extents=0
GEOMETRIA OK: super=9663676416B, grupy main_a/main_b po 9661579264B, VAB
size=4692836474 accept-ranges=bytes
pierwsze 64B: 504b0304140000000000256d635b0000000000000000000000001b000000544233353046555f533233303938325f3235313031335f524f572f504b0304140000
0	0	TB350FU_S230982_251013_ROW/
0	0	TB350FU_S230982_251013_ROW/BackupData/
0	0	TB350FU_S230982_251013_ROW/BackupData/4c3226013cf622303536e8958c31567e/
0	0	TB350FU_S230982_251013_ROW/BackupData/cbbbef2812371fc92138d07ed7827e0d/
0	0	TB350FU_S230982_251013_ROW/BackupData/feb58c29e79ebd39f85a7b0e76993e5e/
12226	1841	TB350FU_S230982_251013_ROW/console_mode.xsd
2272	674	TB350FU_S230982_251013_ROW/da.auth
82	82	TB350FU_S230982_251013_ROW/desktop.ini
1140224	501711	TB350FU_S230982_251013_ROW/flash.dll
1237	549	TB350FU_S230982_251013_ROW/flash.xml
487	237	TB350FU_S230982_251013_ROW/history.ini
0	0	TB350FU_S230982_251013_ROW/image/
220725	38231	TB350FU_S230982_251013_ROW/image/APDB_MT6789___W2252
20797	2524	TB350FU_S230982_251013_ROW/image/APDB_MT6789___W2252_ENUM
67108864	21466253	TB350FU_S230982_251013_ROW/image/boot-debug.img
67108864	20777913	TB350FU_S230982_251013_ROW/image/boot.img
114688	49329	TB350FU_S230982_251013_ROW/image/CheckSum_Generate.exe
0	0	TB350FU_S230982_251013_ROW/image/download_agent/
2272	674	TB350FU_S230982_251013_ROW/image/download_agent/da.auth
727436	336975	TB350FU_S230982_251013_ROW/image/download_agent/DA_BR.bin
392	248	TB350FU_S230982_251013_ROW/image/download_agent/flash.xml
653	249	TB350FU_S230982_251013_ROW/image/download_agent/flash.xsd
148128	117636	TB350FU_S230982_251013_ROW/image/dpm.img
8388608	18798	TB350FU_S230982_251013_ROW/image/dtbo.img
4669264	4663324	TB350FU_S230982_251013_ROW/image/gz.img
486912	229009	TB350FU_S230982_251013_ROW/image/imageChecker.dll
176	176	TB350FU_S230982_251013_ROW/image/installed-files-ramdisk.t
141424	141424	TB350FU_S230982_251013_ROW/image/installed-files-vendor.t
314572800	371030	TB350FU_S230982_251013_ROW/image/lenovocust.img
16777216	19698	TB350FU_S230982_251013_ROW/image/lenovoraw.img
2633376	1024613	TB350FU_S230982_251013_ROW/image/lk.img
4955120	4581502	TB350FU_S230982_251013_ROW/image/logo.bin
127904	59109	TB350FU_S230982_251013_ROW/image/mcupm.img
60752	60752	TB350FU_S230982_251013_ROW/image/MT6789_Android_scatter.t
100800	100800	TB350FU_S230982_251013_ROW/image/MT6789_Android_scatter.x
0	0	TB350FU_S230982_251013_ROW/image/mtk_unsigned_images/
136848	114054	TB350FU_S230982_251013_ROW/image/mtk_unsigned_images/dpm.img
4657984	4657984	TB350FU_S230982_251013_ROW/image/mtk_unsigned_images/gz.img
2618336	1018844	TB350FU_S230982_251013_ROW/image/mtk_unsigned_images/lk.img
4951360	4579970	TB350FU_S230982_251013_ROW/image/mtk_unsigned_images/logo.bin
124144	57606	TB350FU_S230982_251013_ROW/image/mtk_unsigned_images/mcupm.img
12592	5224	TB350FU_S230982_251013_ROW/image/mtk_unsigned_images/pi_img.img
1066128	354782	TB350FU_S230982_251013_ROW/image/mtk_unsigned_images/scp.img
10928	6728	TB350FU_S230982_251013_ROW/image/mtk_unsigned_images/spmfw.img
716800	637542	TB350FU_S230982_251013_ROW/image/mtk_unsigned_images/sspm.img
2769264	2403084	TB350FU_S230982_251013_ROW/image/mtk_unsigned_images/tee.img
73864	4016	TB350FU_S230982_251013_ROW/image/odm_dlkm.img
59	59	TB350FU_S230982_251013_ROW/image/odm_dlkm.map
16352	6693	TB350FU_S230982_251013_ROW/image/pi_img.img
363844	203699	TB350FU_S230982_251013_ROW/image/preloader.img
363844	203699	TB350FU_S230982_251013_ROW/image/preloader_emmc.img
359748	203585	TB350FU_S230982_251013_ROW/image/preloader_raw.img
359748	203585	TB350FU_S230982_251013_ROW/image/preloader_tulip_row_wifi.bin
363844	203699	TB350FU_S230982_251013_ROW/image/preloader_ufs.img
44353	11148	TB350FU_S230982_251013_ROW/image/product.map
1696	1696	TB350FU_S230982_251013_ROW/image/scatter_checksum.x
1073648	357829	TB350FU_S230982_251013_ROW/image/scp.img
14688	8284	TB350FU_S230982_251013_ROW/image/spmfw.img
720560	639085	TB350FU_S230982_251013_ROW/image/sspm.img
8297863612	4554222166	TB350FU_S230982_251013_ROW/image/super.img
5184	365	TB350FU_S230982_251013_ROW/image/super_empty.img
192398	36880	TB350FU_S230982_251013_ROW/image/system.map
35656	7267	TB350FU_S230982_251013_ROW/image/system_ext.map
2776784	2406182	TB350FU_S230982_251013_ROW/image/tee.img
0	0	TB350FU_S230982_251013_ROW/image/testcases/
0	0	TB350FU_S230982_251013_ROW/image/testcases/libsensor_test/
0	0	TB350FU_S230982_251013_ROW/image/testcases/libsensor_test/arm/
161384	92615	TB350FU_S230982_251013_ROW/image/testcases/libsensor_test/arm/libsensor_test
0	0	TB350FU_S230982_251013_ROW/image/testcases/libsensor_test/arm64/
242872	102562	TB350FU_S230982_251013_ROW/image/testcases/libsensor_test/arm64/libsensor_test
0	0	TB350FU_S230982_251013_ROW/image/testcases/sigma/
0	0	TB350FU_S230982_251013_ROW/image/testcases/sigma/DUTInfo/
0	0	TB350FU_S230982_251013_ROW/image/testcases/sigma/DUTInfo/6625_gen2/
0	0	TB350FU_S230982_251013_ROW/image/testcases/sigma/DUTInfo/6625_gen2/6625_gen2
0	0	TB350FU_S230982_251013_ROW/image/testcases/sigma/DUTInfo/6625_gen2/KRACK/
1702	812	TB350FU_S230982_251013_ROW/image/testcases/sigma/DUTInfo/6625_gen2/KRACK/DUTInfo.txt
0	0	TB350FU_S230982_251013_ROW/image/testcases/sigma/DUTInfo/6625_gen2/Miracast/
3771	1252	TB350FU_S230982_251013_ROW/image/testcases/sigma/DUTInfo/6625_gen2/Miracast/DUTInfo.txt
0	0	TB350FU_S230982_251013_ROW/image/testcases/sigma/DUTInfo/6625_gen2/P2P/
2337	905	TB350FU_S230982_251013_ROW/image/testcases/sigma/DUTInfo/6625_gen2/P2P/DUTInfo.txt
0	0	TB350FU_S230982_251013_ROW/image/testcases/sigma/DUTInfo/6625_gen2/TDLS_STA/
603	287	TB350FU_S230982_251013_ROW/image/testcases/sigma/DUTInfo/6625_gen2/TDLS_STA/DUTInfo.txt
0	0	TB350FU_S230982_251013_ROW/image/testcases/sigma/DUTInfo/6625_gen2/TGn_AP/
2254	979	TB350FU_S230982_251013_ROW/image/testcases/sigma/DUTInfo/6625_gen2/TGn_AP/DUTInfo_2G.txt
2254	979	TB350FU_S230982_251013_ROW/image/testcases/sigma/DUTInfo/6625_gen2/TGn_AP/DUTInfo_5G.txt
0	0	TB350FU_S230982_251013_ROW/image/testcases/sigma/DUTInfo/6625_gen2/TGn_STA/
2256	978	TB350FU_S230982_251013_ROW/image/testcases/sigma/DUTInfo/6625_gen2/TGn_STA/DUTInfo_2G.txt
2256	979	TB350FU_S230982_251013_ROW/image/testcases/sigma/DUTInfo/6625_gen2/TGn_STA/DUTInfo_5G.txt
0	0	TB350FU_S230982_251013_ROW/image/testcases/sigma/DUTInfo/6625_gen2/VoE_STA/
715	359	TB350FU_S230982_251013_ROW/image/testcases/sigma/DUTInfo/6625_gen2/VoE_STA/DUTInfo.txt
0	0	TB350FU_S230982_251013_ROW/image/testcases/sigma/DUTInfo/6625_gen2/WMMAC_STA/
1418	625	TB350FU_S230982_251013_ROW/image/testcases/sigma/DUTInfo/6625_gen2/WMMAC_STA/DUTInfo.txt
0	0	TB350FU_S230982_251013_ROW/image/testcases/sigma/DUTInfo/6625_gen2/WMMPS_AP/
1419	625	TB350FU_S230982_251013_ROW/image/testcases/sigma/DUTInfo/6625_gen2/WMMPS_AP/DUTInfo.txt
0	0	TB350FU_S230982_251013_ROW/image/testcases/sigma/DUTInfo/6625_gen2/WMMPS_STA/
1419	627	TB350FU_S230982_251013_ROW/image/testcases/sigma/DUTInfo/6625_gen2/WMMPS_STA/DUTInfo.txt
0	0	TB350FU_S230982_251013_ROW/image/testcases/sigma/DUTInfo/6625_gen2/WPA2_security_Improvement_AP/
2427	1137	TB350FU_S230982_251013_ROW/image/testcases/sigma/DUTInfo/6625_gen2/WPA2_security_Improvement_AP/DUTInfo.txt
0	0	TB350FU_S230982_251013_ROW/image/testcases/sigma/DUTInfo/6625_gen2/WPA2_security_Improvement_STA/
2429	1149	TB350FU_S230982_251013_ROW/image/testcases/sigma/DUTInfo/6625_gen2/WPA2_security_Improvement_STA/DUTInfo_Security.txt
0	0	TB350FU_S230982_251013_ROW/image/testcases/sigma/DUTInfo/6625_gen2/WPA3_SAE_AP/
2639	1166	TB350FU_S230982_251013_ROW/image/testcases/sigma/DUTInfo/6625_gen2/WPA3_SAE_AP/DUTInfo_SAE.txt
3341	1447	TB350FU_S230982_251013_ROW/image/testcases/sigma/DUTInfo/6625_gen2/WPA3_SAE_AP/DUTInfo_SAE_R3.txt
0	0	TB350FU_S230982_251013_ROW/image/testcases/sigma/DUTInfo/6625_gen2/WPA3_SAE_STA/
2730	1187	TB350FU_S230982_251013_ROW/image/testcases/sigma/DUTInfo/6625_gen2/WPA3_SAE_STA/DUTInfo_SAE.txt
3282	1411	TB350FU_S230982_251013_ROW/image/testcases/sigma/DUTInfo/6625_gen2/WPA3_SAE_STA/DUTInfo_SAE_R3.txt
0	0	TB350FU_S230982_251013_ROW/image/testcases/sigma/DUTInfo/6625_gen2/WPA3_WPA2_Ent_PMF/
2810	1190	TB350FU_S230982_251013_ROW/image/testcases/sigma/DUTInfo/6625_gen2/WPA3_WPA2_Ent_PMF/DUTInfo_SCV.txt
0	0	TB350FU_S230982_251013_ROW/image/testcases/sigma/DUTInfo/6631_gen3/
0	0	TB350FU_S230982_251013_ROW/image/testcases/sigma/DUTInfo/6631_gen3/6631_gen3
0	0	TB350FU_S230982_251013_ROW/image/testcases/sigma/DUTInfo/6631_gen3/KRACK/
1700	812	TB350FU_S230982_251013_ROW/image/testcases/sigma/DUTInfo/6631_gen3/KRACK/DUTInfo.txt
0	0	TB350FU_S230982_251013_ROW/image/testcases/sigma/DUTInfo/6631_gen3/Miracast/
3771	1252	TB350FU_S230982_251013_ROW/image/testcases/sigma/DUTInfo/6631_gen3/Miracast/DUTInfo.txt
0	0	TB350FU_S230982_251013_ROW/image/testcases/sigma/DUTInfo/6631_gen3/P2P/
2181	827	TB350FU_S230982_251013_ROW/image/testcases/sigma/DUTInfo/6631_gen3/P2P/DUTInfo.txt
0	0	TB350FU_S230982_251013_ROW/image/testcases/sigma/DUTInfo/6631_gen3/PMF_STA/
1117	517	TB350FU_S230982_251013_ROW/image/testcases/sigma/DUTInfo/6631_gen3/PMF_STA/DUTInfo.txt
0	0	TB350FU_S230982_251013_ROW/image/testcases/sigma/DUTInfo/6631_gen3/TDLS_STA/
603	285	TB350FU_S230982_251013_ROW/image/testcases/sigma/DUTInfo/6631_gen3/TDLS_STA/DUTInfo.txt
0	0	TB350FU_S230982_251013_ROW/image/testcases/sigma/DUTInfo/6631_gen3/TGac_STA/
4253	1525	TB350FU_S230982_251013_ROW/image/testcases/sigma/DUTInfo/6631_gen3/TGac_STA/DUTInfo_acR2.txt
0	0	TB350FU_S230982_251013_ROW/image/testcases/sigma/DUTInfo/6631_gen3/TGn_AP/
2254	979	TB350FU_S230982_251013_ROW/image/testcases/sigma/DUTInfo/6631_gen3/TGn_AP/DUTInfo_2.4G.txt
2254	979	TB350FU_S230982_251013_ROW/image/testcases/sigma/DUTInfo/6631_gen3/TGn_AP/DUTInfo_5G.txt
0	0	TB350FU_S230982_251013_ROW/image/testcases/sigma/DUTInfo/6631_gen3/TGn_STA/
2256	979	TB350FU_S230982_251013_ROW/image/testcases/sigma/DUTInfo/6631_gen3/TGn_STA/DUTInfo_2.4G.txt
2256	980	TB350FU_S230982_251013_ROW/image/testcases/sigma/DUTInfo/6631_gen3/TGn_STA/DUTInfo_5G.txt
0	0	TB350FU_S230982_251013_ROW/image/testcases/sigma/DUTInfo/6631_gen3/VoE_STA/
715	361	TB350FU_S230982_251013_ROW/image/testcases/sigma/DUTInfo/6631_gen3/VoE_STA/DUTInfo.txt
0	0	TB350FU_S230982_251013_ROW/image/testcases/sigma/DUTInfo/6631_gen3/WMMAC_STA/
1419	627	TB350FU_S230982_251013_ROW/image/testcases/sigma/DUTInfo/6631_gen3/WMMAC_STA/DUTInfo.txt
0	0	TB350FU_S230982_251013_ROW/image/testcases/sigma/DUTInfo/6631_gen3/WMMPS_AP/
1419	625	TB350FU_S230982_251013_ROW/image/testcases/sigma/DUTInfo/6631_gen3/WMMPS_AP/DUTInfo.txt
0	0	TB350FU_S230982_251013_ROW/image/testcases/sigma/DUTInfo/6631_gen3/WMMPS_STA/
1419	627	TB350FU_S230982_251013_ROW/image/testcases/sigma/DUTInfo/6631_gen3/WMMPS_STA/DUTInfo.txt
0	0	TB350FU_S230982_251013_ROW/image/testcases/sigma/DUTInfo/6631_gen3/WPA2_security_Improvement_AP/
2354	1105	TB350FU_S230982_251013_ROW/image/testcases/sigma/DUTInfo/6631_gen3/WPA2_security_Improvement_AP/DUTInfo.txt
0	0	TB350FU_S230982_251013_ROW/image/testcases/sigma/DUTInfo/6631_gen3/WPA2_security_Improvement_STA/
2354	1116	TB350FU_S230982_251013_ROW/image/testcases/sigma/DUTInfo/6631_gen3/WPA2_security_Improvement_STA/DUTInfo_Security.txt
0	0	TB350FU_S230982_251013_ROW/image/testcases/sigma/DUTInfo/6631_gen3/WPA3_SAE_STA/
2728	1187	TB350FU_S230982_251013_ROW/image/testcases/sigma/DUTInfo/6631_gen3/WPA3_SAE_STA/DUTInfo_SAE.txt
0	0	TB350FU_S230982_251013_ROW/image/testcases/sigma/DUTInfo/6631_gen3/WPA3_WPA2_Ent_PMF/
2810	1190	TB350FU_S230982_251013_ROW/image/testcases/sigma/DUTInfo/6631_gen3/WPA3_WPA2_Ent_PMF/DUTInfo_SCV.txt
0	0	TB350FU_S230982_251013_ROW/image/testcases/sigma/DUTInfo/6631_gen4m/
0	0	TB350FU_S230982_251013_ROW/image/testcases/sigma/DUTInfo/6631_gen4m/6631_gen4m
0	0	TB350FU_S230982_251013_ROW/image/testcases/sigma/DUTInfo/6631_gen4m/FFD/
1619	820	TB350FU_S230982_251013_ROW/image/testcases/sigma/DUTInfo/6631_gen4m/FFD/DUTInfo_FFD.TXT
0	0	TB350FU_S230982_251013_ROW/image/testcases/sigma/DUTInfo/6631_gen4m/KRACK/
1700	812	TB350FU_S230982_251013_ROW/image/testcases/sigma/DUTInfo/6631_gen4m/KRACK/DUTInfo.txt
0	0	TB350FU_S230982_251013_ROW/image/testcases/sigma/DUTInfo/6631_gen4m/MBO_STA/
2858	1302	TB350FU_S230982_251013_ROW/image/testcases/sigma/DUTInfo/6631_gen4m/MBO_STA/DUTInfo.txt
0	0	TB350FU_S230982_251013_ROW/image/testcases/sigma/DUTInfo/6631_gen4m/OCE_STA/
1999	690	TB350FU_S230982_251013_ROW/image/testcases/sigma/DUTInfo/6631_gen4m/OCE_STA/DUTInfo.txt
0	0	TB350FU_S230982_251013_ROW/image/testcases/sigma/DUTInfo/6631_gen4m/OWE_STA/
2193	991	TB350FU_S230982_251013_ROW/image/testcases/sigma/DUTInfo/6631_gen4m/OWE_STA/DUTInfo.txt
0	0	TB350FU_S230982_251013_ROW/image/testcases/sigma/DUTInfo/6631_gen4m/P2P/
2414	909	TB350FU_S230982_251013_ROW/image/testcases/sigma/DUTInfo/6631_gen4m/P2P/DUTInfo.txt
0	0	TB350FU_S230982_251013_ROW/image/testcases/sigma/DUTInfo/6631_gen4m/Passpoint_STA/
1918	695	TB350FU_S230982_251013_ROW/image/testcases/sigma/DUTInfo/6631_gen4m/Passpoint_STA/DUTInfo.txt
0	0	TB350FU_S230982_251013_ROW/image/testcases/sigma/DUTInfo/6631_gen4m/PMF_AP/
1117	519	TB350FU_S230982_251013_ROW/image/testcases/sigma/DUTInfo/6631_gen4m/PMF_AP/DUTInfo.txt
0	0	TB350FU_S230982_251013_ROW/image/testcases/sigma/DUTInfo/6631_gen4m/PMF_STA/
1119	517	TB350FU_S230982_251013_ROW/image/testcases/sigma/DUTInfo/6631_gen4m/PMF_STA/DUTInfo.txt
0	0	TB350FU_S230982_251013_ROW/image/testcases/sigma/DUTInfo/6631_gen4m/TDLS_STA/
603	285	TB350FU_S230982_251013_ROW/image/testcases/sigma/DUTInfo/6631_gen4m/TDLS_STA/DUTInfo.txt
0	0	TB350FU_S230982_251013_ROW/image/testcases/sigma/DUTInfo/6631_gen4m/TGac_AP/
4278	1543	TB350FU_S230982_251013_ROW/image/testcases/sigma/DUTInfo/6631_gen4m/TGac_AP/DUTInfo_acR2_1SS.txt
0	0	TB350FU_S230982_251013_ROW/image/testcases/sigma/DUTInfo/6631_gen4m/TGac_STA/
4276	1541	TB350FU_S230982_251013_ROW/image/testcases/sigma/DUTInfo/6631_gen4m/TGac_STA/DUTInfo_acR2_1SS.txt
0	0	TB350FU_S230982_251013_ROW/image/testcases/sigma/DUTInfo/6631_gen4m/TGn_AP/
2254	979	TB350FU_S230982_251013_ROW/image/testcases/sigma/DUTInfo/6631_gen4m/TGn_AP/DUTInfo_2.4G.txt
2254	980	TB350FU_S230982_251013_ROW/image/testcases/sigma/DUTInfo/6631_gen4m/TGn_AP/DUTInfo_5G.txt
0	0	TB350FU_S230982_251013_ROW/image/testcases/sigma/DUTInfo/6631_gen4m/TGn_STA/
2256	980	TB350FU_S230982_251013_ROW/image/testcases/sigma/DUTInfo/6631_gen4m/TGn_STA/DUTInfo_2.4G.txt
2256	979	TB350FU_S230982_251013_ROW/image/testcases/sigma/DUTInfo/6631_gen4m/TGn_STA/DUTInfo_5G.txt
0	0	TB350FU_S230982_251013_ROW/image/testcases/sigma/DUTInfo/6631_gen4m/VoE_STA/
715	361	TB350FU_S230982_251013_ROW/image/testcases/sigma/DUTInfo/6631_gen4m/VoE_STA/DUTInfo.txt
0	0	TB350FU_S230982_251013_ROW/image/testcases/sigma/DUTInfo/6631_gen4m/WMMAC_STA/
1419	627	TB350FU_S230982_251013_ROW/image/testcases/sigma/DUTInfo/6631_gen4m/WMMAC_STA/DUTInfo.txt
0	0	TB350FU_S230982_251013_ROW/image/testcases/sigma/DUTInfo/6631_gen4m/WMMPS_AP/
1419	625	TB350FU_S230982_251013_ROW/image/testcases/sigma/DUTInfo/6631_gen4m/WMMPS_AP/DUTInfo.txt
0	0	TB350FU_S230982_251013_ROW/image/testcases/sigma/DUTInfo/6631_gen4m/WMMPS_STA/
1419	625	TB350FU_S230982_251013_ROW/image/testcases/sigma/DUTInfo/6631_gen4m/WMMPS_STA/DUTInfo.txt
0	0	TB350FU_S230982_251013_ROW/image/testcases/sigma/DUTInfo/6631_gen4m/WPA2_security_Improvement_AP/
2425	1136	TB350FU_S230982_251013_ROW/image/testcases/sigma/DUTInfo/6631_gen4m/WPA2_security_Improvement_AP/DUTInfo.txt
0	0	TB350FU_S230982_251013_ROW/image/testcases/sigma/DUTInfo/6631_gen4m/WPA2_security_Improvement_STA/
2427	1149	TB350FU_S230982_251013_ROW/image/testcases/sigma/DUTInfo/6631_gen4m/WPA2_security_Improvement_STA/DUTInfo_Security.txt
0	0	TB350FU_S230982_251013_ROW/image/testcases/sigma/DUTInfo/6631_gen4m/WPA3_SAE_AP/
2639	1164	TB350FU_S230982_251013_ROW/image/testcases/sigma/DUTInfo/6631_gen4m/WPA3_SAE_AP/DUTInfo_SAE.txt
3341	1448	TB350FU_S230982_251013_ROW/image/testcases/sigma/DUTInfo/6631_gen4m/WPA3_SAE_AP/DUTInfo_SAE_R3.txt
0	0	TB350FU_S230982_251013_ROW/image/testcases/sigma/DUTInfo/6631_gen4m/WPA3_SAE_STA/
2911	1280	TB350FU_S230982_251013_ROW/image/testcases/sigma/DUTInfo/6631_gen4m/WPA3_SAE_STA/DUTInfo_SAE.txt
3282	1411	TB350FU_S230982_251013_ROW/image/testcases/sigma/DUTInfo/6631_gen4m/WPA3_SAE_STA/DUTInfo_SAE_R3.txt
0	0	TB350FU_S230982_251013_ROW/image/testcases/sigma/DUTInfo/6631_gen4m/WPA3_WPA2_Ent_PMF/
2810	1190	TB350FU_S230982_251013_ROW/image/testcases/sigma/DUTInfo/6631_gen4m/WPA3_WPA2_Ent_PMF/DUTInfo_SCV.txt
0	0	TB350FU_S230982_251013_ROW/image/testcases/sigma/DUTInfo/6635_gen4m/
0	0	TB350FU_S230982_251013_ROW/image/testcases/sigma/DUTInfo/6635_gen4m/6635_gen4m
0	0	TB350FU_S230982_251013_ROW/image/testcases/sigma/DUTInfo/6635_gen4m/FFD/
1619	820	TB350FU_S230982_251013_ROW/image/testcases/sigma/DUTInfo/6635_gen4m/FFD/DUTInfo_FFD.TXT
0	0	TB350FU_S230982_251013_ROW/image/testcases/sigma/DUTInfo/6635_gen4m/KRACK/
1700	812	TB350FU_S230982_251013_ROW/image/testcases/sigma/DUTInfo/6635_gen4m/KRACK/DUTInfo.txt
0	0	TB350FU_S230982_251013_ROW/image/testcases/sigma/DUTInfo/6635_gen4m/MBO_STA/
2858	1302	TB350FU_S230982_251013_ROW/image/testcases/sigma/DUTInfo/6635_gen4m/MBO_STA/DUTInfo.txt
0	0	TB350FU_S230982_251013_ROW/image/testcases/sigma/DUTInfo/6635_gen4m/OCE_STA/
1999	690	TB350FU_S230982_251013_ROW/image/testcases/sigma/DUTInfo/6635_gen4m/OCE_STA/DUTInfo.txt
0	0	TB350FU_S230982_251013_ROW/image/testcases/sigma/DUTInfo/6635_gen4m/OWE_STA/
2193	991	TB350FU_S230982_251013_ROW/image/testcases/sigma/DUTInfo/6635_gen4m/OWE_STA/DUTInfo.txt
0	0	TB350FU_S230982_251013_ROW/image/testcases/sigma/DUTInfo/6635_gen4m/P2P/
2414	909	TB350FU_S230982_251013_ROW/image/testcases/sigma/DUTInfo/6635_gen4m/P2P/DUTInfo.txt
0	0	TB350FU_S230982_251013_ROW/image/testcases/sigma/DUTInfo/6635_gen4m/Passpoint_STA/
1918	695	TB350FU_S230982_251013_ROW/image/testcases/sigma/DUTInfo/6635_gen4m/Passpoint_STA/DUTInfo.txt
0	0	TB350FU_S230982_251013_ROW/image/testcases/sigma/DUTInfo/6635_gen4m/PMF_AP/
1117	519	TB350FU_S230982_251013_ROW/image/testcases/sigma/DUTInfo/6635_gen4m/PMF_AP/DUTInfo.txt
0	0	TB350FU_S230982_251013_ROW/image/testcases/sigma/DUTInfo/6635_gen4m/PMF_STA/
1119	517	TB350FU_S230982_251013_ROW/image/testcases/sigma/DUTInfo/6635_gen4m/PMF_STA/DUTInfo.txt
0	0	TB350FU_S230982_251013_ROW/image/testcases/sigma/DUTInfo/6635_gen4m/TDLS_STA/
603	285	TB350FU_S230982_251013_ROW/image/testcases/sigma/DUTInfo/6635_gen4m/TDLS_STA/DUTInfo.txt
0	0	TB350FU_S230982_251013_ROW/image/testcases/sigma/DUTInfo/6635_gen4m/TGac_AP/
4272	1538	TB350FU_S230982_251013_ROW/image/testcases/sigma/DUTInfo/6635_gen4m/TGac_AP/DUTInfo_1x1.txt
4272	1538	TB350FU_S230982_251013_ROW/image/testcases/sigma/DUTInfo/6635_gen4m/TGac_AP/DUTInfo_2x2.txt
0	0	TB350FU_S230982_251013_ROW/image/testcases/sigma/DUTInfo/6635_gen4m/TGac_STA/
4276	1540	TB350FU_S230982_251013_ROW/image/testcases/sigma/DUTInfo/6635_gen4m/TGac_STA/DUTInfo_1x1.txt
4276	1540	TB350FU_S230982_251013_ROW/image/testcases/sigma/DUTInfo/6635_gen4m/TGac_STA/DUTInfo_2x2.txt
0	0	TB350FU_S230982_251013_ROW/image/testcases/sigma/DUTInfo/6635_gen4m/TGn_AP/
2254	979	TB350FU_S230982_251013_ROW/image/testcases/sigma/DUTInfo/6635_gen4m/TGn_AP/DUTInfo_2.4G_1x1.txt
2256	981	TB350FU_S230982_251013_ROW/image/testcases/sigma/DUTInfo/6635_gen4m/TGn_AP/DUTInfo_2.4G_2x2.txt
2254	980	TB350FU_S230982_251013_ROW/image/testcases/sigma/DUTInfo/6635_gen4m/TGn_AP/DUTInfo_5G_1x1.txt
2256	982	TB350FU_S230982_251013_ROW/image/testcases/sigma/DUTInfo/6635_gen4m/TGn_AP/DUTInfo_5G_2x2.txt
0	0	TB350FU_S230982_251013_ROW/image/testcases/sigma/DUTInfo/6635_gen4m/TGn_STA/
2256	980	TB350FU_S230982_251013_ROW/image/testcases/sigma/DUTInfo/6635_gen4m/TGn_STA/DUTInfo_2.4G.txt
2256	980	TB350FU_S230982_251013_ROW/image/testcases/sigma/DUTInfo/6635_gen4m/TGn_STA/DUTInfo_5G.txt
0	0	TB350FU_S230982_251013_ROW/image/testcases/sigma/DUTInfo/6635_gen4m/VoE_STA/
715	361	TB350FU_S230982_251013_ROW/image/testcases/sigma/DUTInfo/6635_gen4m/VoE_STA/DUTInfo.txt
0	0	TB350FU_S230982_251013_ROW/image/testcases/sigma/DUTInfo/6635_gen4m/WiFi6_AP/
7181	2012	TB350FU_S230982_251013_ROW/image/testcases/sigma/DUTInfo/6635_gen4m/WiFi6_AP/DUTInfo.txt
0	0	TB350FU_S230982_251013_ROW/image/testcases/sigma/DUTInfo/6635_gen4m/WiFi6_STA/
7185	2019	TB350FU_S230982_251013_ROW/image/testcases/sigma/DUTInfo/6635_gen4m/WiFi6_STA/DUTInfo.txt
0	0	TB350FU_S230982_251013_ROW/image/testcases/sigma/DUTInfo/6635_gen4m/WMMAC_STA/
1419	627	TB350FU_S230982_251013_ROW/image/testcases/sigma/DUTInfo/6635_gen4m/WMMAC_STA/DUTInfo.txt
0	0	TB350FU_S230982_251013_ROW/image/testcases/sigma/DUTInfo/6635_gen4m/WMMPS_AP/
1419	625	TB350FU_S230982_251013_ROW/image/testcases/sigma/DUTInfo/6635_gen4m/WMMPS_AP/DUTInfo.txt
0	0	TB350FU_S230982_251013_ROW/image/testcases/sigma/DUTInfo/6635_gen4m/WMMPS_STA/
1419	626	TB350FU_S230982_251013_ROW/image/testcases/sigma/DUTInfo/6635_gen4m/WMMPS_STA/DUTInfo.txt
0	0	TB350FU_S230982_251013_ROW/image/testcases/sigma/DUTInfo/6635_gen4m/WPA2_security_Improvement_AP/
2425	1136	TB350FU_S230982_251013_ROW/image/testcases/sigma/DUTInfo/6635_gen4m/WPA2_security_Improvement_AP/DUTInfo.txt
0	0	TB350FU_S230982_251013_ROW/image/testcases/sigma/DUTInfo/6635_gen4m/WPA2_security_Improvement_STA/
2427	1149	TB350FU_S230982_251013_ROW/image/testcases/sigma/DUTInfo/6635_gen4m/WPA2_security_Improvement_STA/DUTInfo_Security.txt
0	0	TB350FU_S230982_251013_ROW/image/testcases/sigma/DUTInfo/6635_gen4m/WPA3_SAE_AP/
2639	1164	TB350FU_S230982_251013_ROW/image/testcases/sigma/DUTInfo/6635_gen4m/WPA3_SAE_AP/DUTInfo_SAE.txt
3341	1448	TB350FU_S230982_251013_ROW/image/testcases/sigma/DUTInfo/6635_gen4m/WPA3_SAE_AP/DUTInfo_SAE_R3.txt
0	0	TB350FU_S230982_251013_ROW/image/testcases/sigma/DUTInfo/6635_gen4m/WPA3_SAE_STA/
2911	1280	TB350FU_S230982_251013_ROW/image/testcases/sigma/DUTInfo/6635_gen4m/WPA3_SAE_STA/DUTInfo_SAE.txt
3282	1411	TB350FU_S230982_251013_ROW/image/testcases/sigma/DUTInfo/6635_gen4m/WPA3_SAE_STA/DUTInfo_SAE_R3.txt
0	0	TB350FU_S230982_251013_ROW/image/testcases/sigma/DUTInfo/6635_gen4m/WPA3_WPA2_Ent_PMF/
2810	1190	TB350FU_S230982_251013_ROW/image/testcases/sigma/DUTInfo/6635_gen4m/WPA3_WPA2_Ent_PMF/DUTInfo_SCV.txt
0	0	TB350FU_S230982_251013_ROW/image/testcases/sigma/DUTInfo/6637_gen4m/
0	0	TB350FU_S230982_251013_ROW/image/testcases/sigma/DUTInfo/6637_gen4m/6637_gen4m
0	0	TB350FU_S230982_251013_ROW/image/testcases/sigma/DUTInfo/6637_gen4m/FFD/
1619	820	TB350FU_S230982_251013_ROW/image/testcases/sigma/DUTInfo/6637_gen4m/FFD/DUTInfo_FFD.TXT
0	0	TB350FU_S230982_251013_ROW/image/testcases/sigma/DUTInfo/6637_gen4m/KRACK/
1700	812	TB350FU_S230982_251013_ROW/image/testcases/sigma/DUTInfo/6637_gen4m/KRACK/DUTInfo.txt
0	0	TB350FU_S230982_251013_ROW/image/testcases/sigma/DUTInfo/6637_gen4m/MBO_STA/
2858	1302	TB350FU_S230982_251013_ROW/image/testcases/sigma/DUTInfo/6637_gen4m/MBO_STA/DUTInfo.txt
0	0	TB350FU_S230982_251013_ROW/image/testcases/sigma/DUTInfo/6637_gen4m/NAN/
1311	617	TB350FU_S230982_251013_ROW/image/testcases/sigma/DUTInfo/6637_gen4m/NAN/DUTInfo_R1.txt
1444	622	TB350FU_S230982_251013_ROW/image/testcases/sigma/DUTInfo/6637_gen4m/NAN/DUTInfo_R2.txt
1473	634	TB350FU_S230982_251013_ROW/image/testcases/sigma/DUTInfo/6637_gen4m/NAN/DUTInfo_R3.txt
103	83	TB350FU_S230982_251013_ROW/image/testcases/sigma/DUTInfo/6637_gen4m/NAN/ReadMe.txt
0	0	TB350FU_S230982_251013_ROW/image/testcases/sigma/DUTInfo/6637_gen4m/OCE_STA/
1999	690	TB350FU_S230982_251013_ROW/image/testcases/sigma/DUTInfo/6637_gen4m/OCE_STA/DUTInfo.txt
0	0	TB350FU_S230982_251013_ROW/image/testcases/sigma/DUTInfo/6637_gen4m/OWE_AP/
2193	991	TB350FU_S230982_251013_ROW/image/testcases/sigma/DUTInfo/6637_gen4m/OWE_AP/DUTInfo.txt
0	0	TB350FU_S230982_251013_ROW/image/testcases/sigma/DUTInfo/6637_gen4m/OWE_STA/
2193	991	TB350FU_S230982_251013_ROW/image/testcases/sigma/DUTInfo/6637_gen4m/OWE_STA/DUTInfo.txt
0	0	TB350FU_S230982_251013_ROW/image/testcases/sigma/DUTInfo/6637_gen4m/P2P/
2414	909	TB350FU_S230982_251013_ROW/image/testcases/sigma/DUTInfo/6637_gen4m/P2P/DUTInfo.txt
0	0	TB350FU_S230982_251013_ROW/image/testcases/sigma/DUTInfo/6637_gen4m/Passpoint_STA/
1918	695	TB350FU_S230982_251013_ROW/image/testcases/sigma/DUTInfo/6637_gen4m/Passpoint_STA/DUTInfo.txt
0	0	TB350FU_S230982_251013_ROW/image/testcases/sigma/DUTInfo/6637_gen4m/PMF_AP/
1117	519	TB350FU_S230982_251013_ROW/image/testcases/sigma/DUTInfo/6637_gen4m/PMF_AP/DUTInfo.txt
0	0	TB350FU_S230982_251013_ROW/image/testcases/sigma/DUTInfo/6637_gen4m/PMF_STA/
1119	517	TB350FU_S230982_251013_ROW/image/testcases/sigma/DUTInfo/6637_gen4m/PMF_STA/DUTInfo.txt
0	0	TB350FU_S230982_251013_ROW/image/testcases/sigma/DUTInfo/6637_gen4m/TDLS_STA/
603	285	TB350FU_S230982_251013_ROW/image/testcases/sigma/DUTInfo/6637_gen4m/TDLS_STA/DUTInfo.txt
0	0	TB350FU_S230982_251013_ROW/image/testcases/sigma/DUTInfo/6637_gen4m/TGac_AP/
4272	1539	TB350FU_S230982_251013_ROW/image/testcases/sigma/DUTInfo/6637_gen4m/TGac_AP/DUTInfo_1x1.txt
4272	1539	TB350FU_S230982_251013_ROW/image/testcases/sigma/DUTInfo/6637_gen4m/TGac_AP/DUTInfo_2x2.txt
0	0	TB350FU_S230982_251013_ROW/image/testcases/sigma/DUTInfo/6637_gen4m/TGac_STA/
4270	1536	TB350FU_S230982_251013_ROW/image/testcases/sigma/DUTInfo/6637_gen4m/TGac_STA/DUTInfo_1x1.txt
4270	1535	TB350FU_S230982_251013_ROW/image/testcases/sigma/DUTInfo/6637_gen4m/TGac_STA/DUTInfo_2x2.txt
0	0	TB350FU_S230982_251013_ROW/image/testcases/sigma/DUTInfo/6637_gen4m/TGn_AP/
2254	979	TB350FU_S230982_251013_ROW/image/testcases/sigma/DUTInfo/6637_gen4m/TGn_AP/DUTInfo_2.4G_1x1.txt
2256	981	TB350FU_S230982_251013_ROW/image/testcases/sigma/DUTInfo/6637_gen4m/TGn_AP/DUTInfo_2.4G_2x2.txt
2254	980	TB350FU_S230982_251013_ROW/image/testcases/sigma/DUTInfo/6637_gen4m/TGn_AP/DUTInfo_5G_1x1.txt
2256	982	TB350FU_S230982_251013_ROW/image/testcases/sigma/DUTInfo/6637_gen4m/TGn_AP/DUTInfo_5G_2x2.txt
0	0	TB350FU_S230982_251013_ROW/image/testcases/sigma/DUTInfo/6637_gen4m/TGn_STA/
2256	980	TB350FU_S230982_251013_ROW/image/testcases/sigma/DUTInfo/6637_gen4m/TGn_STA/DUTInfo_2.4G.txt
2256	980	TB350FU_S230982_251013_ROW/image/testcases/sigma/DUTInfo/6637_gen4m/TGn_STA/DUTInfo_5G.txt
0	0	TB350FU_S230982_251013_ROW/image/testcases/sigma/DUTInfo/6637_gen4m/VoE_STA/
715	361	TB350FU_S230982_251013_ROW/image/testcases/sigma/DUTInfo/6637_gen4m/VoE_STA/DUTInfo.txt
0	0	TB350FU_S230982_251013_ROW/image/testcases/sigma/DUTInfo/6637_gen4m/WiFi6_AP/
7182	2011	TB350FU_S230982_251013_ROW/image/testcases/sigma/DUTInfo/6637_gen4m/WiFi6_AP/DUTInfo.txt
4677	1569	TB350FU_S230982_251013_ROW/image/testcases/sigma/DUTInfo/6637_gen4m/WiFi6_AP/DUTInfo_6G.txt
0	0	TB350FU_S230982_251013_ROW/image/testcases/sigma/DUTInfo/6637_gen4m/WiFi6_STA/
7184	2017	TB350FU_S230982_251013_ROW/image/testcases/sigma/DUTInfo/6637_gen4m/WiFi6_STA/DUTInfo.txt
4679	1574	TB350FU_S230982_251013_ROW/image/testcases/sigma/DUTInfo/6637_gen4m/WiFi6_STA/DUTInfo_6G.txt
0	0	TB350FU_S230982_251013_ROW/image/testcases/sigma/DUTInfo/6637_gen4m/WMMAC_STA/
1419	627	TB350FU_S230982_251013_ROW/image/testcases/sigma/DUTInfo/6637_gen4m/WMMAC_STA/DUTInfo.txt
0	0	TB350FU_S230982_251013_ROW/image/testcases/sigma/DUTInfo/6637_gen4m/WMMPS_AP/
1419	625	TB350FU_S230982_251013_ROW/image/testcases/sigma/DUTInfo/6637_gen4m/WMMPS_AP/DUTInfo.txt
0	0	TB350FU_S230982_251013_ROW/image/testcases/sigma/DUTInfo/6637_gen4m/WMMPS_STA/
1419	626	TB350FU_S230982_251013_ROW/image/testcases/sigma/DUTInfo/6637_gen4m/WMMPS_STA/DUTInfo.txt
0	0	TB350FU_S230982_251013_ROW/image/testcases/sigma/DUTInfo/6637_gen4m/WPA2_security_Improvement_AP/
2425	1136	TB350FU_S230982_251013_ROW/image/testcases/sigma/DUTInfo/6637_gen4m/WPA2_security_Improvement_AP/DUTInfo.txt
0	0	TB350FU_S230982_251013_ROW/image/testcases/sigma/DUTInfo/6637_gen4m/WPA2_security_Improvement_STA/
2427	1149	TB350FU_S230982_251013_ROW/image/testcases/sigma/DUTInfo/6637_gen4m/WPA2_security_Improvement_STA/DUTInfo_Security.txt
0	0	TB350FU_S230982_251013_ROW/image/testcases/sigma/DUTInfo/6637_gen4m/WPA3_SAE_AP/
2639	1164	TB350FU_S230982_251013_ROW/image/testcases/sigma/DUTInfo/6637_gen4m/WPA3_SAE_AP/DUTInfo_SAE.txt
3341	1448	TB350FU_S230982_251013_ROW/image/testcases/sigma/DUTInfo/6637_gen4m/WPA3_SAE_AP/DUTInfo_SAE_R3.txt
0	0	TB350FU_S230982_251013_ROW/image/testcases/sigma/DUTInfo/6637_gen4m/WPA3_SAE_STA/
2911	1280	TB350FU_S230982_251013_ROW/image/testcases/sigma/DUTInfo/6637_gen4m/WPA3_SAE_STA/DUTInfo_SAE.txt
3282	1411	TB350FU_S230982_251013_ROW/image/testcases/sigma/DUTInfo/6637_gen4m/WPA3_SAE_STA/DUTInfo_SAE_R3.txt
0	0	TB350FU_S230982_251013_ROW/image/testcases/sigma/DUTInfo/6637_gen4m/WPA3_WPA2_Ent_PMF/
2810	1190	TB350FU_S230982_251013_ROW/image/testcases/sigma/DUTInfo/6637_gen4m/WPA3_WPA2_Ent_PMF/DUTInfo_SCV.txt
2719	1085	TB350FU_S230982_251013_ROW/image/testcases/sigma/install_sigma.bat
0	0	TB350FU_S230982_251013_ROW/image/testcases/sigma/log/
247	174	TB350FU_S230982_251013_ROW/image/testcases/sigma/log/logcat.bat
479	217	TB350FU_S230982_251013_ROW/image/testcases/sigma/log/pull.bat
6825	2514	TB350FU_S230982_251013_ROW/image/testcases/sigma/README.md
0	0	TB350FU_S230982_251013_ROW/image/testcases/sigma/scripts/
25557	4127	TB350FU_S230982_251013_ROW/image/testcases/sigma/scripts/capi_test.py
0	0	TB350FU_S230982_251013_ROW/image/testcases/sigma/scripts/CertProgram/
0	0	TB350FU_S230982_251013_ROW/image/testcases/sigma/scripts/CertProgram/AP/
651	332	TB350FU_S230982_251013_ROW/image/testcases/sigma/scripts/CertProgram/AP/callback_for_start.bat
0	0	TB350FU_S230982_251013_ROW/image/testcases/sigma/scripts/CertProgram/AP/test_scripts/
0	0	TB350FU_S230982_251013_ROW/image/testcases/sigma/scripts/CertProgram/AP/test_scripts/WTS-11n/
0	0	TB350FU_S230982_251013_ROW/image/testcases/sigma/scripts/CertProgram/AP/test_scripts/WTS-11n/new/
699	273	TB350FU_S230982_251013_ROW/image/testcases/sigma/scripts/CertProgram/AP/test_scripts/WTS-11n/new/DisplayNames.txt
1502	339	TB350FU_S230982_251013_ROW/image/testcases/sigma/scripts/CertProgram/AP/test_scripts/WTS-11n/new/HT1-APUT-STA1_STA2-60.txt
5645	1915	TB350FU_S230982_251013_ROW/image/testcases/sigma/scripts/CertProgram/AP/test_scripts/WTS-11n/new/init_802.11n.txt
3481	798	TB350FU_S230982_251013_ROW/image/testcases/sigma/scripts/CertProgram/AP/test_scripts/WTS-11n/new/STA-4.2.31.txt
3531	824	TB350FU_S230982_251013_ROW/image/testcases/sigma/scripts/CertProgram/AP/test_scripts/WTS-11n/new/STA-4.2.32.txt
3484	799	TB350FU_S230982_251013_ROW/image/testcases/sigma/scripts/CertProgram/AP/test_scripts/WTS-11n/new/STA-4.2.35.txt
0	0	TB350FU_S230982_251013_ROW/image/testcases/sigma/scripts/CertProgram/AP/test_scripts/WTS-11n/old/
644	257	TB350FU_S230982_251013_ROW/image/testcases/sigma/scripts/CertProgram/AP/test_scripts/WTS-11n/old/DisplayNames.txt
1373	319	TB350FU_S230982_251013_ROW/image/testcases/sigma/scripts/CertProgram/AP/test_scripts/WTS-11n/old/HT1-APUT-STA1_STA2-60.txt
5506	1886	TB350FU_S230982_251013_ROW/image/testcases/sigma/scripts/CertProgram/AP/test_scripts/WTS-11n/old/init_802.11n.txt
3476	788	TB350FU_S230982_251013_ROW/image/testcases/sigma/scripts/CertProgram/AP/test_scripts/WTS-11n/old/STA-4.2.31.txt
3526	814	TB350FU_S230982_251013_ROW/image/testcases/sigma/scripts/CertProgram/AP/test_scripts/WTS-11n/old/STA-4.2.32.txt
3479	789	TB350FU_S230982_251013_ROW/image/testcases/sigma/scripts/CertProgram/AP/test_scripts/WTS-11n/old/STA-4.2.35.txt
0	0	TB350FU_S230982_251013_ROW/image/testcases/sigma/scripts/CertProgram/AP/test_scripts/WTS-VHT/
0	0	TB350FU_S230982_251013_ROW/image/testcases/sigma/scripts/CertProgram/AP/test_scripts/WTS-VHT/new/
927	287	TB350FU_S230982_251013_ROW/image/testcases/sigma/scripts/CertProgram/AP/test_scripts/WTS-VHT/new/DisplayNames.txt
1089	439	TB350FU_S230982_251013_ROW/image/testcases/sigma/scripts/CertProgram/AP/test_scripts/WTS-VHT/new/HT2-AP1-STA2-60-2.txt
1089	438	TB350FU_S230982_251013_ROW/image/testcases/sigma/scripts/CertProgram/AP/test_scripts/WTS-VHT/new/HT2-AP1-STA2-60.txt
6389	2095	TB350FU_S230982_251013_ROW/image/testcases/sigma/scripts/CertProgram/AP/test_scripts/WTS-VHT/new/init_VHT.txt
1852	609	TB350FU_S230982_251013_ROW/image/testcases/sigma/scripts/CertProgram/AP/test_scripts/WTS-VHT/new/STA2-4.2.50.txt
4473	781	TB350FU_S230982_251013_ROW/image/testcases/sigma/scripts/CertProgram/AP/test_scripts/WTS-VHT/new/VHT-4.2.50-7-20.txt
3411	719	TB350FU_S230982_251013_ROW/image/testcases/sigma/scripts/CertProgram/AP/test_scripts/WTS-VHT/new/VHT-4.2.50-7.txt
0	0	TB350FU_S230982_251013_ROW/image/testcases/sigma/scripts/CertProgram/AP/test_scripts/WTS-VHT/old/
872	271	TB350FU_S230982_251013_ROW/image/testcases/sigma/scripts/CertProgram/AP/test_scripts/WTS-VHT/old/DisplayNames.txt
1060	441	TB350FU_S230982_251013_ROW/image/testcases/sigma/scripts/CertProgram/AP/test_scripts/WTS-VHT/old/HT2-AP1-STA2-60-2.txt
1060	439	TB350FU_S230982_251013_ROW/image/testcases/sigma/scripts/CertProgram/AP/test_scripts/WTS-VHT/old/HT2-AP1-STA2-60.txt
6246	2069	TB350FU_S230982_251013_ROW/image/testcases/sigma/scripts/CertProgram/AP/test_scripts/WTS-VHT/old/init_VHT.txt
1845	609	TB350FU_S230982_251013_ROW/image/testcases/sigma/scripts/CertProgram/AP/test_scripts/WTS-VHT/old/STA2-4.2.50.txt
4346	754	TB350FU_S230982_251013_ROW/image/testcases/sigma/scripts/CertProgram/AP/test_scripts/WTS-VHT/old/VHT-4.2.50-7-20.txt
3284	692	TB350FU_S230982_251013_ROW/image/testcases/sigma/scripts/CertProgram/AP/test_scripts/WTS-VHT/old/VHT-4.2.50-7.txt
377	238	TB350FU_S230982_251013_ROW/image/testcases/sigma/scripts/CertProgram/config.txt
0	0	TB350FU_S230982_251013_ROW/image/testcases/sigma/scripts/CertProgram/MBO/
256	138	TB350FU_S230982_251013_ROW/image/testcases/sigma/scripts/CertProgram/MBO/callback_for_install.bat
1440	1046	TB350FU_S230982_251013_ROW/image/testcases/sigma/scripts/CertProgram/MBO/cas.pem
40	40	TB350FU_S230982_251013_ROW/image/testcases/sigma/scripts/CertProgram/MBO/wifi.cfg
1704	1314	TB350FU_S230982_251013_ROW/image/testcases/sigma/scripts/CertProgram/MBO/wifiuser.key
6476	3917	TB350FU_S230982_251013_ROW/image/testcases/sigma/scripts/CertProgram/MBO/wifiuser.pem
0	0	TB350FU_S230982_251013_ROW/image/testcases/sigma/scripts/CertProgram/MBO/wifi_fw.cfg
0	0	TB350FU_S230982_251013_ROW/image/testcases/sigma/scripts/CertProgram/NAN_R1/
366	194	TB350FU_S230982_251013_ROW/image/testcases/sigma/scripts/CertProgram/NAN_R1/callback_for_install.bat
845607	593409	TB350FU_S230982_251013_ROW/image/testcases/sigma/scripts/CertProgram/NAN_R1/NanBleTool.abc
70	58	TB350FU_S230982_251013_ROW/image/testcases/sigma/scripts/CertProgram/NAN_R1/wifi.cfg
0	0	TB350FU_S230982_251013_ROW/image/testcases/sigma/scripts/CertProgram/NAN_R2R3/
366	194	TB350FU_S230982_251013_ROW/image/testcases/sigma/scripts/CertProgram/NAN_R2R3/callback_for_install.bat
845607	593409	TB350FU_S230982_251013_ROW/image/testcases/sigma/scripts/CertProgram/NAN_R2R3/NanBleTool.abc
123	93	TB350FU_S230982_251013_ROW/image/testcases/sigma/scripts/CertProgram/NAN_R2R3/wifi.cfg
0	0	TB350FU_S230982_251013_ROW/image/testcases/sigma/scripts/CertProgram/OCE/
113	110	TB350FU_S230982_251013_ROW/image/testcases/sigma/scripts/CertProgram/OCE/callback_for_install.bat
57	57	TB350FU_S230982_251013_ROW/image/testcases/sigma/scripts/CertProgram/OCE/wifi.cfg
0	0	TB350FU_S230982_251013_ROW/image/testcases/sigma/scripts/CertProgram/P2P/
104	104	TB350FU_S230982_251013_ROW/image/testcases/sigma/scripts/CertProgram/P2P/callback_for_start.bat
48	48	TB350FU_S230982_251013_ROW/image/testcases/sigma/scripts/CertProgram/P2P/wifi.cfg
0	0	TB350FU_S230982_251013_ROW/image/testcases/sigma/scripts/CertProgram/Passpoint/
1021	856	TB350FU_S230982_251013_ROW/image/testcases/sigma/scripts/CertProgram/Passpoint/cacert.pem
2285	574	TB350FU_S230982_251013_ROW/image/testcases/sigma/scripts/CertProgram/Passpoint/callback_for_install.bat
543	300	TB350FU_S230982_251013_ROW/image/testcases/sigma/scripts/CertProgram/Passpoint/callback_for_start.bat
0	0	TB350FU_S230982_251013_ROW/image/testcases/sigma/scripts/CertProgram/Passpoint/Certs/
1437	1049	TB350FU_S230982_251013_ROW/image/testcases/sigma/scripts/CertProgram/Passpoint/Certs/aaa-ca.pem
1939	1411	TB350FU_S230982_251013_ROW/image/testcases/sigma/scripts/CertProgram/Passpoint/Certs/ca.pem
6476	3917	TB350FU_S230982_251013_ROW/image/testcases/sigma/scripts/CertProgram/Passpoint/Certs/IDL-clientcert-cert.pem
6476	3917	TB350FU_S230982_251013_ROW/image/testcases/sigma/scripts/CertProgram/Passpoint/Certs/IDL-clientcert-key.pem
6476	3916	TB350FU_S230982_251013_ROW/image/testcases/sigma/scripts/CertProgram/Passpoint/Certs/IDM-clientcert-cert.pem
6476	3916	TB350FU_S230982_251013_ROW/image/testcases/sigma/scripts/CertProgram/Passpoint/Certs/IDM-clientcert-key.pem
6476	3911	TB350FU_S230982_251013_ROW/image/testcases/sigma/scripts/CertProgram/Passpoint/Certs/IDU-clientcert-cert.pem
6476	3911	TB350FU_S230982_251013_ROW/image/testcases/sigma/scripts/CertProgram/Passpoint/Certs/IDU-clientcert-key.pem
21040	9940	TB350FU_S230982_251013_ROW/image/testcases/sigma/scripts/CertProgram/Passpoint/Certs/osu-ca.pem
1204	485	TB350FU_S230982_251013_ROW/image/testcases/sigma/scripts/CertProgram/Passpoint/devdetail.xml
192	141	TB350FU_S230982_251013_ROW/image/testcases/sigma/scripts/CertProgram/Passpoint/devinfo.xml
895	178	TB350FU_S230982_251013_ROW/image/testcases/sigma/scripts/CertProgram/Passpoint/hosts
7511	1993	TB350FU_S230982_251013_ROW/image/testcases/sigma/scripts/CertProgram/Passpoint/hs20-action.sh
19440	4323	TB350FU_S230982_251013_ROW/image/testcases/sigma/scripts/CertProgram/Passpoint/spp.xsd
0	0	TB350FU_S230982_251013_ROW/image/testcases/sigma/scripts/CertProgram/Passpoint/STAUT-ARUBAOSU/
7674	2551	TB350FU_S230982_251013_ROW/image/testcases/sigma/scripts/CertProgram/Passpoint/STAUT-ARUBAOSU/pps-mo-id1-v1.0-ARU.xml
6981	2405	TB350FU_S230982_251013_ROW/image/testcases/sigma/scripts/CertProgram/Passpoint/STAUT-ARUBAOSU/pps-mo-id10-v1.0-ARU.xml
9747	2745	TB350FU_S230982_251013_ROW/image/testcases/sigma/scripts/CertProgram/Passpoint/STAUT-ARUBAOSU/pps-mo-id11-v1.0-ARU.xml
7072	2441	TB350FU_S230982_251013_ROW/image/testcases/sigma/scripts/CertProgram/Passpoint/STAUT-ARUBAOSU/pps-mo-id12-v1.0-ARU.xml
7645	2569	TB350FU_S230982_251013_ROW/image/testcases/sigma/scripts/CertProgram/Passpoint/STAUT-ARUBAOSU/pps-mo-id13-v1.0-ARU.xml
7643	2563	TB350FU_S230982_251013_ROW/image/testcases/sigma/scripts/CertProgram/Passpoint/STAUT-ARUBAOSU/pps-mo-id14-v1.0-ARU.xml
8253	2666	TB350FU_S230982_251013_ROW/image/testcases/sigma/scripts/CertProgram/Passpoint/STAUT-ARUBAOSU/pps-mo-id15-v1.0-ARU.xml
7872	2602	TB350FU_S230982_251013_ROW/image/testcases/sigma/scripts/CertProgram/Passpoint/STAUT-ARUBAOSU/pps-mo-id16-v1.0-ARU.xml
7374	2482	TB350FU_S230982_251013_ROW/image/testcases/sigma/scripts/CertProgram/Passpoint/STAUT-ARUBAOSU/pps-mo-id17-v1.0-ARU.xml
7664	2548	TB350FU_S230982_251013_ROW/image/testcases/sigma/scripts/CertProgram/Passpoint/STAUT-ARUBAOSU/pps-mo-id2-v1.0-ARU.xml
7114	2464	TB350FU_S230982_251013_ROW/image/testcases/sigma/scripts/CertProgram/Passpoint/STAUT-ARUBAOSU/pps-mo-id20-v1.0-ARU.xml
9171	2713	TB350FU_S230982_251013_ROW/image/testcases/sigma/scripts/CertProgram/Passpoint/STAUT-ARUBAOSU/pps-mo-id21-v1.0-ARU.xml
9184	2725	TB350FU_S230982_251013_ROW/image/testcases/sigma/scripts/CertProgram/Passpoint/STAUT-ARUBAOSU/pps-mo-id22-v1.0-ARU.xml
9171	2716	TB350FU_S230982_251013_ROW/image/testcases/sigma/scripts/CertProgram/Passpoint/STAUT-ARUBAOSU/pps-mo-id23-v1.0-ARU.xml
9171	2715	TB350FU_S230982_251013_ROW/image/testcases/sigma/scripts/CertProgram/Passpoint/STAUT-ARUBAOSU/pps-mo-id24-v1.0-ARU.xml
9319	2725	TB350FU_S230982_251013_ROW/image/testcases/sigma/scripts/CertProgram/Passpoint/STAUT-ARUBAOSU/pps-mo-id25-v1.0-ARU.xml
9599	2598	TB350FU_S230982_251013_ROW/image/testcases/sigma/scripts/CertProgram/Passpoint/STAUT-ARUBAOSU/pps-mo-id26-v1.0-ARU.xml
10804	2791	TB350FU_S230982_251013_ROW/image/testcases/sigma/scripts/CertProgram/Passpoint/STAUT-ARUBAOSU/pps-mo-id27-v1.0-ARU.xml
10614	2773	TB350FU_S230982_251013_ROW/image/testcases/sigma/scripts/CertProgram/Passpoint/STAUT-ARUBAOSU/pps-mo-id28-v1.0-ARU.xml
9139	2647	TB350FU_S230982_251013_ROW/image/testcases/sigma/scripts/CertProgram/Passpoint/STAUT-ARUBAOSU/pps-mo-id29-v1.0-ARU.xml
8243	2684	TB350FU_S230982_251013_ROW/image/testcases/sigma/scripts/CertProgram/Passpoint/STAUT-ARUBAOSU/pps-mo-id3-v1.0-ARU.xml
7641	2547	TB350FU_S230982_251013_ROW/image/testcases/sigma/scripts/CertProgram/Passpoint/STAUT-ARUBAOSU/pps-mo-id30-v1.0-ARU.xml
7631	2542	TB350FU_S230982_251013_ROW/image/testcases/sigma/scripts/CertProgram/Passpoint/STAUT-ARUBAOSU/pps-mo-id31-v1.0-ARU.xml
7631	2543	TB350FU_S230982_251013_ROW/image/testcases/sigma/scripts/CertProgram/Passpoint/STAUT-ARUBAOSU/pps-mo-id32-v1.0-ARU.xml
7641	2548	TB350FU_S230982_251013_ROW/image/testcases/sigma/scripts/CertProgram/Passpoint/STAUT-ARUBAOSU/pps-mo-id33-v1.0-ARU.xml
7641	2547	TB350FU_S230982_251013_ROW/image/testcases/sigma/scripts/CertProgram/Passpoint/STAUT-ARUBAOSU/pps-mo-id34-v1.0-ARU.xml
7641	2547	TB350FU_S230982_251013_ROW/image/testcases/sigma/scripts/CertProgram/Passpoint/STAUT-ARUBAOSU/pps-mo-id35-v1.0-ARU.xml
7596	2538	TB350FU_S230982_251013_ROW/image/testcases/sigma/scripts/CertProgram/Passpoint/STAUT-ARUBAOSU/pps-mo-id4-v1.0-ARU.xml
8022	2619	TB350FU_S230982_251013_ROW/image/testcases/sigma/scripts/CertProgram/Passpoint/STAUT-ARUBAOSU/pps-mo-id5-v1.0-ARU.xml
7011	2501	TB350FU_S230982_251013_ROW/image/testcases/sigma/scripts/CertProgram/Passpoint/STAUT-ARUBAOSU/pps-mo-id6-v1.0-ARU.xml
8584	2696	TB350FU_S230982_251013_ROW/image/testcases/sigma/scripts/CertProgram/Passpoint/STAUT-ARUBAOSU/pps-mo-id7-v1.0-ARU.xml
7870	2586	TB350FU_S230982_251013_ROW/image/testcases/sigma/scripts/CertProgram/Passpoint/STAUT-ARUBAOSU/pps-mo-id8-v1.0-ARU.xml
9815	2798	TB350FU_S230982_251013_ROW/image/testcases/sigma/scripts/CertProgram/Passpoint/STAUT-ARUBAOSU/pps-mo-id9-v1.0-ARU.xml
0	0	TB350FU_S230982_251013_ROW/image/testcases/sigma/scripts/CertProgram/Passpoint/STAUT-RUCKUSOSU/
7408	2535	TB350FU_S230982_251013_ROW/image/testcases/sigma/scripts/CertProgram/Passpoint/STAUT-RUCKUSOSU/pps-mo-id1-v1.0-RKS.xml
6993	2425	TB350FU_S230982_251013_ROW/image/testcases/sigma/scripts/CertProgram/Passpoint/STAUT-RUCKUSOSU/pps-mo-id10-v1.0-RKS.xml
9768	2760	TB350FU_S230982_251013_ROW/image/testcases/sigma/scripts/CertProgram/Passpoint/STAUT-RUCKUSOSU/pps-mo-id11-v1.0-RKS.xml
7084	2458	TB350FU_S230982_251013_ROW/image/testcases/sigma/scripts/CertProgram/Passpoint/STAUT-RUCKUSOSU/pps-mo-id12-v1.0-RKS.xml
7631	2569	TB350FU_S230982_251013_ROW/image/testcases/sigma/scripts/CertProgram/Passpoint/STAUT-RUCKUSOSU/pps-mo-id13-v1.0-RKS.xml
7632	2564	TB350FU_S230982_251013_ROW/image/testcases/sigma/scripts/CertProgram/Passpoint/STAUT-RUCKUSOSU/pps-mo-id14-v1.0-RKS.xml
8269	2682	TB350FU_S230982_251013_ROW/image/testcases/sigma/scripts/CertProgram/Passpoint/STAUT-RUCKUSOSU/pps-mo-id15-v1.0-RKS.xml
7859	2600	TB350FU_S230982_251013_ROW/image/testcases/sigma/scripts/CertProgram/Passpoint/STAUT-RUCKUSOSU/pps-mo-id16-v1.0-RKS.xml
7361	2481	TB350FU_S230982_251013_ROW/image/testcases/sigma/scripts/CertProgram/Passpoint/STAUT-RUCKUSOSU/pps-mo-id17-v1.0-RKS.xml
7675	2566	TB350FU_S230982_251013_ROW/image/testcases/sigma/scripts/CertProgram/Passpoint/STAUT-RUCKUSOSU/pps-mo-id2-v1.0-RKS.xml
7124	2476	TB350FU_S230982_251013_ROW/image/testcases/sigma/scripts/CertProgram/Passpoint/STAUT-RUCKUSOSU/pps-mo-id20-v1.0-RKS.xml
9181	2729	TB350FU_S230982_251013_ROW/image/testcases/sigma/scripts/CertProgram/Passpoint/STAUT-RUCKUSOSU/pps-mo-id21-v1.0-RKS.xml
9195	2736	TB350FU_S230982_251013_ROW/image/testcases/sigma/scripts/CertProgram/Passpoint/STAUT-RUCKUSOSU/pps-mo-id22-v1.0-RKS.xml
9182	2726	TB350FU_S230982_251013_ROW/image/testcases/sigma/scripts/CertProgram/Passpoint/STAUT-RUCKUSOSU/pps-mo-id23-v1.0-RKS.xml
9182	2726	TB350FU_S230982_251013_ROW/image/testcases/sigma/scripts/CertProgram/Passpoint/STAUT-RUCKUSOSU/pps-mo-id24-v1.0-RKS.xml
9182	2723	TB350FU_S230982_251013_ROW/image/testcases/sigma/scripts/CertProgram/Passpoint/STAUT-RUCKUSOSU/pps-mo-id25-v1.0-RKS.xml
9462	2589	TB350FU_S230982_251013_ROW/image/testcases/sigma/scripts/CertProgram/Passpoint/STAUT-RUCKUSOSU/pps-mo-id26-v1.0-RKS.xml
10650	2792	TB350FU_S230982_251013_ROW/image/testcases/sigma/scripts/CertProgram/Passpoint/STAUT-RUCKUSOSU/pps-mo-id27-v1.0-RKS.xml
10462	2778	TB350FU_S230982_251013_ROW/image/testcases/sigma/scripts/CertProgram/Passpoint/STAUT-RUCKUSOSU/pps-mo-id28-v1.0-RKS.xml
9008	2648	TB350FU_S230982_251013_ROW/image/testcases/sigma/scripts/CertProgram/Passpoint/STAUT-RUCKUSOSU/pps-mo-id29-v1.0-RKS.xml
8265	2679	TB350FU_S230982_251013_ROW/image/testcases/sigma/scripts/CertProgram/Passpoint/STAUT-RUCKUSOSU/pps-mo-id3-v1.0-RKS.xml
7521	2544	TB350FU_S230982_251013_ROW/image/testcases/sigma/scripts/CertProgram/Passpoint/STAUT-RUCKUSOSU/pps-mo-id30-v1.0-RKS.xml
7522	2542	TB350FU_S230982_251013_ROW/image/testcases/sigma/scripts/CertProgram/Passpoint/STAUT-RUCKUSOSU/pps-mo-id31-v1.0-RKS.xml
7521	2543	TB350FU_S230982_251013_ROW/image/testcases/sigma/scripts/CertProgram/Passpoint/STAUT-RUCKUSOSU/pps-mo-id32-v1.0-RKS.xml
7521	2544	TB350FU_S230982_251013_ROW/image/testcases/sigma/scripts/CertProgram/Passpoint/STAUT-RUCKUSOSU/pps-mo-id33-v1.0-RKS.xml
7521	2544	TB350FU_S230982_251013_ROW/image/testcases/sigma/scripts/CertProgram/Passpoint/STAUT-RUCKUSOSU/pps-mo-id34-v1.0-RKS.xml
7521	2544	TB350FU_S230982_251013_ROW/image/testcases/sigma/scripts/CertProgram/Passpoint/STAUT-RUCKUSOSU/pps-mo-id35-v1.0-RKS.xml
8212	2666	TB350FU_S230982_251013_ROW/image/testcases/sigma/scripts/CertProgram/Passpoint/STAUT-RUCKUSOSU/pps-mo-id36-v1.0-RKS.xml
7521	2544	TB350FU_S230982_251013_ROW/image/testcases/sigma/scripts/CertProgram/Passpoint/STAUT-RUCKUSOSU/pps-mo-id37-v1.0-RKS.xml
7605	2550	TB350FU_S230982_251013_ROW/image/testcases/sigma/scripts/CertProgram/Passpoint/STAUT-RUCKUSOSU/pps-mo-id4-v1.0-RKS.xml
8043	2633	TB350FU_S230982_251013_ROW/image/testcases/sigma/scripts/CertProgram/Passpoint/STAUT-RUCKUSOSU/pps-mo-id5-v1.0-RKS.xml
8187	2688	TB350FU_S230982_251013_ROW/image/testcases/sigma/scripts/CertProgram/Passpoint/STAUT-RUCKUSOSU/pps-mo-id6-v1.0-RKS.xml
8604	2708	TB350FU_S230982_251013_ROW/image/testcases/sigma/scripts/CertProgram/Passpoint/STAUT-RUCKUSOSU/pps-mo-id7-v1.0-RKS.xml
7881	2602	TB350FU_S230982_251013_ROW/image/testcases/sigma/scripts/CertProgram/Passpoint/STAUT-RUCKUSOSU/pps-mo-id8-v1.0-RKS.xml
9837	2795	TB350FU_S230982_251013_ROW/image/testcases/sigma/scripts/CertProgram/Passpoint/STAUT-RUCKUSOSU/pps-mo-id9-v1.0-RKS.xml
98	93	TB350FU_S230982_251013_ROW/image/testcases/sigma/scripts/CertProgram/Passpoint/wifi.cfg
58337	50467	TB350FU_S230982_251013_ROW/image/testcases/sigma/scripts/CertProgram/Passpoint/wpadebug.abc
0	0	TB350FU_S230982_251013_ROW/image/testcases/sigma/scripts/CertProgram/PMF/
292	153	TB350FU_S230982_251013_ROW/image/testcases/sigma/scripts/CertProgram/PMF/callback_for_install.bat
3615	760	TB350FU_S230982_251013_ROW/image/testcases/sigma/scripts/CertProgram/PMF/callback_for_start.bat
1440	1046	TB350FU_S230982_251013_ROW/image/testcases/sigma/scripts/CertProgram/PMF/cas.pem
89	88	TB350FU_S230982_251013_ROW/image/testcases/sigma/scripts/CertProgram/PMF/wifi.cfg
1704	1314	TB350FU_S230982_251013_ROW/image/testcases/sigma/scripts/CertProgram/PMF/wifiuser.key
6476	3917	TB350FU_S230982_251013_ROW/image/testcases/sigma/scripts/CertProgram/PMF/wifiuser.pem
0	0	TB350FU_S230982_251013_ROW/image/testcases/sigma/scripts/CertProgram/TDLS/
65	65	TB350FU_S230982_251013_ROW/image/testcases/sigma/scripts/CertProgram/TDLS/callback_for_install.bat
340	162	TB350FU_S230982_251013_ROW/image/testcases/sigma/scripts/CertProgram/TDLS/callback_for_start.bat
89	77	TB350FU_S230982_251013_ROW/image/testcases/sigma/scripts/CertProgram/TDLS/wifi.cfg
0	0	TB350FU_S230982_251013_ROW/image/testcases/sigma/scripts/CertProgram/TGac/
293	153	TB350FU_S230982_251013_ROW/image/testcases/sigma/scripts/CertProgram/TGac/callback_for_install.bat
3615	760	TB350FU_S230982_251013_ROW/image/testcases/sigma/scripts/CertProgram/TGac/callback_for_start.bat
1440	1046	TB350FU_S230982_251013_ROW/image/testcases/sigma/scripts/CertProgram/TGac/cas.pem
103	94	TB350FU_S230982_251013_ROW/image/testcases/sigma/scripts/CertProgram/TGac/wifi.cfg
1704	1314	TB350FU_S230982_251013_ROW/image/testcases/sigma/scripts/CertProgram/TGac/wifiuser.key
6476	3917	TB350FU_S230982_251013_ROW/image/testcases/sigma/scripts/CertProgram/TGac/wifiuser.pem
0	0	TB350FU_S230982_251013_ROW/image/testcases/sigma/scripts/CertProgram/TGn/
648	299	TB350FU_S230982_251013_ROW/image/testcases/sigma/scripts/CertProgram/TGn/callback_for_install.bat
3357	630	TB350FU_S230982_251013_ROW/image/testcases/sigma/scripts/CertProgram/TGn/callback_for_start.bat
1440	1046	TB350FU_S230982_251013_ROW/image/testcases/sigma/scripts/CertProgram/TGn/cas.pem
154	126	TB350FU_S230982_251013_ROW/image/testcases/sigma/scripts/CertProgram/TGn/wifi.cfg
1704	1314	TB350FU_S230982_251013_ROW/image/testcases/sigma/scripts/CertProgram/TGn/wifiuser.key
6476	3917	TB350FU_S230982_251013_ROW/image/testcases/sigma/scripts/CertProgram/TGn/wifiuser.pem
21	21	TB350FU_S230982_251013_ROW/image/testcases/sigma/scripts/CertProgram/TGn/wifi_fw.cfg
0	0	TB350FU_S230982_251013_ROW/image/testcases/sigma/scripts/CertProgram/VoE/
111	108	TB350FU_S230982_251013_ROW/image/testcases/sigma/scripts/CertProgram/VoE/callback_for_install.bat
57	57	TB350FU_S230982_251013_ROW/image/testcases/sigma/scripts/CertProgram/VoE/wifi.cfg
44	44	TB350FU_S230982_251013_ROW/image/testcases/sigma/scripts/CertProgram/VoE/wifi_fw.cfg
0	0	TB350FU_S230982_251013_ROW/image/testcases/sigma/scripts/CertProgram/WiFi6/
260	140	TB350FU_S230982_251013_ROW/image/testcases/sigma/scripts/CertProgram/WiFi6/callback_for_install.bat
632	330	TB350FU_S230982_251013_ROW/image/testcases/sigma/scripts/CertProgram/WiFi6/callback_for_start.bat
1440	1046	TB350FU_S230982_251013_ROW/image/testcases/sigma/scripts/CertProgram/WiFi6/cas.pem
87	83	TB350FU_S230982_251013_ROW/image/testcases/sigma/scripts/CertProgram/WiFi6/wifi.cfg
1704	1314	TB350FU_S230982_251013_ROW/image/testcases/sigma/scripts/CertProgram/WiFi6/wifiuser.key
6476	3917	TB350FU_S230982_251013_ROW/image/testcases/sigma/scripts/CertProgram/WiFi6/wifiuser.pem
0	0	TB350FU_S230982_251013_ROW/image/testcases/sigma/scripts/CertProgram/WiFi6/wifi_fw.cfg
0	0	TB350FU_S230982_251013_ROW/image/testcases/sigma/scripts/CertProgram/WMMAC/
68	68	TB350FU_S230982_251013_ROW/image/testcases/sigma/scripts/CertProgram/WMMAC/callback_for_install.bat
125	83	TB350FU_S230982_251013_ROW/image/testcases/sigma/scripts/CertProgram/WMMAC/callback_for_start.bat
89	77	TB350FU_S230982_251013_ROW/image/testcases/sigma/scripts/CertProgram/WMMAC/wifi.cfg
63	63	TB350FU_S230982_251013_ROW/image/testcases/sigma/scripts/CertProgram/WMMAC/wifi_fw.cfg
0	0	TB350FU_S230982_251013_ROW/image/testcases/sigma/scripts/CertProgram/WMMPS/
143	113	TB350FU_S230982_251013_ROW/image/testcases/sigma/scripts/CertProgram/WMMPS/callback_for_start.bat
0	0	TB350FU_S230982_251013_ROW/image/testcases/sigma/scripts/CertProgram/WPA3/
1241	354	TB350FU_S230982_251013_ROW/image/testcases/sigma/scripts/CertProgram/WPA3/callback_for_install.bat
3456	723	TB350FU_S230982_251013_ROW/image/testcases/sigma/scripts/CertProgram/WPA3/callback_for_start.bat
1440	1046	TB350FU_S230982_251013_ROW/image/testcases/sigma/scripts/CertProgram/WPA3/cas.pem
4658	4648	TB350FU_S230982_251013_ROW/image/testcases/sigma/scripts/CertProgram/WPA3/rsa-user1.p12
1643	1217	TB350FU_S230982_251013_ROW/image/testcases/sigma/scripts/CertProgram/WPA3/rsa_ca1_w1_fi.pem
1643	1220	TB350FU_S230982_251013_ROW/image/testcases/sigma/scripts/CertProgram/WPA3/rsa_ca2_w1_fi.pem
6144	3299	TB350FU_S230982_251013_ROW/image/testcases/sigma/scripts/CertProgram/WPA3/rsa_server1ALT_w1_fi.pem
65	56	TB350FU_S230982_251013_ROW/image/testcases/sigma/scripts/CertProgram/WPA3/rsa_server1ALT_w1_fi.pem.sha256
0	0	TB350FU_S230982_251013_ROW/image/testcases/sigma/scripts/CertProgram/WPA3/rsa_server1ALT_w1_fi.pem.tod
6017	3218	TB350FU_S230982_251013_ROW/image/testcases/sigma/scripts/CertProgram/WPA3/rsa_server1_w1_fi.pem
65	53	TB350FU_S230982_251013_ROW/image/testcases/sigma/scripts/CertProgram/WPA3/rsa_server1_w1_fi.pem.sha256
6017	3229	TB350FU_S230982_251013_ROW/image/testcases/sigma/scripts/CertProgram/WPA3/rsa_server2_w1_fi.pem
65	54	TB350FU_S230982_251013_ROW/image/testcases/sigma/scripts/CertProgram/WPA3/rsa_server2_w1_fi.pem.sha256
8456	5148	TB350FU_S230982_251013_ROW/image/testcases/sigma/scripts/CertProgram/WPA3/rsa_user1_w1_fi.pem
69	69	TB350FU_S230982_251013_ROW/image/testcases/sigma/scripts/CertProgram/WPA3/wifi.cfg
1704	1314	TB350FU_S230982_251013_ROW/image/testcases/sigma/scripts/CertProgram/WPA3/wifiuser.key
6476	3917	TB350FU_S230982_251013_ROW/image/testcases/sigma/scripts/CertProgram/WPA3/wifiuser.pem
20	20	TB350FU_S230982_251013_ROW/image/testcases/sigma/scripts/CertProgram/WPA3/wpa_supplicant_sigma.conf
0	0	TB350FU_S230982_251013_ROW/image/testcases/sigma/scripts/CertProgram/WPS/
1505	623	TB350FU_S230982_251013_ROW/image/testcases/sigma/scripts/CertProgram/WPS/callback_for_start.bat
245	167	TB350FU_S230982_251013_ROW/image/testcases/sigma/scripts/config.txt
122820	72732	TB350FU_S230982_251013_ROW/image/testcases/sigma/scripts/dhcpcd
1227	568	TB350FU_S230982_251013_ROW/image/testcases/sigma/scripts/FAQ.txt
1481	748	TB350FU_S230982_251013_ROW/image/testcases/sigma/scripts/getip3clistats.sh
1483	752	TB350FU_S230982_251013_ROW/image/testcases/sigma/scripts/getip3svrstats.sh
1281	666	TB350FU_S230982_251013_ROW/image/testcases/sigma/scripts/getipconfig.sh
867	548	TB350FU_S230982_251013_ROW/image/testcases/sigma/scripts/getpid.sh
948	567	TB350FU_S230982_251013_ROW/image/testcases/sigma/scripts/getpstats.sh
342	162	TB350FU_S230982_251013_ROW/image/testcases/sigma/scripts/install_list.txt
102456	45513	TB350FU_S230982_251013_ROW/image/testcases/sigma/scripts/iperf3
73368	32392	TB350FU_S230982_251013_ROW/image/testcases/sigma/scripts/iwpriv
1105	400	TB350FU_S230982_251013_ROW/image/testcases/sigma/scripts/mtk_dhcp_client.sh
437	244	TB350FU_S230982_251013_ROW/image/testcases/sigma/scripts/mtk_dhcp_getclientipbymac.sh
289	176	TB350FU_S230982_251013_ROW/image/testcases/sigma/scripts/mtk_dhcp_getserverip.sh
1090	358	TB350FU_S230982_251013_ROW/image/testcases/sigma/scripts/mtk_dhcp_reset.sh
1377	468	TB350FU_S230982_251013_ROW/image/testcases/sigma/scripts/mtk_dhcp_server.sh
546	237	TB350FU_S230982_251013_ROW/image/testcases/sigma/scripts/mtk_getipconfig.sh
18228	8131	TB350FU_S230982_251013_ROW/image/testcases/sigma/scripts/mtk_inband_cmd.sh
258	146	TB350FU_S230982_251013_ROW/image/testcases/sigma/scripts/mtk_setipconfig.sh
0	0	TB350FU_S230982_251013_ROW/image/testcases/sigma/scripts/PFService/
3288903	1148785	TB350FU_S230982_251013_ROW/image/testcases/sigma/scripts/PFService/cygwin1.dll
202350	66476	TB350FU_S230982_251013_ROW/image/testcases/sigma/scripts/PFService/mtk_pf.exe
873	554	TB350FU_S230982_251013_ROW/image/testcases/sigma/scripts/stoping.sh
824	518	TB350FU_S230982_251013_ROW/image/testcases/sigma/scripts/stopiperf3.sh
930	570	TB350FU_S230982_251013_ROW/image/testcases/sigma/scripts/updatepid.sh
858	530	TB350FU_S230982_251013_ROW/image/testcases/sigma/scripts/wfaping.sh
845	525	TB350FU_S230982_251013_ROW/image/testcases/sigma/scripts/wfaping6.sh
250960	86545	TB350FU_S230982_251013_ROW/image/testcases/sigma/scripts/wfa_ca
64040	18974	TB350FU_S230982_251013_ROW/image/testcases/sigma/scripts/wfa_con
508392	173009	TB350FU_S230982_251013_ROW/image/testcases/sigma/scripts/wfa_dut
2701	892	TB350FU_S230982_251013_ROW/image/testcases/sigma/scripts/wifi_ctrl.bat
3902	1514	TB350FU_S230982_251013_ROW/image/testcases/sigma/start_sigma.bat
1069	495	TB350FU_S230982_251013_ROW/image/testcases/sigma/stop_sigma.bat
0	0	TB350FU_S230982_251013_ROW/image/testcases/TFLiteRunner.vendor/
0	0	TB350FU_S230982_251013_ROW/image/testcases/TFLiteRunner.vendor/arm/
2031284	1082604	TB350FU_S230982_251013_ROW/image/testcases/TFLiteRunner.vendor/arm/TFLiteRunner
0	0	TB350FU_S230982_251013_ROW/image/testcases/TFLiteRunner.vendor/arm64/
2998440	1165598	TB350FU_S230982_251013_ROW/image/testcases/TFLiteRunner.vendor/arm64/TFLiteRunner
0	0	TB350FU_S230982_251013_ROW/image/testcases/tflite_np_c_api_test.vendor/
0	0	TB350FU_S230982_251013_ROW/image/testcases/tflite_np_c_api_test.vendor/arm/
262764	142478	TB350FU_S230982_251013_ROW/image/testcases/tflite_np_c_api_test.vendor/arm/tflite_np_c_api_test
0	0	TB350FU_S230982_251013_ROW/image/testcases/tflite_np_c_api_test.vendor/arm64/
366608	142538	TB350FU_S230982_251013_ROW/image/testcases/tflite_np_c_api_test.vendor/arm64/tflite_np_c_api_test
0	0	TB350FU_S230982_251013_ROW/image/testcases/ThermalCoreTest/
0	0	TB350FU_S230982_251013_ROW/image/testcases/ThermalCoreTest/arm64/
241240	93869	TB350FU_S230982_251013_ROW/image/testcases/ThermalCoreTest/arm64/ThermalCoreTest
8548676	2740676	TB350FU_S230982_251013_ROW/image/userdata.img
8192	3353	TB350FU_S230982_251013_ROW/image/vbmeta.img
4096	1254	TB350FU_S230982_251013_ROW/image/vbmeta_system.img
4096	1162	TB350FU_S230982_251013_ROW/image/vbmeta_vendor.img
129010	26499	TB350FU_S230982_251013_ROW/image/vendor.map
23158784	18838043	TB350FU_S230982_251013_ROW/image/vendor_boot-debug.img
67108864	18700715	TB350FU_S230982_251013_ROW/image/vendor_boot.img
31191152	7383843	TB350FU_S230982_251013_ROW/image/vendor_dlkm.img
9007	2248	TB350FU_S230982_251013_ROW/image/vendor_dlkm.map
486912	229009	TB350FU_S230982_251013_ROW/imageChecker.dll
1323082	593608	TB350FU_S230982_251013_ROW/libeay32.dll
540	320	TB350FU_S230982_251013_ROW/option.ini
0	0	TB350FU_S230982_251013_ROW/pics/
73418	55966	TB350FU_S230982_251013_ROW/pics/Volume up.JPG
0	0	TB350FU_S230982_251013_ROW/plugins/
0	0	TB350FU_S230982_251013_ROW/plugins/platforms/
1221752	603226	TB350FU_S230982_251013_ROW/plugins/platforms/qwindows.dll
0	0	TB350FU_S230982_251013_ROW/plugins/styles/
128632	60286	TB350FU_S230982_251013_ROW/plugins/styles/qwindowsvistastyle.dll
5298296	2386412	TB350FU_S230982_251013_ROW/Qt5Core.dll
5978744	2120754	TB350FU_S230982_251013_ROW/Qt5Gui.dll
1115256	458677	TB350FU_S230982_251013_ROW/Qt5Network.dll
65656	30049	TB350FU_S230982_251013_ROW/Qt5SerialPort.dll
4595832	2050047	TB350FU_S230982_251013_ROW/Qt5Widgets.dll
154232	64765	TB350FU_S230982_251013_ROW/Qt5Xml.dll
2316920	812966	TB350FU_S230982_251013_ROW/Qt5XmlPatterns.dll
3013	756	TB350FU_S230982_251013_ROW/readback_ui_bak.xsd
1057	535	TB350FU_S230982_251013_ROW/read_efuse.xml
89	89	TB350FU_S230982_251013_ROW/Rescue.cmd
24576	3904	TB350FU_S230982_251013_ROW/SLA_Challenge.dll
3409408	2043156	TB350FU_S230982_251013_ROW/SPFlashToolV6.exe
311370	143212	TB350FU_S230982_251013_ROW/ssleay32.dll
1059	537	TB350FU_S230982_251013_ROW/write_efuse.xml
super.img w zipie: 8297863612 B (pin 8297863612); boot.img: 67108864 B (pin 67108864)
dysk: 81G wolne (wymagane >=7G: peak 2xsystem_m3+ext przy lpmake z watcherem)
/dev/root       145G   65G   81G  45% /
tmpfs           7.9G   84K  7.9G   1% /dev/shm
== TIER A2: donor-harvest z release donor-cache ==
A2: md5=e4c33b162f018eaa0781d4e4bffd6776 (oczek. e4c33b162f018eaa0781d4e4bffd6776), size=521141094 (oczek. 521141094)
A2 harvest: 5 apk, 25 fontow, keep=845 MB
A2 framework: 30 jar, 4 deklaracji bibliotek
== TIER A: donor-cache (poll do 150 min) ==
== TIER C: fonty z assets.tar.gz (product.img Xiaomi) w transfer-spool ==
assets.tar.gz: 134808062 B
TIER C dopisek: fonty (25) - status A2 zachowany
OK (tier A2 donor-harvest; 5 apk: MIUICalculator MIUIGallery MIUINotes MiuiCamera MiuiHome ; framework: Miui-WindowManager-Shell.jar MiuiBooster.jar MiuiSettingsSearchLib.jar camerax-vendor-extensions.jar global-cleaner-empty.jar gson.jar livephoto-lite.jar miui-appcompat.appcontinuity.jar miui-appcompat.jar miui-cameraopt.jar miui-connectivity-service.jar miui-embedding-window.jar miui-enterprise-sdk.jar miui-framework-pointer-pad.jar miui-framework.autoui.jar miui-framework.hovermode.jar miui-framework.hyperviewscale.jar miui-framework.jar miui-framework.thirdappopt.jar miui-services-pointer-pad.jar miui-services.autoui.jar miui-services.hovermode.jar miui-services.hyperviewscale.jar miui-services.jar miui-services.thirdappopt.jar miui-telephony-common.jar miui-wifi-service.jar miui.car.server.jar miuix.jar security-device-credential-sdk.jar ; deklaracje: com.android.settingslib.search.xml com.miui.wm.shell.xml miui-cameraopt.xml platform-miui.xml )
spool usuniety; dysk: /dev/root       145G   60G   85G  42% /
/dev/root       145G   60G   85G  42% /
tmpfs           7.9G   84K  7.9G   1% /dev/shm
== boot.img przez httpzip ==
# httpzip: TB350FU_S230982_251013_ROW/image/boot.img OK (5 requestow HTTP)
boot.img: 67108864 B (pin 67108864)
/dev/root       145G   60G   85G  42% /
tmpfs           7.9G   84K  7.9G   1% /dev/shm
== SYSTEM: stream -> tmpfs, tree -> dysk ==
# simg2img_stream: sparse v1.0 blk=4096 chunks=7496 raw=9663676416 B
# httpzip: TB350FU_S230982_251013_ROW/image/super.img OK (140 requestow HTTP)
# liblp v10.2; slots=3; bdev=super (9663676416 B); grupy=['default', 'main_a', 'main_b']
# glowy=1310720 B; segmenty: [('odm_dlkm', 1048576, 1396736), ('product', 2097152, 2794594304), ('system', 2795503616, 6474297344), ('system_ext', 6659506176, 7416504320), ('vendor', 7416578048, 8333131776), ('vendor_dlkm', 8334082048, 8365445120)]; only=['system']
P	odm_dlkm	348160
P	product	2792497152
P	system	3678793728
P	system_ext	756998144
P	vendor	916553728
P	vendor_dlkm	31363072
W	odm_dlkm	0	348160	SKIP
W	product	0	2792497152	SKIP
W	system	3678793728	3678793728	OK
W	system_ext	0	756998144	SKIP
W	vendor	0	916553728	SKIP
W	vendor_dlkm	0	31363072	SKIP
# simg2img_stream: konsument zamknal pipe (OK)
  pin OK: system = 3678793728B
system: img 3508M, tree est ~4409M, dysk avail 86818M
-- diag system --
/dev/shm/m3/one/system.img: Linux rev 1.0 ext2 filesystem data, UUID=561c3349-da2e-5966-bf90-b98a1db5e8a9 (extents) (large files) (huge files)
  MB@8: zer 316030/1048576
  MB@100: zer 124675/1048576
  MB@1000: zer 24224/1048576
  MB@3000: zer 382718/1048576
  ext4 sb: inodes=3888 blocks=883952
-- e2fsck -n (odczyt, bez napraw) --
e2fsck 1.47.0 (5-Feb-2023)
/: clean, 3772/3888 files, 881295/883952 blocks
-- debugfs ls / --
debugfs 1.47.0 (5-Feb-2023)
      2   40755 (2)      0      0    4096  1-Jan-2009 00:00 .
      2   40755 (2)      0      0    4096  1-Jan-2009 00:00 ..
     11   40700 (2)      0      0   16384  1-Jan-2009 00:00 lost+found
     12   40755 (2)      0      0    4096  1-Jan-2009 00:00 acct
     13   40755 (2)      0      0    4096  1-Jan-2009 00:00 apex
     14  120644 (7)      0      0      11  1-Jan-2009 00:00 bin
     15  120644 (7)      0      0      50  1-Jan-2009 00:00 bugreports
     16  120644 (7)      0      0      11  1-Jan-2009 00:00 cache
     17   40555 (2)      0      0    4096  1-Jan-2009 00:00 config
     18  120644 (7)      0      0      17  1-Jan-2009 00:00 d
     19   40771 (2)   1000   1000    4096  1-Jan-2009 00:00 data
     20   40755 (2)      0      0    4096  1-Jan-2009 00:00 data_mirror
     21   40755 (2)      0      0    4096  1-Jan-2009 00:00 debug_ramdisk
     22   40755 (2)      0      0    4096  1-Jan-2009 00:00 dev
system: fs=ext4
system: ext4 (debugfs rdump, inner)
== PURGE GMS (system) ==
/tmp/m3/tree/system/app/CaptivePortalLoginGoogle
/tmp/m3/tree/system/app/GooglePrintRecommendationService
/tmp/m3/tree/system/app/GoogleExtShared
/tmp/m3/tree/system/priv-app/ZUISetupWizardExtROW
/tmp/m3/tree/system/priv-app/GooglePackageInstaller
/tmp/m3/tree/system/priv-app/DocumentsUIGoogle
/tmp/m3/tree/system/priv-app/TagGoogle
/tmp/m3/tree/system/priv-app/NetworkStackGoogle
system: USUNIETO 8 katalogow Google
== INJECT microG + FakeStore + Aurora ==
Aurora: kandydat F-Droid (vc=76): https://f-droid.org/repo/com.aurora.store_76.apk
Magisk v30.7: wstrzykniety (manager; root = 1 klik w apce: Install -> Patch boot.img)
Aurora: wstrzykiwana z https://f-droid.org/repo/com.aurora.store_76.apk
== TRANSPLANT: OK (tier A2 donor-harvest; 5 apk: MIUICalculator MIUIGallery MIUINotes MiuiCamera MiuiHome ; framework: Miui-WindowManager-Shell.jar MiuiBooster.jar MiuiSettingsSearchLib.jar camerax-vendor-extensions.jar global-cleaner-empty.jar gson.jar livephoto-lite.jar miui-appcompat.appcontinuity.jar miui-appcompat.jar miui-cameraopt.jar miui-connectivity-service.jar miui-embedding-window.jar miui-enterprise-sdk.jar miui-framework-pointer-pad.jar miui-framework.autoui.jar miui-framework.hovermode.jar miui-framework.hyperviewscale.jar miui-framework.jar miui-framework.thirdappopt.jar miui-services-pointer-pad.jar miui-services.autoui.jar miui-services.hovermode.jar miui-services.hyperviewscale.jar miui-services.jar miui-services.thirdappopt.jar miui-telephony-common.jar miui-wifi-service.jar miui.car.server.jar miuix.jar security-device-credential-sdk.jar ; deklaracje: com.android.settingslib.search.xml com.miui.wm.shell.xml miui-cameraopt.xml platform-miui.xml ) ==
  transplant: /system/app/MIUICalculator
  transplant: /system/app/MIUIGallery
  transplant: /system/app/MIUINotes
  transplant: /system/app/MiuiCamera
  transplant: /system/app/MiuiHome
  framework: /system/framework/Miui-WindowManager-Shell.jar (8964399 B)
  framework: /system/framework/MiuiBooster.jar (78182 B)
  framework: /system/framework/MiuiSettingsSearchLib.jar (122790 B)
  framework: /system/framework/camerax-vendor-extensions.jar (71945 B)
  framework: /system/framework/global-cleaner-empty.jar (1333 B)
  framework: /system/framework/gson.jar (194273 B)
  framework: /system/framework/livephoto-lite.jar (321933 B)
  framework: /system/framework/miui-appcompat.appcontinuity.jar (196098 B)
  framework: /system/framework/miui-appcompat.jar (71598 B)
  framework: /system/framework/miui-cameraopt.jar (354310 B)
  framework: /system/framework/miui-connectivity-service.jar (338694 B)
  framework: /system/framework/miui-embedding-window.jar (2679446 B)
  framework: /system/framework/miui-enterprise-sdk.jar (247649 B)
  framework: /system/framework/miui-framework-pointer-pad.jar (47989 B)
  framework: /system/framework/miui-framework.autoui.jar (274102 B)
  framework: /system/framework/miui-framework.hovermode.jar (51482 B)
  framework: /system/framework/miui-framework.hyperviewscale.jar (12558164 B)
  framework: /system/framework/miui-framework.jar (7173722 B)
  framework: /system/framework/miui-framework.thirdappopt.jar (67018 B)
  framework: /system/framework/miui-services-pointer-pad.jar (105234 B)
  framework: /system/framework/miui-services.autoui.jar (51254 B)
  framework: /system/framework/miui-services.hovermode.jar (87806 B)
  framework: /system/framework/miui-services.hyperviewscale.jar (17754 B)
  framework: /system/framework/miui-services.jar (19632637 B)
  framework: /system/framework/miui-services.thirdappopt.jar (51722 B)
  framework: /system/framework/miui-telephony-common.jar (764861 B)
  framework: /system/framework/miui-wifi-service.jar (4431234 B)
  framework: /system/framework/miui.car.server.jar (146246 B)
  framework: /system/framework/miuix.jar (9390577 B)
  framework: /system/framework/security-device-credential-sdk.jar (18766 B)
  deklaracja: /system/etc/permissions/com.android.settingslib.search.xml
  deklaracja: /system/etc/permissions/com.miui.wm.shell.xml
  deklaracja: /system/etc/permissions/miui-cameraopt.xml
  deklaracja: /system/etc/permissions/platform-miui.xml
  fonty: 25 Mi + inne (fonts.xml nietkniety - inertne)
  motywy: /system/miui-themes (197 MB, inertne)
== audyt miui-framework w transplantach ==
  HTMLViewer.apk: 0 odniesien miui.*
  PacProcessor.apk: 0 odniesien miui.*
  CameraExtensionsProxy.apk: 0 odniesien miui.*
  KeyboardOTA.apk: 0 odniesien miui.*
  LenovoFaceDetectService.apk: 0 odniesien miui.*
  SecureElement.apk: 0 odniesien miui.*
  ChromeCustomizations.apk: 0 odniesien miui.*
  Traceur.apk: 0 odniesien miui.*
  MIUICalculator.apk: 137 odniesien miui.*
  BluetoothMidiService.apk: 0 odniesien miui.*
  EngineeringCode.apk: 0 odniesien miui.*
  MIUIGallery.apk: 0 odniesien miui.*
  MiuiCamera.apk: 2 odniesien miui.*
  FactoryServiceHQ.apk: 0 odniesien miui.*
  BookmarkProvider.apk: 0 odniesien miui.*
  LenovoPAI.apk: 0 odniesien miui.*
  ZuiPP.apk: 0 odniesien miui.*
  Magisk.apk: 0 odniesien miui.*
  HEC_agent.apk: 0 odniesien miui.*
  AuroraStore.apk: 0 odniesien miui.*
  WallpaperBackup.apk: 0 odniesien miui.*
  LenovoPrivacy.apk: 0 odniesien miui.*
  HQ_Opera.apk: 0 odniesien miui.*
  NvService.apk: 0 odniesien miui.*
  SimAppDialog.apk: 0 odniesien miui.*
  HQ_PreinstallProvider.apk: 0 odniesien miui.*
  WpsOffice_Row.apk: 0 odniesien miui.*
  SarManager.apk: 0 odniesien miui.*
  PartnerBookmarksProvider.apk: 0 odniesien miui.*
  BasicDreams.apk: 0 odniesien miui.*
  EasterEgg.apk: 0 odniesien miui.*
  zuisdk-res.apk: 0 odniesien miui.*
  NfcNci.apk: 0 odniesien miui.*
  PrintSpooler.apk: 0 odniesien miui.*
  KeyChain.apk: 0 odniesien miui.*
  CompanionDeviceManager.apk: 0 odniesien miui.*
  MIUINotes.apk: 75 odniesien miui.*
  MiuiHome.apk: 0 odniesien miui.*
  FactoryKitTest.apk: 0 odniesien miui.*
  CertInstaller.apk: 0 odniesien miui.*
== audyt uses-library (string-pool AndroidManifest vs deklaracje) ==
  zadeklarowane biblioteki w /system/etc/permissions: MiuiSettingsSearchLib.jar activation.jar android-support-v13.jar android-support-v4.jar android-support-v7-recyclerview.jar android.hidl.base-V1.0-java android.hidl.manager-V1.0-java android.test.base android.test.mock android.test.runner camerax-vendor-extensions.jar cloud-common.jar com.miui.wm.shell eventbus.jar global-cleaner-empty.jar global-miui11-empty.jar global-miui12-empty.jar gson.jar livephoto-lite.jar micloud-lib-shared.jar miui-cameraopt miui-push.jar miui-stat-v3.jar miui-stat.jar miui-update.jar picasso.jar protobuf.jar security-device-credential-sdk.jar volley.jar yellowpage-common.jar 
  UWAGA: MIUICalculator.apk: kandydaci bibliotek bez deklaracji: miui miui.continuity.policy miui.fliphome.default miui.screenOrientation miui.supportFlipFullScreen miui.window.DOT_ENABLED miuiWidget miuiWidgetRefresh miuiWidgetRefreshMinInterval miuiWidgetVersion miui_keyguard_shortcuts miuixbasewidget miuixpreference miuixstretchablewidget (heurystyka string-pool - zweryfikowac po boocie)
  UWAGA: MIUIGallery.apk: kandydaci bibliotek bez deklaracji: miui.action.HUANJI_SERCERT miui.continuity.policy miui.dynamic_dpi_relaunch miui.intent.action.APP_SETTINGS miui.permission.EXTRA_NETWORK miui.rear.policy miui.screenshot.supportEditor miui.supportAppContinuity miui.supportFlipFullScreen miui.supportRequiredModifiable miuiHomeGestureSlideSupport miuiWidget miuiWidgetRefresh miuiWidgetRefreshMinInterval miuiWidgetVersion (heurystyka string-pool - zweryfikowac po boocie)
  UWAGA: MiuiCamera.apk: kandydaci bibliotek bez deklaracji: miui.blurChanged miui.continuity.policy miui.dynamic_dpi_relaunch miui.intent.action.APP_SETTINGS miui.isIgnoreOrientationRequest miui.permission.BUGREPORT miui.permission.DUMP_CACHED_LOG miui.rear.policy miui.screenOrientation miui.supportFlipFullScreen miui.supportRequiredModifiable miui.window.DOT_ENABLED miuiWidget miuiWidgetTransitionAnimation miuiWidgetVersion miui_keyguard_shortcuts miuixbasewidget miuixpreference miuixstretchablewidget (heurystyka string-pool - zweryfikowac po boocie)
  UWAGA: MIUINotes.apk: kandydaci bibliotek bez deklaracji: miui.action.HUANJI_SERCERT miui.blurRelaunch miui.continuity.policy miui.dynamic_dpi_relaunch miui.focusNotificationVersion miui.intent.action.APP_SETTINGS miui.intent.action.FINISH_TODO miui.intent.action.OUTBOUND_APP miui.permission.ACCESS_RECORDS miui.screenOrientation miui.supportAppContinuity miui.supportFlipFullScreen miui.window.DOT_ENABLED miuiAutoScale miuiWidget miuiWidgetRefresh miuiWidgetRefreshMinInterval miuiWidgetVersion miui_keyguard_shortcuts miuix.search miuix.search.common miuixbasewidget miuixpreference miuixstretchablewidget (heurystyka string-pool - zweryfikowac po boocie)
  UWAGA: MiuiHome.apk: kandydaci bibliotek bez deklaracji: miui.blurRelaunch miui.home.settings.simplified miui.home.supportMiuiPin miui.permission.EXTRA_NETWORK miui.permission.SHELL miui.screenOrientation miui.supportFlipFullScreen (heurystyka string-pool - zweryfikowac po boocie)
2
== pre-flight kontekstow SELinux ==
wpisow kontekstowych: 662
dopasowane: 4243 (xattr ustawione: 0)  niedopasowane: 0
    4205  u:object_r:rootfs:s0
      34  u:object_r:apex_mnt_dir:s0
       3  u:object_r:system_dlkm_file:s0
       1  u:object_r:system_file:s0
pre-flight kontekstow: OK
/dev/root       145G   64G   81G  45% /
tmpfs           7.9G   84K  7.9G   1% /dev/shm
== mkfs system (EROFS, UUID m3) -> tmpfs, potem mv na dysk ==
selinux_shim: 682 wpisow kontekstowych z /tmp/m3/tree/system/etc/selinux/plat_file_contexts
mkfs.erofs 1.8.2-local
Processing / ...
Processing apex ...
Processing app ...
Processing bin ...
Processing build.prop ...
Processing etc ...
Processing fonts ...
Processing framework ...
Processing lib ...
Processing lib64 ...
Processing media ...
Processing miui-themes ...
Processing preinstall ...
Processing priv-app ...
Processing product ...
Processing ro.prop ...
Processing rw.prop ...
Processing system_dlkm ...
Processing system_ext ...
Processing themes ...
Processing usr ...
Processing vendor ...
Processing apex/com.android.apex.cts.shim.apex ...
Processing apex/com.android.btservices.apex ...
Processing apex/com.android.devicelock.apex ...
Processing apex/com.android.i18n.apex ...
Processing apex/com.android.rkpd.apex ...
Processing apex/com.android.runtime.apex ...
Processing apex/com.android.virt.apex ...
Processing apex/com.android.vndk.current.apex ...
Processing apex/com.android.wifi.capex ...
Processing apex/com.google.android.adbd.apex ...
Processing apex/com.google.android.adservices.apex ...
Processing apex/com.google.android.appsearch.apex ...
Processing apex/com.google.android.art.apex ...
Processing apex/com.google.android.cellbroadcast.apex ...
Processing apex/com.google.android.configinfrastructure.apex ...
Processing apex/com.google.android.conscrypt.apex ...
Processing apex/com.google.android.extservices.apex ...
Processing apex/com.google.android.healthfitness.apex ...
Processing apex/com.google.android.ipsec.apex ...
Processing apex/com.google.android.media.apex ...
Processing apex/com.google.android.media.swcodec.apex ...
Processing apex/com.google.android.mediaprovider.apex ...
Processing apex/com.google.android.neuralnetworks.apex ...
Processing apex/com.google.android.ondevicepersonalization.apex ...
Processing apex/com.google.android.os.statsd.apex ...
Processing apex/com.google.android.permission.apex ...
Processing apex/com.google.android.resolv.apex ...
Processing apex/com.google.android.scheduling.apex ...
Processing apex/com.google.android.sdkext.apex ...
Processing apex/com.google.android.tethering.apex ...
Processing apex/com.google.android.tzdata5.apex ...
Processing apex/com.google.android.uwb.apex ...
Processing apex/com.google.mainline.primary.libs.apex ...
Processing app/AuroraStore ...
Processing app/BasicDreams ...
Processing app/BluetoothMidiService ...
Processing app/BookmarkProvider ...
Processing app/CameraExtensionsProxy ...
Processing app/CertInstaller ...
Processing app/ChromeCustomizations ...
Processing app/CompanionDeviceManager ...
Processing app/EasterEgg ...
Processing app/EngineeringCode ...
Processing app/FactoryKitTest ...
Processing app/FactoryServiceHQ ...
Processing app/HEC_agent ...
Processing app/HQ_Opera ...
Processing app/HQ_PreinstallProvider ...
Processing app/HTMLViewer ...
Processing app/KeyChain ...
Processing app/KeyboardOTA ...
Processing app/LenovoFaceDetectService ...
Processing app/LenovoPAI ...
Processing app/LenovoPrivacy ...
Processing app/MIUICalculator ...
Processing app/MIUIGallery ...
Processing app/MIUINotes ...
Processing app/Magisk ...
Processing app/MiuiCamera ...
Processing app/MiuiHome ...
Processing app/NfcNci ...
Processing app/NvService ...
Processing app/PacProcessor ...
Processing app/PartnerBookmarksProvider ...
Processing app/PrintSpooler ...
Processing app/SarManager ...
Processing app/SecureElement ...
Processing app/SimAppDialog ...
Processing app/Traceur ...
Processing app/WallpaperBackup ...
Processing app/WpsOffice_Row ...
Processing app/ZuiPP ...
Processing app/zuisdk-res ...
Processing app/AuroraStore/AuroraStore.apk ...
Processing app/BasicDreams/BasicDreams.apk ...
Processing app/BluetoothMidiService/BluetoothMidiService.apk ...
Processing app/BookmarkProvider/BookmarkProvider.apk ...
Processing app/CameraExtensionsProxy/CameraExtensionsProxy.apk ...
Processing app/CertInstaller/CertInstaller.apk ...
Processing app/ChromeCustomizations/ChromeCustomizations.apk ...
Processing app/CompanionDeviceManager/CompanionDeviceManager.apk ...
Processing app/EasterEgg/EasterEgg.apk ...
Processing app/EngineeringCode/EngineeringCode.apk ...
Processing app/FactoryKitTest/FactoryKitTest.apk ...
Processing app/FactoryServiceHQ/FactoryServiceHQ.apk ...
Processing app/HEC_agent/HEC_agent.apk ...
Processing app/HQ_Opera/HQ_Opera.apk ...
Processing app/HQ_PreinstallProvider/HQ_PreinstallProvider.apk ...
Processing app/HTMLViewer/HTMLViewer.apk ...
Processing app/KeyChain/KeyChain.apk ...
Processing app/KeyChain/oat ...
Processing app/KeyChain/oat/arm64 ...
Processing app/KeyChain/oat/arm64/KeyChain.odex ...
Processing app/KeyChain/oat/arm64/KeyChain.vdex ...
Processing app/KeyboardOTA/KeyboardOTA.apk ...
Processing app/LenovoFaceDetectService/LenovoFaceDetectService.apk ...
Processing app/LenovoPAI/LenovoPAI.apk ...
Processing app/LenovoPrivacy/LenovoPrivacy.apk ...
Processing app/MIUICalculator/MIUICalculator.apk ...
Processing app/MIUIGallery/MIUIGallery.apk ...
Processing app/MIUINotes/MIUINotes.apk ...
Processing app/Magisk/Magisk.apk ...
Processing app/MiuiCamera/MiuiCamera.apk ...
Processing app/MiuiHome/MiuiHome.apk ...
Processing app/NfcNci/NfcNci.apk ...
Processing app/NfcNci/lib ...
Processing app/NfcNci/lib/arm64 ...
Processing app/NfcNci/lib/arm64/libnfc_nci_jni.so ...
Processing app/NvService/NvService.apk ...
Processing app/PacProcessor/PacProcessor.apk ...
Processing app/PartnerBookmarksProvider/PartnerBookmarksProvider.apk ...
Processing app/PrintSpooler/PrintSpooler.apk ...
Processing app/PrintSpooler/lib ...
Processing app/PrintSpooler/lib/arm64 ...
Processing app/PrintSpooler/lib/arm64/libprintspooler_jni.so ...
Processing app/SarManager/SarManager.apk ...
Processing app/SecureElement/SecureElement.apk ...
Processing app/SimAppDialog/SimAppDialog.apk ...
Processing app/Traceur/Traceur.apk ...
Processing app/WallpaperBackup/WallpaperBackup.apk ...
Processing app/WallpaperBackup/oat ...
Processing app/WallpaperBackup/oat/arm64 ...
Processing app/WallpaperBackup/oat/arm64/WallpaperBackup.odex ...
Processing app/WallpaperBackup/oat/arm64/WallpaperBackup.vdex ...
Processing app/WpsOffice_Row/WpsOffice_Row.apk ...
Processing app/ZuiPP/ZuiPP.apk ...
Processing app/zuisdk-res/zuisdk-res.apk ...
Processing bin/[ ...
Processing bin/abb ...
Processing bin/abx ...
Processing bin/abx2xml ...
Processing bin/acpi ...
Processing bin/am ...
Processing bin/apexd ...
Processing bin/app_process ...
Processing bin/app_process32 ...
Processing bin/app_process64 ...
Processing bin/appops ...
Processing bin/appwidget ...
Processing bin/atrace ...
Processing bin/audioserver ...
Processing bin/auditctl ...
Processing bin/awk ...
Processing bin/badblocks ...
Processing bin/base64 ...
Processing bin/basename ...
Processing bin/bc ...
Processing bin/bcc ...
Processing bin/blank_screen ...
Processing bin/blkid ...
Processing bin/blockdev ...
Processing bin/bmgr ...
Processing bin/bootanimation ...
Processing bin/bootstat ...
Processing bin/bootstrap ...
Processing bin/boringssl_self_test32 ...
Processing bin/boringssl_self_test64 ...
Processing bin/bpfloader ...
Processing bin/brctl ...
Processing bin/btfloader ...
Processing bin/bu ...
Processing bin/bugreport ...
Processing bin/bugreport_procdump ...
Processing bin/bugreportz ...
Processing bin/bunzip2 ...
Processing bin/bzcat ...
Processing bin/bzip2 ...
Processing bin/cal ...
Processing bin/cameraserver ...
Processing bin/cat ...
Processing bin/charger ...
Processing bin/chattr ...
Processing bin/chcon ...
Processing bin/chgrp ...
Processing bin/chmod ...
Processing bin/chown ...
Processing bin/chroot ...
Processing bin/chrt ...
Processing bin/cksum ...
Processing bin/clear ...
Processing bin/cmd ...
Processing bin/cmp ...
Processing bin/comm ...
Processing bin/content ...
Processing bin/cp ...
Processing bin/cpio ...
Processing bin/cppreopts.sh ...
Processing bin/credstore ...
Processing bin/cut ...
Processing bin/date ...
Processing bin/dd ...
Processing bin/debuggerd ...
Processing bin/defrag.f2fs ...
Processing bin/device_config ...
Processing bin/devmem ...
Processing bin/df ...
Processing bin/diff ...
Processing bin/dirname ...
Processing bin/dmabuf_dump ...
Processing bin/dmctl ...
Processing bin/dmesg ...
Processing bin/dmesgd ...
Processing bin/dnsmasq ...
Processing bin/dos2unix ...
Processing bin/dpm ...
Processing bin/drmserver ...
Processing bin/drmserver64 ...
Processing bin/du ...
Processing bin/dump.erofs ...
Processing bin/dump.f2fs ...
Processing bin/dumpstate ...
Processing bin/dumpsys ...
Processing bin/e2freefrag ...
Processing bin/e2fsck ...
Processing bin/e2fsdroid ...
Processing bin/echo ...
Processing bin/egrep ...
Processing bin/env ...
Processing bin/expand ...
Processing bin/expr ...
Processing bin/extra_free_kbytes.sh ...
Processing bin/fallocate ...
Processing bin/false ...
Processing bin/fgrep ...
Processing bin/file ...
Processing bin/find ...
Processing bin/flags_health_check ...
Processing bin/flock ...
Processing bin/fmt ...
Processing bin/free ...
Processing bin/fsck.erofs ...
Processing bin/fsck.exfat ...
Processing bin/fsck.f2fs ...
Processing bin/fsck_msdos ...
Processing bin/fsverity_init ...
Processing bin/fsync ...
Processing bin/gatekeeperd ...
Processing bin/getconf ...
Processing bin/getenforce ...
Processing bin/getevent ...
Processing bin/getprop ...
Processing bin/gpuservice ...
Processing bin/grep ...
Processing bin/groups ...
Processing bin/gsi_tool ...
Processing bin/gsid ...
Processing bin/gunzip ...
Processing bin/gzip ...
Processing bin/head ...
Processing bin/heapprofd ...
Processing bin/hid ...
Processing bin/hostname ...
Processing bin/hw ...
Processing bin/hwclock ...
Processing bin/hwservicemanager ...
Processing bin/i2cdetect ...
Processing bin/i2cdump ...
Processing bin/i2cget ...
Processing bin/i2cset ...
Processing bin/iconv ...
Processing bin/id ...
Processing bin/idmap2 ...
Processing bin/idmap2d ...
Processing bin/ifconfig ...
Processing bin/ime ...
Processing bin/incident ...
Processing bin/incident-helper-cmd ...
Processing bin/incident_helper ...
Processing bin/incidentd ...
Processing bin/init ...
Processing bin/inotifyd ...
Processing bin/input ...
Processing bin/insmod ...
Processing bin/install ...
Processing bin/installd ...
Processing bin/ionice ...
Processing bin/iorenice ...
Processing bin/ip ...
Processing bin/ip-up-vpn ...
Processing bin/ip-wrapper-1.0 ...
Processing bin/ip6tables ...
Processing bin/ip6tables-restore ...
Processing bin/ip6tables-save ...
Processing bin/ip6tables-wrapper-1.0 ...
Processing bin/iptables ...
Processing bin/iptables-restore ...
Processing bin/iptables-save ...
Processing bin/iptables-wrapper-1.0 ...
Processing bin/iwpriv ...
Processing bin/keystore2 ...
Processing bin/keystore_cli_v2 ...
Processing bin/kill ...
Processing bin/killall ...
Processing bin/ld.mc ...
Processing bin/ldd ...
Processing bin/librank ...
Processing bin/linker ...
Processing bin/linker64 ...
Processing bin/linker_asan ...
Processing bin/linker_asan64 ...
Processing bin/linker_hwasan64 ...
Processing bin/llkd ...
Processing bin/lmkd ...
Processing bin/ln ...
Processing bin/load_policy ...
Processing bin/locksettings ...
Processing bin/log ...
Processing bin/logcat ...
Processing bin/logd ...
Processing bin/logger ...
Processing bin/logname ...
Processing bin/logwrapper ...
Processing bin/losetup ...
Processing bin/lpdump ...
Processing bin/lpdumpd ...
Processing bin/ls ...
Processing bin/lsattr ...
Processing bin/lshal ...
Processing bin/lsmod ...
Processing bin/lsof ...
Processing bin/lspci ...
Processing bin/lsusb ...
Processing bin/make_f2fs ...
Processing bin/md5sum ...
Processing bin/mdnsd ...
Processing bin/mediaextractor ...
Processing bin/mediametrics ...
Processing bin/mediaserver32 ...
Processing bin/mediaserver64 ...
Processing bin/microcom ...
Processing bin/migrate_legacy_obb_data ...
Processing bin/mini-keyctl ...
Processing bin/mkdir ...
Processing bin/mke2fs ...
Processing bin/mkfifo ...
Processing bin/mkfs.erofs ...
Processing bin/mkfs.exfat ...
Processing bin/mkfs.ext2 ...
Processing bin/mkfs.ext3 ...
Processing bin/mkfs.ext4 ...
Processing bin/mknod ...
Processing bin/mkswap ...
Processing bin/mktemp ...
Processing bin/mm_events ...
Processing bin/modinfo ...
Processing bin/modprobe ...
Processing bin/monkey ...
Processing bin/more ...
Processing bin/mount ...
Processing bin/mountpoint ...
Processing bin/mtectrl ...
Processing bin/mtpd ...
Processing bin/mv ...
Processing bin/nc ...
Processing bin/ndc ...
Processing bin/ndc-wrapper-1.0 ...
Processing bin/netcat ...
Processing bin/netd ...
Processing bin/netstat ...
Processing bin/netutils-wrapper-1.0 ...
Processing bin/newfs_msdos ...
Processing bin/nice ...
Processing bin/nl ...
Processing bin/nohup ...
Processing bin/nproc ...
Processing bin/nsenter ...
Processing bin/od ...
Processing bin/odsign ...
Processing bin/oem-iptables-init.sh ...
Processing bin/otapreopt ...
Processing bin/otapreopt_chroot ...
Processing bin/otapreopt_script ...
Processing bin/otapreopt_slot ...
Processing bin/paste ...
Processing bin/patch ...
Processing bin/perfetto ...
Processing bin/pgrep ...
Processing bin/pidof ...
Processing bin/ping ...
Processing bin/ping6 ...
Processing bin/pkill ...
Processing bin/pm ...
Processing bin/pmap ...
Processing bin/pppd ...
Processing bin/preloads_copy.sh ...
Processing bin/preopt2cachename ...
Processing bin/printenv ...
Processing bin/printf ...
Processing bin/prng_seeder ...
Processing bin/procrank ...
Processing bin/ps ...
Processing bin/pwd ...
Processing bin/racoon ...
Processing bin/readelf ...
Processing bin/readlink ...
Processing bin/realpath ...
Processing bin/reboot ...
Processing bin/recovery-persist ...
Processing bin/renice ...
Processing bin/requestsync ...
Processing bin/resize.f2fs ...
Processing bin/resize2fs ...
Processing bin/restorecon ...
Processing bin/rm ...
Processing bin/rmdir ...
Processing bin/rmmod ...
Processing bin/rss_hwm_reset ...
Processing bin/rtcwake ...
Processing bin/run-as ...
Processing bin/runcon ...
Processing bin/schedtest ...
Processing bin/screencap ...
Processing bin/screenrecord ...
Processing bin/sdcard ...
Processing bin/secdiscard ...
Processing bin/secilc ...
Processing bin/sed ...
Processing bin/sendevent ...
Processing bin/sensorservice ...
Processing bin/seq ...
Processing bin/service ...
Processing bin/servicemanager ...
Processing bin/setenforce ...
Processing bin/setprop ...
Processing bin/setsid ...
Processing bin/settaskprofile ...
Processing bin/settings ...
Processing bin/sgdisk ...
Processing bin/sh ...
Processing bin/sha1sum ...
Processing bin/sha224sum ...
Processing bin/sha256sum ...
Processing bin/sha384sum ...
Processing bin/sha512sum ...
Processing bin/showmap ...
Processing bin/simpleperf ...
Processing bin/simpleperf_app_runner ...
Processing bin/sleep ...
Processing bin/sload_f2fs ...
Processing bin/sm ...
Processing bin/snapshotctl ...
Processing bin/snapuserd ...
Processing bin/sort ...
Processing bin/split ...
Processing bin/ss ...
Processing bin/start ...
Processing bin/stat ...
Processing bin/stop ...
Processing bin/storaged ...
Processing bin/strings ...
Processing bin/stty ...
Processing bin/surfaceflinger ...
Processing bin/svc ...
Processing bin/swapoff ...
Processing bin/swapon ...
Processing bin/sync ...
Processing bin/sysctl ...
Processing bin/tac ...
Processing bin/tail ...
Processing bin/tar ...
Processing bin/taskset ...
Processing bin/tc ...
Processing bin/tc-wrapper-1.0 ...
Processing bin/tcpdump ...
Processing bin/tee ...
Processing bin/telecom ...
Processing bin/test ...
Processing bin/time ...
Processing bin/timeout ...
Processing bin/tombstoned ...
Processing bin/toolbox ...
Processing bin/top ...
Processing bin/touch ...
Processing bin/toybox ...
Processing bin/tr ...
Processing bin/traced ...
Processing bin/traced_perf ...
Processing bin/traced_probes ...
Processing bin/trigger_perfetto ...
Processing bin/true ...
Processing bin/truncate ...
Processing bin/tty ...
Processing bin/tune2fs ...
Processing bin/uclampset ...
Processing bin/ue_server ...
Processing bin/ueventd ...
Processing bin/uiautomator ...
Processing bin/uinput ...
Processing bin/ulimit ...
Processing bin/umount ...
Processing bin/uname ...
Processing bin/uncrypt ...
Processing bin/uniq ...
Processing bin/unix2dos ...
Processing bin/unlink ...
Processing bin/unshare ...
Processing bin/unzip ...
Processing bin/update_engine ...
Processing bin/update_verifier ...
Processing bin/uptime ...
Processing bin/usbd ...
Processing bin/usleep ...
Processing bin/uudecode ...
Processing bin/uuencode ...
Processing bin/uuidgen ...
Processing bin/vdc ...
Processing bin/vi ...
Processing bin/viewcompiler ...
Processing bin/vmstat ...
Processing bin/vold ...
Processing bin/vold_prepare_subdirs ...
Processing bin/vr ...
Processing bin/watch ...
Processing bin/watchdogd ...
Processing bin/wc ...
Processing bin/which ...
Processing bin/whoami ...
Processing bin/wificond ...
Processing bin/wm ...
Processing bin/xargs ...
Processing bin/xml2abx ...
Processing bin/xxd ...
Processing bin/yes ...
Processing bin/zcat ...
Processing bin/zipinfo ...
Processing bin/ziptool ...
Processing bin/zuidebug_dump_meminfo.sh ...
Processing bin/zuimode.sh ...
Processing bin/bootstrap/linker ...
Processing bin/bootstrap/linker64 ...
Processing bin/bootstrap/linker_asan ...
Processing bin/bootstrap/linker_asan64 ...
Processing bin/bootstrap/linker_hwasan64 ...
Processing bin/hw/android.hidl.allocator@1.0-service ...
Processing bin/hw/android.system.suspend-service ...
Processing etc/EngineeringCode ...
Processing etc/NOTICE.xml.gz ...
Processing etc/TelephonyLog_dynamic.xml ...
Processing etc/ZuiMemCleanerConfig.xml ...
Processing etc/adj_customize_config.xml ...
Processing etc/ams_aal_config.xml ...
Processing etc/apns-conf.xml ...
Processing etc/audio_effects.conf ...
Processing etc/audio_effects.xml ...
Processing etc/audioeffect_whitelist.xml ...
Processing etc/bgmusic ...
Processing etc/bluetooth ...
Processing etc/boot-image.bprof ...
Processing etc/boot-image.prof ...
Processing etc/bpf ...
Processing etc/camera ...
Processing etc/cgroups.json ...
Processing etc/classpaths ...
Processing etc/compatconfig ...
Processing etc/countrycode ...
Processing etc/countrycode_key-layout ...
Processing etc/default-permissions ...
Processing etc/demomode ...
Processing etc/dirty-image-objects ...
Processing etc/displayconfig ...
Processing etc/dynamic-features ...
Processing etc/event-log-tags ...
Processing etc/fonts.xml ...
Processing etc/fs_config_dirs ...
Processing etc/fs_config_files ...
Processing etc/fstab.postinstall ...
Processing etc/ftrace_synthetic_events.conf ...
Processing etc/gps_debug.conf ...
Processing etc/group ...
Processing etc/hosts ...
Processing etc/init ...
Processing etc/libnfc-nci.conf ...
Processing etc/linker.config.pb ...
Processing etc/media_profiles_V1_0.dtd ...
Processing etc/mke2fs.conf ...
Processing etc/mkshrc ...
Processing etc/motion_predictor_model.fb ...
Processing etc/motorola ...
Processing etc/msync_ctrl_table.xml ...
Processing etc/open_msync_app_list.xml ...
Processing etc/otherapp_policy.xml ...
Processing etc/passwd ...
Processing etc/performanceconfig.xml ...
Processing etc/permissions ...
Processing etc/preloaded-classes ...
Processing etc/protolog.conf.json.gz ...
Processing etc/public.libraries-mtk.txt ...
Processing etc/public.libraries-trustonic.txt ...
Processing etc/public.libraries.txt ...
Processing etc/resolution_tuner_app_list.xml ...
Processing etc/sanitizer.libraries.txt ...
Processing etc/seccomp_policy ...
Processing etc/security ...
Processing etc/selinux ...
Processing etc/sysconfig ...
Processing etc/task_profiles ...
Processing etc/task_profiles.json ...
Processing etc/ueventd.rc ...
Processing etc/vintf ...
Processing etc/vndkcorevariant.libraries.txt ...
Processing etc/watchheap_app.xml ...
Processing etc/wps.prop ...
Processing etc/xtables.lock ...
Processing etc/zuipp_config.xml ...
Processing etc/zuipp_powercfg.xml ...
Processing etc/EngineeringCode/country_code_list.xml ...
Processing etc/bgmusic/autumn_wind_audio.m4a ...
Processing etc/bgmusic/autumn_wind_cover.png ...
Processing etc/bgmusic/barley_audio.m4a ...
Processing etc/bgmusic/barley_cover.png ...
Processing etc/bgmusic/campfire_audio.m4a ...
Processing etc/bgmusic/campfire_cover.png ...
Processing etc/bgmusic/cicada_audio.m4a ...
Processing etc/bgmusic/cicada_cover.png ...
Processing etc/bgmusic/countryside_morning_audio.m4a ...
Processing etc/bgmusic/countryside_morning_cover.png ...
Processing etc/bgmusic/cozy_night_audio.m4a ...
Processing etc/bgmusic/cozy_night_cover.png ...
Processing etc/bgmusic/cuckoo_audio.m4a ...
Processing etc/bgmusic/cuckoo_cover.png ...
Processing etc/bgmusic/current_audio.m4a ...
Processing etc/bgmusic/current_cover.png ...
Processing etc/bgmusic/drizzle_audio.m4a ...
Processing etc/bgmusic/drizzle_cover.png ...
Processing etc/bgmusic/forest_audio.m4a ...
Processing etc/bgmusic/forest_cover.png ...
Processing etc/bgmusic/her_city_audio.m4a ...
Processing etc/bgmusic/her_city_cover.png ...
Processing etc/bgmusic/long_way_audio.m4a ...
Processing etc/bgmusic/long_way_cover.png ...
Processing etc/bgmusic/muse_audio.m4a ...
Processing etc/bgmusic/muse_cover.png ...
Processing etc/bgmusic/ocean_audio.m4a ...
Processing etc/bgmusic/ocean_cover.png ...
Processing etc/bgmusic/prologue_audio.m4a ...
Processing etc/bgmusic/prologue_cover.png ...
Processing etc/bgmusic/rain_audio.m4a ...
Processing etc/bgmusic/rain_cover.png ...
Processing etc/bgmusic/spring_rain_audio.m4a ...
Processing etc/bgmusic/spring_rain_cover.png ...
Processing etc/bgmusic/storm_audio.m4a ...
Processing etc/bgmusic/storm_cover.png ...
Processing etc/bgmusic/summer_night_audio.m4a ...
Processing etc/bgmusic/summer_night_cover.png ...
Processing etc/bgmusic/sunrise_audio.m4a ...
Processing etc/bgmusic/sunrise_cover.png ...
Processing etc/bluetooth/bt_mtk_iot_list.conf ...
Processing etc/bluetooth/mtk_bt_fw.conf ...
Processing etc/bluetooth/mtk_bt_stack.conf ...
Processing etc/bpf/fuseMedia.o ...
Processing etc/bpf/gpuMem.o ...
Processing etc/bpf/gpuWork.o ...
Processing etc/bpf/timeInState.o ...
Processing etc/camera/lcaf ...
Processing etc/camera/pandora ...
Processing etc/camera/lcaf/HDR ...
Processing etc/camera/lcaf/HDRD ...
Processing etc/camera/lcaf/LLS ...
Processing etc/camera/lcaf/denoiseparams ...
Processing etc/camera/lcaf/fb ...
Processing etc/camera/lcaf/srparams ...
Processing etc/camera/lcaf/HDR/algo_paras_hdr_arcsoft_front_1.json ...
Processing etc/camera/lcaf/HDR/algo_paras_hdr_arcsoft_front_2.json ...
Processing etc/camera/lcaf/HDR/algo_paras_hdr_arcsoft_front_3.json ...
Processing etc/camera/lcaf/HDR/algo_paras_hdr_arcsoft_rear_1.json ...
Processing etc/camera/lcaf/HDR/algo_paras_hdr_arcsoft_rear_2.json ...
Processing etc/camera/lcaf/HDR/algo_paras_hdr_arcsoft_rear_3.json ...
Processing etc/camera/lcaf/HDR/algo_paras_hdr_arcsoft_wide_1.json ...
Processing etc/camera/lcaf/HDR/algo_paras_hdr_arcsoft_wide_2.json ...
Processing etc/camera/lcaf/HDR/algo_paras_hdr_arcsoft_wide_3.json ...
Processing etc/camera/lcaf/HDRD/algo_paras_hdrd_arcsoft_front_1.json ...
Processing etc/camera/lcaf/HDRD/algo_paras_hdrd_arcsoft_front_2.json ...
Processing etc/camera/lcaf/HDRD/algo_paras_hdrd_arcsoft_front_3.json ...
Processing etc/camera/lcaf/HDRD/algo_paras_hdrd_arcsoft_rear_1.json ...
Processing etc/camera/lcaf/HDRD/algo_paras_hdrd_arcsoft_rear_2.json ...
Processing etc/camera/lcaf/HDRD/algo_paras_hdrd_arcsoft_rear_3.json ...
Processing etc/camera/lcaf/HDRD/algo_paras_hdrd_arcsoft_wide_1.json ...
Processing etc/camera/lcaf/HDRD/algo_paras_hdrd_arcsoft_wide_2.json ...
Processing etc/camera/lcaf/HDRD/algo_paras_hdrd_arcsoft_wide_3.json ...
Processing etc/camera/lcaf/LLS/algo_paras_mfnr_lls_arcsoft_front_1.json ...
Processing etc/camera/lcaf/LLS/algo_paras_mfnr_lls_arcsoft_front_2.json ...
Processing etc/camera/lcaf/LLS/algo_paras_mfnr_lls_arcsoft_front_3.json ...
Processing etc/camera/lcaf/LLS/algo_paras_mfnr_lls_arcsoft_rear_1.json ...
Processing etc/camera/lcaf/LLS/algo_paras_mfnr_lls_arcsoft_rear_2.json ...
Processing etc/camera/lcaf/LLS/algo_paras_mfnr_lls_arcsoft_rear_3.json ...
Processing etc/camera/lcaf/LLS/algo_paras_mfnr_lls_arcsoft_wide_1.json ...
Processing etc/camera/lcaf/LLS/algo_paras_mfnr_lls_arcsoft_wide_2.json ...
Processing etc/camera/lcaf/LLS/algo_paras_mfnr_lls_arcsoft_wide_3.json ...
Processing etc/camera/lcaf/denoiseparams/disableMfnr ...
Processing etc/camera/lcaf/denoiseparams/enableMfnr ...
Processing etc/camera/lcaf/denoiseparams/disableMfnr/morpho_sfnr_tuning_params_front_1.xml ...
Processing etc/camera/lcaf/denoiseparams/disableMfnr/morpho_sfnr_tuning_params_front_2.xml ...
Processing etc/camera/lcaf/denoiseparams/disableMfnr/morpho_sfnr_tuning_params_front_3.xml ...
Processing etc/camera/lcaf/denoiseparams/disableMfnr/morpho_sfnr_tuning_params_rear_1.xml ...
Processing etc/camera/lcaf/denoiseparams/disableMfnr/morpho_sfnr_tuning_params_rear_2.xml ...
Processing etc/camera/lcaf/denoiseparams/disableMfnr/morpho_sfnr_tuning_params_rear_3.xml ...
Processing etc/camera/lcaf/denoiseparams/disableMfnr/morpho_sfnr_tuning_params_wide_1.xml ...
Processing etc/camera/lcaf/denoiseparams/disableMfnr/morpho_sfnr_tuning_params_wide_2.xml ...
Processing etc/camera/lcaf/denoiseparams/disableMfnr/morpho_sfnr_tuning_params_wide_3.xml ...
Processing etc/camera/lcaf/denoiseparams/enableMfnr/morpho_sfnr_tuning_params_front_1.xml ...
Processing etc/camera/lcaf/denoiseparams/enableMfnr/morpho_sfnr_tuning_params_front_2.xml ...
Processing etc/camera/lcaf/denoiseparams/enableMfnr/morpho_sfnr_tuning_params_front_3.xml ...
Processing etc/camera/lcaf/denoiseparams/enableMfnr/morpho_sfnr_tuning_params_rear_1.xml ...
Processing etc/camera/lcaf/denoiseparams/enableMfnr/morpho_sfnr_tuning_params_rear_2.xml ...
Processing etc/camera/lcaf/denoiseparams/enableMfnr/morpho_sfnr_tuning_params_rear_3.xml ...
Processing etc/camera/lcaf/denoiseparams/enableMfnr/morpho_sfnr_tuning_params_wide_1.xml ...
Processing etc/camera/lcaf/denoiseparams/enableMfnr/morpho_sfnr_tuning_params_wide_2.xml ...
Processing etc/camera/lcaf/denoiseparams/enableMfnr/morpho_sfnr_tuning_params_wide_3.xml ...
Processing etc/camera/lcaf/fb/algo_paras_fb_fotonation_ap_front_1.json ...
Processing etc/camera/lcaf/fb/algo_paras_fb_fotonation_ap_front_2.json ...
Processing etc/camera/lcaf/fb/algo_paras_fb_fotonation_ap_front_3.json ...
Processing etc/camera/lcaf/fb/algo_paras_fb_fotonation_ap_rear_1.json ...
Processing etc/camera/lcaf/fb/algo_paras_fb_fotonation_ap_rear_2.json ...
Processing etc/camera/lcaf/fb/algo_paras_fb_fotonation_ap_rear_3.json ...
Processing etc/camera/lcaf/fb/algo_paras_fb_fotonation_ap_wide_1.json ...
Processing etc/camera/lcaf/fb/algo_paras_fb_fotonation_ap_wide_2.json ...
Processing etc/camera/lcaf/fb/algo_paras_fb_fotonation_ap_wide_3.json ...
Processing etc/camera/lcaf/fb/algo_paras_fb_fotonation_la_front_1.json ...
Processing etc/camera/lcaf/fb/algo_paras_fb_fotonation_la_front_2.json ...
Processing etc/camera/lcaf/fb/algo_paras_fb_fotonation_la_front_3.json ...
Processing etc/camera/lcaf/fb/algo_paras_fb_fotonation_la_rear_1.json ...
Processing etc/camera/lcaf/fb/algo_paras_fb_fotonation_la_rear_2.json ...
Processing etc/camera/lcaf/fb/algo_paras_fb_fotonation_la_rear_3.json ...
Processing etc/camera/lcaf/fb/algo_paras_fb_fotonation_la_wide_1.json ...
Processing etc/camera/lcaf/fb/algo_paras_fb_fotonation_la_wide_2.json ...
Processing etc/camera/lcaf/fb/algo_paras_fb_fotonation_la_wide_3.json ...
Processing etc/camera/lcaf/fb/algo_paras_fb_fotonation_na_front_1.json ...
Processing etc/camera/lcaf/fb/algo_paras_fb_fotonation_na_front_2.json ...
Processing etc/camera/lcaf/fb/algo_paras_fb_fotonation_na_front_3.json ...
Processing etc/camera/lcaf/fb/algo_paras_fb_fotonation_na_rear_1.json ...
Processing etc/camera/lcaf/fb/algo_paras_fb_fotonation_na_rear_2.json ...
Processing etc/camera/lcaf/fb/algo_paras_fb_fotonation_na_rear_3.json ...
Processing etc/camera/lcaf/fb/algo_paras_fb_fotonation_na_wide_1.json ...
Processing etc/camera/lcaf/fb/algo_paras_fb_fotonation_na_wide_2.json ...
Processing etc/camera/lcaf/fb/algo_paras_fb_fotonation_na_wide_3.json ...
Processing etc/camera/lcaf/srparams/morpho_hdsr_tuning_params_rear_1.xml ...
Processing etc/camera/lcaf/srparams/morpho_hdsr_tuning_params_rear_2.xml ...
Processing etc/camera/lcaf/srparams/morpho_hdsr_tuning_params_rear_3.xml ...
Processing etc/camera/pandora/GlobalConfigs.ini ...
Processing etc/camera/pandora/autoFramingSupportedApps.txt ...
Processing etc/camera/pandora/autoframing_cfg ...
Processing etc/camera/pandora/faceBeautySupportedApps.txt ...
Processing etc/camera/pandora/fotonation_cfg ...
Processing etc/camera/pandora/portraitMaskSupportedApps.txt ...
Processing etc/camera/pandora/portraitmask_cfg ...
Processing etc/camera/pandora/screenRecordSupportedApps.txt ...
Processing etc/camera/pandora/source_front ...
Processing etc/camera/pandora/source_main ...
Processing etc/camera/pandora/autoframing_cfg/ssd_mobilenet300.dnn ...
Processing etc/camera/pandora/fotonation_cfg/VfbTuningInterface_ap.xml ...
Processing etc/camera/pandora/fotonation_cfg/VfbTuningInterface_la.xml ...
Processing etc/camera/pandora/fotonation_cfg/VfbTuningInterface_na.xml ...
Processing etc/camera/pandora/portraitmask_cfg/10_0.jpg ...
Processing etc/camera/pandora/portraitmask_cfg/10_180.jpg ...
Processing etc/camera/pandora/portraitmask_cfg/10_270.jpg ...
Processing etc/camera/pandora/portraitmask_cfg/10_90.jpg ...
Processing etc/camera/pandora/portraitmask_cfg/2_0.jpg ...
Processing etc/camera/pandora/portraitmask_cfg/2_180.jpg ...
Processing etc/camera/pandora/portraitmask_cfg/2_270.jpg ...
Processing etc/camera/pandora/portraitmask_cfg/2_90.jpg ...
Processing etc/camera/pandora/portraitmask_cfg/3_0.jpg ...
Processing etc/camera/pandora/portraitmask_cfg/3_180.jpg ...
Processing etc/camera/pandora/portraitmask_cfg/3_270.jpg ...
Processing etc/camera/pandora/portraitmask_cfg/3_90.jpg ...
Processing etc/camera/pandora/portraitmask_cfg/4_0.jpg ...
Processing etc/camera/pandora/portraitmask_cfg/4_180.jpg ...
Processing etc/camera/pandora/portraitmask_cfg/4_270.jpg ...
Processing etc/camera/pandora/portraitmask_cfg/4_90.jpg ...
Processing etc/camera/pandora/portraitmask_cfg/5_0.jpg ...
Processing etc/camera/pandora/portraitmask_cfg/5_180.jpg ...
Processing etc/camera/pandora/portraitmask_cfg/5_270.jpg ...
Processing etc/camera/pandora/portraitmask_cfg/5_90.jpg ...
Processing etc/camera/pandora/portraitmask_cfg/6_0.jpg ...
Processing etc/camera/pandora/portraitmask_cfg/6_180.jpg ...
Processing etc/camera/pandora/portraitmask_cfg/6_270.jpg ...
Processing etc/camera/pandora/portraitmask_cfg/6_90.jpg ...
Processing etc/camera/pandora/portraitmask_cfg/7_0.jpg ...
Processing etc/camera/pandora/portraitmask_cfg/7_180.jpg ...
Processing etc/camera/pandora/portraitmask_cfg/7_270.jpg ...
Processing etc/camera/pandora/portraitmask_cfg/7_90.jpg ...
Processing etc/camera/pandora/portraitmask_cfg/8_0.jpg ...
Processing etc/camera/pandora/portraitmask_cfg/8_180.jpg ...
Processing etc/camera/pandora/portraitmask_cfg/8_270.jpg ...
Processing etc/camera/pandora/portraitmask_cfg/8_90.jpg ...
Processing etc/camera/pandora/portraitmask_cfg/9_0.jpg ...
Processing etc/camera/pandora/portraitmask_cfg/9_180.jpg ...
Processing etc/camera/pandora/portraitmask_cfg/9_270.jpg ...
Processing etc/camera/pandora/portraitmask_cfg/9_90.jpg ...
Processing etc/camera/pandora/source_front/Pandora.algorithm.360ai.PortraitVirtual.xml ...
Processing etc/camera/pandora/source_front/Pandora.algorithm.fotonation.facebeauty.xml ...
Processing etc/camera/pandora/source_front/Pandora.algorithm.lenovo.imagerotate.xml ...
Processing etc/camera/pandora/source_front/Pandora.algorithm.lenovo.pip.xml ...
Processing etc/camera/pandora/source_front/Pandora.algorithm.morpho.PortraitEffect.xml ...
Processing etc/camera/pandora/source_front/Pandora.algorithm.morpho.autoframing.xml ...
Processing etc/camera/pandora/source_front/Pandora.algorithm.niklas.DummyPreviewVideoAlgorithm.xml ...
Processing etc/camera/pandora/source_front/Pandora.algorithm.niklas.DummySnapshotAlgorithm.xml ...
Processing etc/camera/pandora/source_front/Pandora.algorithm.xsd ...
Processing etc/camera/pandora/source_front/Pandora.conditions.xml ...
Processing etc/camera/pandora/source_front/Pandora.conditions.xsd ...
Processing etc/camera/pandora/source_front/Pandora.pipeline.PreviewVideo.1.xml ...
Processing etc/camera/pandora/source_front/Pandora.pipeline.Snapshot.1.xml ...
Processing etc/camera/pandora/source_front/Pandora.pipeline.xsd ...
Processing etc/camera/pandora/source_front/Pandora.segment.xsd ...
Processing etc/camera/pandora/source_main/Pandora.algorithm.360ai.PortraitVirtual.xml ...
Processing etc/camera/pandora/source_main/Pandora.algorithm.fotonation.facebeauty.xml ...
Processing etc/camera/pandora/source_main/Pandora.algorithm.lenovo.imagerotate.xml ...
Processing etc/camera/pandora/source_main/Pandora.algorithm.lenovo.pip.xml ...
Processing etc/camera/pandora/source_main/Pandora.algorithm.morpho.PortraitEffect.xml ...
Processing etc/camera/pandora/source_main/Pandora.algorithm.morpho.autoframing.xml ...
Processing etc/camera/pandora/source_main/Pandora.algorithm.niklas.DummyPreviewVideoAlgorithm.xml ...
Processing etc/camera/pandora/source_main/Pandora.algorithm.niklas.DummySnapshotAlgorithm.xml ...
Processing etc/camera/pandora/source_main/Pandora.algorithm.xsd ...
Processing etc/camera/pandora/source_main/Pandora.conditions.xml ...
Processing etc/camera/pandora/source_main/Pandora.conditions.xsd ...
Processing etc/camera/pandora/source_main/Pandora.pipeline.PreviewVideo.1.xml ...
Processing etc/camera/pandora/source_main/Pandora.pipeline.Snapshot.1.xml ...
Processing etc/camera/pandora/source_main/Pandora.pipeline.xsd ...
Processing etc/camera/pandora/source_main/Pandora.segment.xsd ...
Processing etc/classpaths/bootclasspath.pb ...
Processing etc/classpaths/systemserverclasspath.pb ...
Processing etc/compatconfig/TeleService-platform-compat-config.xml ...
Processing etc/compatconfig/calendar-provider-compat-config.xml ...
Processing etc/compatconfig/contacts-provider-platform-compat-config.xml ...
Processing etc/compatconfig/documents-ui-compat-config.xml ...
Processing etc/compatconfig/framework-platform-compat-config.xml ...
Processing etc/compatconfig/icu4j-platform-compat-config.xml ...
Processing etc/compatconfig/services-platform-compat-config.xml ...
Processing etc/countrycode/AE_config.xml ...
Processing etc/countrycode/AR_config.xml ...
Processing etc/countrycode/AT_config.xml ...
Processing etc/countrycode/AU_config.xml ...
Processing etc/countrycode/BE_config.xml ...
Processing etc/countrycode/BG_config.xml ...
Processing etc/countrycode/BH_config.xml ...
Processing etc/countrycode/BR_config.xml ...
Processing etc/countrycode/BUNDLE_config.xml ...
Processing etc/countrycode/CA_config.xml ...
Processing etc/countrycode/CH_config.xml ...
Processing etc/countrycode/CL_config.xml ...
Processing etc/countrycode/CO_config.xml ...
Processing etc/countrycode/CR_config.xml ...
Processing etc/countrycode/CY_config.xml ...
Processing etc/countrycode/CZ_config.xml ...
Processing etc/countrycode/DE_config.xml ...
Processing etc/countrycode/DE_s_config.xml ...
Processing etc/countrycode/DK_config.xml ...
Processing etc/countrycode/EC_config.xml ...
Processing etc/countrycode/EEA_v2_config.xml ...
Processing etc/countrycode/EE_config.xml ...
Processing etc/countrycode/EG_config.xml ...
Processing etc/countrycode/ES_config.xml ...
Processing etc/countrycode/FI_config.xml ...
Processing etc/countrycode/FR_config.xml ...
Processing etc/countrycode/GB_config.xml ...
Processing etc/countrycode/GH_config.xml ...
Processing etc/countrycode/GR_config.xml ...
Processing etc/countrycode/GT_config.xml ...
Processing etc/countrycode/HK_config.xml ...
Processing etc/countrycode/HR_config.xml ...
Processing etc/countrycode/HU_config.xml ...
Processing etc/countrycode/ID_config.xml ...
Processing etc/countrycode/IL_config.xml ...
Processing etc/countrycode/IN_config.xml ...
Processing etc/countrycode/IS_config.xml ...
Processing etc/countrycode/IT_config.xml ...
Processing etc/countrycode/IT_s_config.xml ...
Processing etc/countrycode/JO_config.xml ...
Processing etc/countrycode/JP_config.xml ...
Processing etc/countrycode/KE_config.xml ...
Processing etc/countrycode/KR_config.xml ...
Processing etc/countrycode/KW_config.xml ...
Processing etc/countrycode/LB_config.xml ...
Processing etc/countrycode/LT_config.xml ...
Processing etc/countrycode/LV_config.xml ...
Processing etc/countrycode/MA_config.xml ...
Processing etc/countrycode/MU_config.xml ...
Processing etc/countrycode/MX_config.xml ...
Processing etc/countrycode/MY_config.xml ...
Processing etc/countrycode/MZ_config.xml ...
Processing etc/countrycode/NA_config.xml ...
Processing etc/countrycode/NG_config.xml ...
Processing etc/countrycode/NL_config.xml ...
Processing etc/countrycode/NO_config.xml ...
Processing etc/countrycode/NZ_config.xml ...
Processing etc/countrycode/OM_config.xml ...
Processing etc/countrycode/PA_config.xml ...
Processing etc/countrycode/PE_config.xml ...
Processing etc/countrycode/PH_config.xml ...
Processing etc/countrycode/PK_config.xml ...
Processing etc/countrycode/PL_config.xml ...
Processing etc/countrycode/PT_config.xml ...
Processing etc/countrycode/QA_config.xml ...
Processing etc/countrycode/ROW_config.xml ...
Processing etc/countrycode/RO_config.xml ...
Processing etc/countrycode/RS_config.xml ...
Processing etc/countrycode/RU_config.xml ...
Processing etc/countrycode/SA_config.xml ...
Processing etc/countrycode/SE_config.xml ...
Processing etc/countrycode/SG_config.xml ...
Processing etc/countrycode/SI_config.xml ...
Processing etc/countrycode/SK_config.xml ...
Processing etc/countrycode/SV_config.xml ...
Processing etc/countrycode/TH_config.xml ...
Processing etc/countrycode/TN_config.xml ...
Processing etc/countrycode/TR_config.xml ...
Processing etc/countrycode/TW_config.xml ...
Processing etc/countrycode/TZ_config.xml ...
Processing etc/countrycode/UA_config.xml ...
Processing etc/countrycode/UG_config.xml ...
Processing etc/countrycode/UNBUNDLE_config.xml ...
Processing etc/countrycode/USN_config.xml ...
Processing etc/countrycode/US_config.xml ...
Processing etc/countrycode/UY_config.xml ...
Processing etc/countrycode/VE_config.xml ...
Processing etc/countrycode/VN_config.xml ...
Processing etc/countrycode/ZA_config.xml ...
Processing etc/countrycode/common_config.xml ...
Processing etc/countrycode/country_code_list.xml ...
Processing etc/countrycode_key-layout/AE_config.xml ...
Processing etc/countrycode_key-layout/AR_config.xml ...
Processing etc/countrycode_key-layout/AT_config.xml ...
Processing etc/countrycode_key-layout/AUD_config.xml ...
Processing etc/countrycode_key-layout/AU_config.xml ...
Processing etc/countrycode_key-layout/BE_config.xml ...
Processing etc/countrycode_key-layout/BG_config.xml ...
Processing etc/countrycode_key-layout/BH_config.xml ...
Processing etc/countrycode_key-layout/BR_config.xml ...
Processing etc/countrycode_key-layout/CA_config.xml ...
Processing etc/countrycode_key-layout/CH_config.xml ...
Processing etc/countrycode_key-layout/CL_config.xml ...
Processing etc/countrycode_key-layout/CN_config.xml ...
Processing etc/countrycode_key-layout/CO_config.xml ...
Processing etc/countrycode_key-layout/CR_config.xml ...
Processing etc/countrycode_key-layout/CY_config.xml ...
Processing etc/countrycode_key-layout/CZ_config.xml ...
Processing etc/countrycode_key-layout/DE_config.xml ...
Processing etc/countrycode_key-layout/DK_config.xml ...
Processing etc/countrycode_key-layout/EC_config.xml ...
Processing etc/countrycode_key-layout/EE_config.xml ...
Processing etc/countrycode_key-layout/EG_config.xml ...
Processing etc/countrycode_key-layout/ES_config.xml ...
Processing etc/countrycode_key-layout/FI_config.xml ...
Processing etc/countrycode_key-layout/FR_config.xml ...
Processing etc/countrycode_key-layout/GBD_config.xml ...
Processing etc/countrycode_key-layout/GB_config.xml ...
Processing etc/countrycode_key-layout/GH_config.xml ...
Processing etc/countrycode_key-layout/GR_config.xml ...
Processing etc/countrycode_key-layout/GT_config.xml ...
Processing etc/countrycode_key-layout/HK_config.xml ...
Processing etc/countrycode_key-layout/HR_config.xml ...
Processing etc/countrycode_key-layout/HU_config.xml ...
Processing etc/countrycode_key-layout/ID_config.xml ...
Processing etc/countrycode_key-layout/IL_config.xml ...
Processing etc/countrycode_key-layout/IND_config.xml ...
Processing etc/countrycode_key-layout/IN_config.xml ...
Processing etc/countrycode_key-layout/IS_config.xml ...
Processing etc/countrycode_key-layout/IT_config.xml ...
Processing etc/countrycode_key-layout/JO_config.xml ...
Processing etc/countrycode_key-layout/JPD_config.xml ...
Processing etc/countrycode_key-layout/JP_config.xml ...
Processing etc/countrycode_key-layout/KE_config.xml ...
Processing etc/countrycode_key-layout/KR_config.xml ...
Processing etc/countrycode_key-layout/LB_config.xml ...
Processing etc/countrycode_key-layout/LT_config.xml ...
Processing etc/countrycode_key-layout/LV_config.xml ...
Processing etc/countrycode_key-layout/MA_config.xml ...
Processing etc/countrycode_key-layout/MU_config.xml ...
Processing etc/countrycode_key-layout/MX_config.xml ...
Processing etc/countrycode_key-layout/MY_config.xml ...
Processing etc/countrycode_key-layout/MZ_config.xml ...
Processing etc/countrycode_key-layout/NG_config.xml ...
Processing etc/countrycode_key-layout/NL_config.xml ...
Processing etc/countrycode_key-layout/NO_config.xml ...
Processing etc/countrycode_key-layout/NZ_config.xml ...
Processing etc/countrycode_key-layout/OM_config.xml ...
Processing etc/countrycode_key-layout/PA_config.xml ...
Processing etc/countrycode_key-layout/PE_config.xml ...
Processing etc/countrycode_key-layout/PH_config.xml ...
Processing etc/countrycode_key-layout/PK_config.xml ...
Processing etc/countrycode_key-layout/PL_config.xml ...
Processing etc/countrycode_key-layout/PT_config.xml ...
Processing etc/countrycode_key-layout/RO_config.xml ...
Processing etc/countrycode_key-layout/RS_config.xml ...
Processing etc/countrycode_key-layout/RU_config.xml ...
Processing etc/countrycode_key-layout/SA_config.xml ...
Processing etc/countrycode_key-layout/SE_config.xml ...
Processing etc/countrycode_key-layout/SG_config.xml ...
Processing etc/countrycode_key-layout/SI_config.xml ...
Processing etc/countrycode_key-layout/SK_config.xml ...
Processing etc/countrycode_key-layout/SV_config.xml ...
Processing etc/countrycode_key-layout/TH_config.xml ...
Processing etc/countrycode_key-layout/TN_config.xml ...
Processing etc/countrycode_key-layout/TR_config.xml ...
Processing etc/countrycode_key-layout/TW_config.xml ...
Processing etc/countrycode_key-layout/TZ_config.xml ...
Processing etc/countrycode_key-layout/UA_config.xml ...
Processing etc/countrycode_key-layout/UG_config.xml ...
Processing etc/countrycode_key-layout/US_config.xml ...
Processing etc/countrycode_key-layout/UY_config.xml ...
Processing etc/countrycode_key-layout/VE_config.xml ...
Processing etc/countrycode_key-layout/VN_config.xml ...
Processing etc/countrycode_key-layout/ZA_config.xml ...
Processing etc/default-permissions/default-permissions-com.aura.oobe.lenovo.xml ...
Processing etc/default-permissions/default-permissions-com.lenovo.ota-tabui.xml ...
Processing etc/default-permissions/default-permissions-com.lenovo.penservice.xml ...
Processing etc/default-permissions/default-permissions-com.tblenovo.center.xml ...
Processing etc/default-permissions/default-permissions-com.tblenovo.lenovowhatsnew.xml ...
Processing etc/default-permissions/default-permissions-com.zui.udevice.xml ...
Processing etc/default-permissions/default-permissions-wallpaper.xml ...
Processing etc/demomode/DemoMode ...
Processing etc/demomode/DemoMode/com.demomode.config.xml ...
Processing etc/displayconfig/default_television.xml ...
Processing etc/dynamic-features/eea-features.xml ...
Processing etc/dynamic-features/in-features.xml ...
Processing etc/dynamic-features/rsa-features.xml ...
Processing etc/dynamic-features/ru-features.xml ...
Processing etc/dynamic-features/tr-features.xml ...
Processing etc/init/android.hidl.allocator@1.0-service.rc ...
Processing etc/init/android.system.suspend-service.rc ...
Processing etc/init/apexd.rc ...
Processing etc/init/atrace.rc ...
Processing etc/init/audioserver.rc ...
Processing etc/init/blank_screen.rc ...
Processing etc/init/bluetooth.rc ...
Processing etc/init/bootanim.rc ...
Processing etc/init/bootstat.rc ...
Processing etc/init/bpfloader.rc ...
Processing etc/init/cameraconfig.rc ...
Processing etc/init/cameraserver.rc ...
Processing etc/init/cppreopts.rc ...
Processing etc/init/credstore.rc ...
Processing etc/init/dmesgd.rc ...
Processing etc/init/drmserver.rc ...
Processing etc/init/dumpstate.rc ...
Processing etc/init/factory_fm_control.rc ...
Processing etc/init/flags_health_check.rc ...
Processing etc/init/gatekeeperd.rc ...
Processing etc/init/gpuservice.rc ...
Processing etc/init/gsid.rc ...
Processing etc/init/heapprofd.rc ...
Processing etc/init/hw ...
Processing etc/init/hwservicemanager.rc ...
Processing etc/init/idmap2d.rc ...
Processing etc/init/incidentd.rc ...
Processing etc/init/init.lenovo.ue.rc ...
Processing etc/init/installd.rc ...
Processing etc/init/keystore2.rc ...
Processing etc/init/lenovocust.rc ...
Processing etc/init/lenovoraw.rc ...
Processing etc/init/levision.rc ...
Processing etc/init/lgsi_prop.cfg ...
Processing etc/init/llkd.rc ...
Processing etc/init/lmkd.rc ...
Processing etc/init/logd.rc ...
Processing etc/init/lpdumpd.rc ...
Processing etc/init/mdnsd.rc ...
Processing etc/init/mediaextractor.rc ...
Processing etc/init/mediametrics.rc ...
Processing etc/init/mtectrl.rc ...
Processing etc/init/mtpd.rc ...
Processing etc/init/netd.rc ...
Processing etc/init/odsign.rc ...
Processing etc/init/otapreopt.rc ...
Processing etc/init/otg_enable.rc ...
Processing etc/init/perfetto.rc ...
Processing etc/init/preinstall.rc ...
Processing etc/init/prng_seeder.rc ...
Processing etc/init/racoon.rc ...
Processing etc/init/recovery-persist.rc ...
Processing etc/init/rss_hwm_reset.rc ...
Processing etc/init/servicemanager.rc ...
Processing etc/init/simpleperf.rc ...
Processing etc/init/snapuserd.rc ...
Processing etc/init/storaged.rc ...
Processing etc/init/surfaceflinger.rc ...
Processing etc/init/tombstoned.rc ...
Processing etc/init/traced_perf.rc ...
Processing etc/init/uncrypt.rc ...
Processing etc/init/update_engine.rc ...
Processing etc/init/update_verifier.rc ...
Processing etc/init/usbd.rc ...
Processing etc/init/vold.rc ...
Processing etc/init/wifi.rc ...
Processing etc/init/wificond.rc ...
Processing etc/init/zuidebug.rc ...
Processing etc/init/zuimode.rc ...
Processing etc/init/hw/init.boringssl.no_zygote.rc ...
Processing etc/init/hw/init.boringssl.zygote32.rc ...
Processing etc/init/hw/init.boringssl.zygote64.rc ...
Processing etc/init/hw/init.boringssl.zygote64_32.rc ...
Processing etc/init/hw/init.rc ...
Processing etc/init/hw/init.usb.configfs.rc ...
Processing etc/init/hw/init.usb.rc ...
Processing etc/init/hw/init.zygote32.rc ...
Processing etc/init/hw/init.zygote64.rc ...
Processing etc/init/hw/init.zygote64_32.rc ...
Processing etc/init/hw/mediaserver.zygote64.rc ...
Processing etc/init/hw/mediaserver.zygote64_32.rc ...
Processing etc/motorola/bgintents ...
Processing etc/motorola/bgintents/com.android.systemui.bgintents.xml ...
Processing etc/motorola/bgintents/com.lenovo.ccs.autorun.xml ...
Processing etc/motorola/bgintents/com.lenovo.lsf.device.bgintents.xml ...
Processing etc/motorola/bgintents/com.lenovo.penservice.bgintents.xml ...
Processing etc/motorola/bgintents/com.lenovo.screensplit.bgintents.xml ...
Processing etc/motorola/bgintents/com.lenovo.weathercenter.autorun.xml ...
Processing etc/motorola/bgintents/com.tblenovo.center.autorun.xml ...
Processing etc/motorola/bgintents/com.tblenovo.center.bgintents.xml ...
Processing etc/motorola/bgintents/com.zui.camera.assistant.config.xml ...
Processing etc/motorola/bgintents/com.zui.freeform.sidebar.bgintents.xml ...
Processing etc/motorola/bgintents/com.zui.notes.bgintents.xml ...
Processing etc/motorola/bgintents/com.zui.pp.config.xml ...
Processing etc/motorola/bgintents/com.zui.udevice.config.xml ...
Processing etc/permissions/android.software.freeform_window_management.xml ...
Processing etc/permissions/android.software.live_wallpaper.xml ...
Processing etc/permissions/android.software.webview.xml ...
Processing etc/permissions/android.software.window_magnification.xml ...
Processing etc/permissions/android.test.base.xml ...
Processing etc/permissions/android.test.mock.xml ...
Processing etc/permissions/android.test.runner.xml ...
Processing etc/permissions/com.android.future.usb.accessory.xml ...
Processing etc/permissions/com.android.intentresolver.xml ...
Processing etc/permissions/com.android.location.provider.xml ...
Processing etc/permissions/com.android.media.remotedisplay.xml ...
Processing etc/permissions/com.android.mediadrm.signer.xml ...
Processing etc/permissions/com.android.nfc_extras.xml ...
Processing etc/permissions/com.android.settingslib.search.xml ...
Processing etc/permissions/com.lenovo.hec.lenovoextend.config.xml ...
Processing etc/permissions/com.miui.wm.shell.xml ...
Processing etc/permissions/com.zui.camera.record.inter.connection.xml ...
Processing etc/permissions/default-permissions-com.lenovo.lsf.xml ...
Processing etc/permissions/javax.obex.xml ...
Processing etc/permissions/miui-cameraopt.xml ...
Processing etc/permissions/moto-settings.xml ...
Processing etc/permissions/org.apache.http.legacy.xml ...
Processing etc/permissions/platform-miui.xml ...
Processing etc/permissions/platform.xml ...
Processing etc/permissions/pms_sysapp_removable_system_list.txt ...
Processing etc/permissions/pms_sysapp_removable_vendor_list.txt ...
Processing etc/permissions/privapp-permissions-DesktopLauncher.xml ...
Processing etc/permissions/privapp-permissions-LenovoLauncher.xml ...
Processing etc/permissions/privapp-permissions-LenovoLauncherWallpaper.xml ...
Processing etc/permissions/privapp-permissions-LenovoWhatsNew.xml ...
Processing etc/permissions/privapp-permissions-UE.xml ...
Processing etc/permissions/privapp-permissions-com.android.systemui.xml ...
Processing etc/permissions/privapp-permissions-com.aura.oobe.lenovo.xml ...
Processing etc/permissions/privapp-permissions-com.lenovo.hec.lenovoextend.xml ...
Processing etc/permissions/privapp-permissions-com.lenovo.lsf.device.xml ...
Processing etc/permissions/privapp-permissions-com.lenovo.screensplit.xml ...
Processing etc/permissions/privapp-permissions-com.zui.camera.assistant.xml ...
Processing etc/permissions/privapp-permissions-com.zui.camera.xml ...
Processing etc/permissions/privapp-permissions-com.zui.freeform.sidebar.xml ...
Processing etc/permissions/privapp-permissions-com.zui.notes.xml ...
Processing etc/permissions/privapp-permissions-com.zui.theme.settings.xml ...
Processing etc/permissions/privapp-permissions-com.zui.udevice.xml ...
Processing etc/permissions/privapp-permissions-com.zui.wifip2p.xml ...
Processing etc/permissions/privapp-permissions-lenovoime.xml ...
Processing etc/permissions/privapp-permissions-lenovolevision_zui.xml ...
Processing etc/permissions/privapp-permissions-mediatek.xml ...
Processing etc/permissions/privapp-permissions-mystical.xml ...
Processing etc/permissions/privapp-permissions-ocz-dsa.xml ...
Processing etc/permissions/privapp-permissions-ocz-ocpl.xml ...
Processing etc/permissions/privapp-permissions-tabletpushout.xml ...
Processing etc/permissions/privapp-permissions-tabuilenovoota.xml ...
Processing etc/permissions/privapp-permissions-tabuiudsengine.xml ...
Processing etc/permissions/privapp-permissions-tbcenter.xml ...
Processing etc/permissions/privapp-permissions-uface.xml ...
Processing etc/permissions/privapp-permissions-zui-row-setupwizard.xml ...
Processing etc/seccomp_policy/code_coverage.arm.policy ...
Processing etc/seccomp_policy/code_coverage.arm64.policy ...
Processing etc/seccomp_policy/crash_dump.arm.policy ...
Processing etc/seccomp_policy/crash_dump.arm64.policy ...
Processing etc/seccomp_policy/mediacodec.policy ...
Processing etc/seccomp_policy/mediaextractor.policy ...
Processing etc/security/cacerts ...
Processing etc/security/cacerts_google ...
Processing etc/security/fsverity ...
Processing etc/security/otacerts.zip ...
Processing etc/security/cacerts/01419da9.0 ...
Processing etc/security/cacerts/04f60c28.0 ...
Processing etc/security/cacerts/0d69c7e1.0 ...
Processing etc/security/cacerts/10531352.0 ...
Processing etc/security/cacerts/1ae85e5e.0 ...
Processing etc/security/cacerts/1b0f7e5c.0 ...
Processing etc/security/cacerts/1df5a75f.0 ...
Processing etc/security/cacerts/1e1eab7c.0 ...
Processing etc/security/cacerts/1e8e7201.0 ...
Processing etc/security/cacerts/1ec40989.0 ...
Processing etc/security/cacerts/1f58a078.0 ...
Processing etc/security/cacerts/219d9499.0 ...
Processing etc/security/cacerts/23f4c490.0 ...
Processing etc/security/cacerts/252252d2.0 ...
Processing etc/security/cacerts/2add47b6.0 ...
Processing etc/security/cacerts/2d9dafe4.0 ...
Processing etc/security/cacerts/302904dd.0 ...
Processing etc/security/cacerts/304d27c3.0 ...
Processing etc/security/cacerts/31188b5e.0 ...
Processing etc/security/cacerts/33ee480d.0 ...
Processing etc/security/cacerts/35105088.0 ...
Processing etc/security/cacerts/399e7759.0 ...
Processing etc/security/cacerts/3ad48a91.0 ...
Processing etc/security/cacerts/3c860d51.0 ...
Processing etc/security/cacerts/3c899c73.0 ...
Processing etc/security/cacerts/3c9a4d3b.0 ...
Processing etc/security/cacerts/3e7271e8.0 ...
Processing etc/security/cacerts/41a3f684.0 ...
Processing etc/security/cacerts/455f1b52.0 ...
Processing etc/security/cacerts/48a195d8.0 ...
Processing etc/security/cacerts/4be590e0.0 ...
Processing etc/security/cacerts/4c3982f2.0 ...
Processing etc/security/cacerts/5046c355.0 ...
Processing etc/security/cacerts/52b525c7.0 ...
Processing etc/security/cacerts/53a1b57a.0 ...
Processing etc/security/cacerts/583d0756.0 ...
Processing etc/security/cacerts/5a3f0ff8.0 ...
Processing etc/security/cacerts/5acf816d.0 ...
Processing etc/security/cacerts/5f47b495.0 ...
Processing etc/security/cacerts/5f9a69fa.0 ...
Processing etc/security/cacerts/5fdd185d.0 ...
Processing etc/security/cacerts/60afe812.0 ...
Processing etc/security/cacerts/6187b673.0 ...
Processing etc/security/cacerts/63a2c897.0 ...
Processing etc/security/cacerts/69105f4f.0 ...
Processing etc/security/cacerts/6b03dec0.0 ...
Processing etc/security/cacerts/6f7454b3.0 ...
Processing etc/security/cacerts/75680d2e.0 ...
Processing etc/security/cacerts/76579174.0 ...
Processing etc/security/cacerts/7892ad52.0 ...
Processing etc/security/cacerts/7a7c655d.0 ...
Processing etc/security/cacerts/7a819ef2.0 ...
Processing etc/security/cacerts/81b9768f.0 ...
Processing etc/security/cacerts/82223c44.0 ...
Processing etc/security/cacerts/83e9984f.0 ...
Processing etc/security/cacerts/85cde254.0 ...
Processing etc/security/cacerts/86212b19.0 ...
Processing etc/security/cacerts/869fbf79.0 ...
Processing etc/security/cacerts/8794b4e3.0 ...
Processing etc/security/cacerts/882de061.0 ...
Processing etc/security/cacerts/88950faa.0 ...
Processing etc/security/cacerts/89c02a45.0 ...
Processing etc/security/cacerts/8d6437c3.0 ...
Processing etc/security/cacerts/9282e51c.0 ...
Processing etc/security/cacerts/9339512a.0 ...
Processing etc/security/cacerts/93851c9e.0 ...
Processing etc/security/cacerts/9479c8c3.0 ...
Processing etc/security/cacerts/9576d26b.0 ...
Processing etc/security/cacerts/9591a472.0 ...
Processing etc/security/cacerts/95aff9e3.0 ...
Processing etc/security/cacerts/9685a493.0 ...
Processing etc/security/cacerts/985c1f52.0 ...
Processing etc/security/cacerts/99e1b953.0 ...
Processing etc/security/cacerts/9aef356c.0 ...
Processing etc/security/cacerts/9d6523ce.0 ...
Processing etc/security/cacerts/a2c66da8.0 ...
Processing etc/security/cacerts/a3896b44.0 ...
Processing etc/security/cacerts/a716d4ed.0 ...
Processing etc/security/cacerts/a81e292b.0 ...
Processing etc/security/cacerts/a9d40e02.0 ...
Processing etc/security/cacerts/ab5346f4.0 ...
Processing etc/security/cacerts/ab59055e.0 ...
Processing etc/security/cacerts/b0ed035a.0 ...
Processing etc/security/cacerts/b0f3e76e.0 ...
Processing etc/security/cacerts/b30d5fda.0 ...
Processing etc/security/cacerts/b3fb433b.0 ...
Processing etc/security/cacerts/b74d2bd5.0 ...
Processing etc/security/cacerts/b7db1890.0 ...
Processing etc/security/cacerts/b872f2b4.0 ...
Processing etc/security/cacerts/b92fd57f.0 ...
Processing etc/security/cacerts/b936d1c6.0 ...
Processing etc/security/cacerts/bc3f2570.0 ...
Processing etc/security/cacerts/bd43e1dd.0 ...
Processing etc/security/cacerts/bdacca6f.0 ...
Processing etc/security/cacerts/bf64f35b.0 ...
Processing etc/security/cacerts/c44cc0c0.0 ...
Processing etc/security/cacerts/c491639e.0 ...
Processing etc/security/cacerts/c559d742.0 ...
Processing etc/security/cacerts/c7f1359b.0 ...
Processing etc/security/cacerts/c90bc37d.0 ...
Processing etc/security/cacerts/cb1c3204.0 ...
Processing etc/security/cacerts/ccc52f49.0 ...
Processing etc/security/cacerts/cf701eeb.0 ...
Processing etc/security/cacerts/d06393bb.0 ...
Processing etc/security/cacerts/d16a5865.0 ...
Processing etc/security/cacerts/d16a5865.1 ...
Processing etc/security/cacerts/d18e9066.0 ...
Processing etc/security/cacerts/d39b0a2c.0 ...
Processing etc/security/cacerts/d41b5e2a.0 ...
Processing etc/security/cacerts/d4c339cb.0 ...
Processing etc/security/cacerts/d59297b8.0 ...
Processing etc/security/cacerts/d7746a63.0 ...
Processing etc/security/cacerts/d96b65e2.0 ...
Processing etc/security/cacerts/da7377f6.0 ...
Processing etc/security/cacerts/dbc54cab.0 ...
Processing etc/security/cacerts/dbff3a01.0 ...
Processing etc/security/cacerts/dc99f41e.0 ...
Processing etc/security/cacerts/dfc0fe80.0 ...
Processing etc/security/cacerts/e13665f9.0 ...
Processing etc/security/cacerts/e442e424.0 ...
Processing etc/security/cacerts/e48193cf.0 ...
Processing etc/security/cacerts/e7c037b4.0 ...
Processing etc/security/cacerts/e8651083.0 ...
Processing etc/security/cacerts/ed39abd0.0 ...
Processing etc/security/cacerts/edcbddb5.0 ...
Processing etc/security/cacerts/ee532fd5.0 ...
Processing etc/security/cacerts/f013ecaf.0 ...
Processing etc/security/cacerts/f058632f.0 ...
Processing etc/security/cacerts/f0cd152c.0 ...
Processing etc/security/cacerts/f459871d.0 ...
Processing etc/security/cacerts/f8fc53da.0 ...
Processing etc/security/cacerts/fb5fa911.0 ...
Processing etc/security/cacerts/fd08c599.0 ...
Processing etc/security/cacerts/fde84897.0 ...
Processing etc/security/cacerts_google/00673b5b.0 ...
Processing etc/security/cacerts_google/02b73561.0 ...
Processing etc/security/cacerts_google/04f60c28.0 ...
Processing etc/security/cacerts_google/052e396b.0 ...
Processing etc/security/cacerts_google/0d69c7e1.0 ...
Processing etc/security/cacerts_google/111e6273.0 ...
Processing etc/security/cacerts_google/124bbd54.0 ...
Processing etc/security/cacerts_google/1e8e7201.0 ...
Processing etc/security/cacerts_google/219d9499.0 ...
Processing etc/security/cacerts_google/23f4c490.0 ...
Processing etc/security/cacerts_google/27af790d.0 ...
Processing etc/security/cacerts_google/2add47b6.0 ...
Processing etc/security/cacerts_google/2afc57aa.0 ...
Processing etc/security/cacerts_google/343eb6cb.0 ...
Processing etc/security/cacerts_google/35105088.0 ...
Processing etc/security/cacerts_google/399e7759.0 ...
Processing etc/security/cacerts_google/3ad48a91.0 ...
Processing etc/security/cacerts_google/3c58f906.0 ...
Processing etc/security/cacerts_google/3e7271e8.0 ...
Processing etc/security/cacerts_google/455f1b52.0 ...
Processing etc/security/cacerts_google/4fbd6bfa.0 ...
Processing etc/security/cacerts_google/5021a0a2.0 ...
Processing etc/security/cacerts_google/524d9b43.0 ...
Processing etc/security/cacerts_google/57692373.0 ...
Processing etc/security/cacerts_google/594f1775.0 ...
Processing etc/security/cacerts_google/5a3f0ff8.0 ...
Processing etc/security/cacerts_google/5e4e69e7.0 ...
Processing etc/security/cacerts_google/67495436.0 ...
Processing etc/security/cacerts_google/69105f4f.0 ...
Processing etc/security/cacerts_google/75680d2e.0 ...
Processing etc/security/cacerts_google/7999be0d.0 ...
Processing etc/security/cacerts_google/7d453d8f.0 ...
Processing etc/security/cacerts_google/81b9768f.0 ...
Processing etc/security/cacerts_google/85cde254.0 ...
Processing etc/security/cacerts_google/86212b19.0 ...
Processing etc/security/cacerts_google/87753b0d.0 ...
Processing etc/security/cacerts_google/89c02a45.0 ...
Processing etc/security/cacerts_google/8d6437c3.0 ...
Processing etc/security/cacerts_google/9772ca32.0 ...
Processing etc/security/cacerts_google/a2c66da8.0 ...
Processing etc/security/cacerts_google/a2df7ad7.0 ...
Processing etc/security/cacerts_google/a7d2cf64.0 ...
Processing etc/security/cacerts_google/b0f3e76e.0 ...
Processing etc/security/cacerts_google/b3fb433b.0 ...
Processing etc/security/cacerts_google/bc3f2570.0 ...
Processing etc/security/cacerts_google/bf64f35b.0 ...
Processing etc/security/cacerts_google/c491639e.0 ...
Processing etc/security/cacerts_google/c527e4ab.0 ...
Processing etc/security/cacerts_google/c7e2a638.0 ...
Processing etc/security/cacerts_google/c90bc37d.0 ...
Processing etc/security/cacerts_google/ccc52f49.0 ...
Processing etc/security/cacerts_google/d4c339cb.0 ...
Processing etc/security/cacerts_google/dbc54cab.0 ...
Processing etc/security/cacerts_google/e268a4c5.0 ...
Processing etc/security/cacerts_google/e48193cf.0 ...
Processing etc/security/cacerts_google/e775ed2d.0 ...
Processing etc/security/cacerts_google/ed39abd0.0 ...
Processing etc/security/cacerts_google/facacbc6.0 ...
Processing etc/security/cacerts_google/ff783690.0 ...
Processing etc/security/fsverity/fsverity-release.x509.der ...
Processing etc/selinux/bug_map ...
Processing etc/selinux/mapping ...
Processing etc/selinux/plat_file_contexts ...
Processing etc/selinux/plat_hwservice_contexts ...
Processing etc/selinux/plat_keystore2_key_contexts ...
Processing etc/selinux/plat_mac_permissions.xml ...
Processing etc/selinux/plat_property_contexts ...
Processing etc/selinux/plat_seapp_contexts ...
Processing etc/selinux/plat_sepolicy.cil ...
Processing etc/selinux/plat_sepolicy_and_mapping.sha256 ...
Processing etc/selinux/plat_service_contexts ...
Processing etc/selinux/mapping/29.0.cil ...
Processing etc/selinux/mapping/29.0.compat.cil ...
Processing etc/selinux/mapping/30.0.cil ...
Processing etc/selinux/mapping/30.0.compat.cil ...
Processing etc/selinux/mapping/31.0.cil ...
Processing etc/selinux/mapping/31.0.compat.cil ...
Processing etc/selinux/mapping/32.0.cil ...
Processing etc/selinux/mapping/32.0.compat.cil ...
Processing etc/selinux/mapping/33.0.cil ...
Processing etc/selinux/mapping/33.0.compat.cil ...
Processing etc/selinux/mapping/34.0.cil ...
Processing etc/sysconfig/com.lenovo.ccs.powersave.xml ...
Processing etc/sysconfig/com.lenovo.lsf.device.powersave.xml ...
Processing etc/sysconfig/framework-sysconfig.xml ...
Processing etc/sysconfig/hiddenapi-package-whitelist.xml ...
Processing etc/sysconfig/hiddenapi-whitelist-com.lenovo.lsf.device.xml ...
Processing etc/sysconfig/hiddenapi-whitelist-com.tblenovo.center.xml ...
Processing etc/sysconfig/hiddenapi-whitelist-com.tblenovo.desktoplauncher.xml ...
Processing etc/sysconfig/hiddenapi-whitelist-com.tblenovo.launcher.xml ...
Processing etc/sysconfig/hiddenapi-whitelist-com.zui.camera.assistant.xml ...
Processing etc/sysconfig/hiddenapi-whitelist-com.zui.udevice.xml ...
Processing etc/sysconfig/initial-package-stopped-states.xml ...
Processing etc/sysconfig/initial-stopped-states-com.lenovo.ocpl.xml ...
Processing etc/sysconfig/initial-stopped-states-com.lenovo.penservice.xml ...
Processing etc/sysconfig/initial-stopped-states-com.zui.camera.xml ...
Processing etc/sysconfig/preinstalled-packages-asl-files.xml ...
Processing etc/sysconfig/preinstalled-packages-platform-handheld-system.xml ...
Processing etc/sysconfig/preinstalled-packages-platform.xml ...
Processing etc/sysconfig/whitelist_aura-com.aura.oobe.lenovo.xml ...
Processing etc/task_profiles/cgroups_28.json ...
Processing etc/task_profiles/cgroups_29.json ...
Processing etc/task_profiles/cgroups_30.json ...
Processing etc/task_profiles/task_profiles_28.json ...
Processing etc/task_profiles/task_profiles_29.json ...
Processing etc/task_profiles/task_profiles_30.json ...
Processing etc/vintf/compatibility_matrix.4.xml ...
Processing etc/vintf/compatibility_matrix.5.xml ...
Processing etc/vintf/compatibility_matrix.6.xml ...
Processing etc/vintf/compatibility_matrix.7.xml ...
Processing etc/vintf/compatibility_matrix.8.xml ...
Processing etc/vintf/compatibility_matrix.device.xml ...
Processing etc/vintf/manifest ...
Processing etc/vintf/manifest.xml ...
Processing etc/vintf/manifest/android.frameworks.stats-service.xml ...
Processing etc/vintf/manifest/android.hidl.allocator@1.0-service.xml ...
Processing etc/vintf/manifest/android.system.keystore2-service.xml ...
Processing etc/vintf/manifest/android.system.net.netd-service.xml ...
Processing etc/vintf/manifest/android.system.suspend-service.xml ...
Processing etc/vintf/manifest/hwservicemanager.xml ...
Processing etc/vintf/manifest/manifest_android.frameworks.cameraservice.service.xml ...
Processing etc/vintf/manifest/manifest_media_c2_software.xml ...
Processing etc/vintf/manifest/manifest_services.xml ...
Processing etc/vintf/manifest/mtksf_ext-mtk-default.xml ...
Processing fonts/AndroidClock.ttf ...
Processing fonts/CarroisGothicSC-Regular.ttf ...
Processing fonts/ComingSoon.ttf ...
Processing fonts/CutiveMono.ttf ...
Processing fonts/DancingScript-Regular.ttf ...
Processing fonts/DroidSans-Bold.ttf ...
Processing fonts/DroidSans.ttf ...
Processing fonts/DroidSansMono.ttf ...
Processing fonts/MiClockTibetan-Thin.ttf ...
Processing fonts/MiHaus.ttf ...
Processing fonts/MiSansArabicVF.ttf ...
Processing fonts/MiSansBengaliVF.ttf ...
Processing fonts/MiSansCondensed2T.ttf ...
Processing fonts/MiSansDevanagariVF.ttf ...
Processing fonts/MiSansGujaratiVF.ttf ...
Processing fonts/MiSansJapaneseVF.ttf ...
Processing fonts/MiSansKannadaVF.ttf ...
Processing fonts/MiSansKhmerVF.ttf ...
Processing fonts/MiSansKoreanVF.ttf ...
Processing fonts/MiSansLatinVF.ttf ...
Processing fonts/MiSansMalayalamVF.ttf ...
Processing fonts/MiSansOdiaVF.ttf ...
Processing fonts/MiSansRCF.ttf ...
Processing fonts/MiSansRoundedF.ttf ...
Processing fonts/MiSansSquareF.ttf ...
Processing fonts/MiSansTCVF.ttf ...
Processing fonts/MiSansTamilVF.ttf ...
Processing fonts/MiSansTeluguVF.ttf ...
Processing fonts/MiSansTibetanVF.ttf ...
Processing fonts/MiSansVF.ttf ...
Processing fonts/MiSerif.ttf ...
Processing fonts/MiSerifSCVF.ttf ...
Processing fonts/MiSerifTCVF.ttf ...
Processing fonts/NotoColorEmoji.ttf ...
Processing fonts/NotoColorEmojiFlags.ttf ...
Processing fonts/NotoColorEmojiLegacy.ttf ...
Processing fonts/NotoNaskhArabic-Bold.ttf ...
Processing fonts/NotoNaskhArabic-Regular.ttf ...
Processing fonts/NotoNaskhArabicUI-Bold.ttf ...
Processing fonts/NotoNaskhArabicUI-Regular.ttf ...
Processing fonts/NotoSansAdlam-VF.ttf ...
Processing fonts/NotoSansAhom-Regular.otf ...
Processing fonts/NotoSansAnatolianHieroglyphs-Regular.otf ...
Processing fonts/NotoSansArmenian-VF.ttf ...
Processing fonts/NotoSansAvestan-Regular.ttf ...
Processing fonts/NotoSansBalinese-Regular.ttf ...
Processing fonts/NotoSansBamum-Regular.ttf ...
Processing fonts/NotoSansBassaVah-Regular.otf ...
Processing fonts/NotoSansBatak-Regular.ttf ...
Processing fonts/NotoSansBengali-VF.ttf ...
Processing fonts/NotoSansBengaliUI-VF.ttf ...
Processing fonts/NotoSansBhaiksuki-Regular.otf ...
Processing fonts/NotoSansBrahmi-Regular.ttf ...
Processing fonts/NotoSansBuginese-Regular.ttf ...
Processing fonts/NotoSansBuhid-Regular.ttf ...
Processing fonts/NotoSansCJK-Regular.ttc ...
Processing fonts/NotoSansCanadianAboriginal-Regular.ttf ...
Processing fonts/NotoSansCarian-Regular.ttf ...
Processing fonts/NotoSansChakma-Regular.otf ...
Processing fonts/NotoSansCham-Bold.ttf ...
Processing fonts/NotoSansCham-Regular.ttf ...
Processing fonts/NotoSansCherokee-Regular.ttf ...
Processing fonts/NotoSansCoptic-Regular.ttf ...
Processing fonts/NotoSansCuneiform-Regular.ttf ...
Processing fonts/NotoSansCypriot-Regular.ttf ...
Processing fonts/NotoSansDeseret-Regular.ttf ...
Processing fonts/NotoSansDevanagari-VF.ttf ...
Processing fonts/NotoSansDevanagariUI-VF.ttf ...
Processing fonts/NotoSansEgyptianHieroglyphs-Regular.ttf ...
Processing fonts/NotoSansElbasan-Regular.otf ...
Processing fonts/NotoSansEthiopic-VF.ttf ...
Processing fonts/NotoSansGeorgian-VF.ttf ...
Processing fonts/NotoSansGlagolitic-Regular.ttf ...
Processing fonts/NotoSansGothic-Regular.ttf ...
Processing fonts/NotoSansGrantha-Regular.ttf ...
Processing fonts/NotoSansGujarati-Bold.ttf ...
Processing fonts/NotoSansGujarati-Regular.ttf ...
Processing fonts/NotoSansGujaratiUI-Bold.ttf ...
Processing fonts/NotoSansGujaratiUI-Regular.ttf ...
Processing fonts/NotoSansGunjalaGondi-Regular.otf ...
Processing fonts/NotoSansGurmukhi-VF.ttf ...
Processing fonts/NotoSansGurmukhiUI-VF.ttf ...
Processing fonts/NotoSansHanifiRohingya-Regular.otf ...
Processing fonts/NotoSansHanunoo-Regular.ttf ...
Processing fonts/NotoSansHatran-Regular.otf ...
Processing fonts/NotoSansHebrew-Bold.ttf ...
Processing fonts/NotoSansHebrew-Regular.ttf ...
Processing fonts/NotoSansImperialAramaic-Regular.ttf ...
Processing fonts/NotoSansInscriptionalPahlavi-Regular.ttf ...
Processing fonts/NotoSansInscriptionalParthian-Regular.ttf ...
Processing fonts/NotoSansJavanese-Regular.otf ...
Processing fonts/NotoSansKaithi-Regular.ttf ...
Processing fonts/NotoSansKannada-VF.ttf ...
Processing fonts/NotoSansKannadaUI-VF.ttf ...
Processing fonts/NotoSansKayahLi-Regular.ttf ...
Processing fonts/NotoSansKharoshthi-Regular.ttf ...
Processing fonts/NotoSansKhmer-VF.ttf ...
Processing fonts/NotoSansKhmerUI-Bold.ttf ...
Processing fonts/NotoSansKhmerUI-Regular.ttf ...
Processing fonts/NotoSansKhojki-Regular.otf ...
Processing fonts/NotoSansLao-Bold.ttf ...
Processing fonts/NotoSansLao-Regular.ttf ...
Processing fonts/NotoSansLaoUI-Bold.ttf ...
Processing fonts/NotoSansLaoUI-Regular.ttf ...
Processing fonts/NotoSansLepcha-Regular.ttf ...
Processing fonts/NotoSansLimbu-Regular.ttf ...
Processing fonts/NotoSansLinearA-Regular.otf ...
Processing fonts/NotoSansLinearB-Regular.ttf ...
Processing fonts/NotoSansLisu-Regular.ttf ...
Processing fonts/NotoSansLycian-Regular.ttf ...
Processing fonts/NotoSansLydian-Regular.ttf ...
Processing fonts/NotoSansMalayalam-VF.ttf ...
Processing fonts/NotoSansMalayalamUI-VF.ttf ...
Processing fonts/NotoSansMandaic-Regular.ttf ...
Processing fonts/NotoSansManichaean-Regular.otf ...
Processing fonts/NotoSansMarchen-Regular.otf ...
Processing fonts/NotoSansMasaramGondi-Regular.otf ...
Processing fonts/NotoSansMedefaidrin-VF.ttf ...
Processing fonts/NotoSansMeeteiMayek-Regular.ttf ...
Processing fonts/NotoSansMeroitic-Regular.otf ...
Processing fonts/NotoSansMiao-Regular.otf ...
Processing fonts/NotoSansModi-Regular.ttf ...
Processing fonts/NotoSansMongolian-Regular.ttf ...
Processing fonts/NotoSansMro-Regular.otf ...
Processing fonts/NotoSansMultani-Regular.otf ...
Processing fonts/NotoSansMyanmar-Bold.otf ...
Processing fonts/NotoSansMyanmar-Medium.otf ...
Processing fonts/NotoSansMyanmar-Regular.otf ...
Processing fonts/NotoSansMyanmarUI-Bold.otf ...
Processing fonts/NotoSansMyanmarUI-Medium.otf ...
Processing fonts/NotoSansMyanmarUI-Regular.otf ...
Processing fonts/NotoSansNKo-Regular.ttf ...
Processing fonts/NotoSansNabataean-Regular.otf ...
Processing fonts/NotoSansNewTaiLue-Regular.ttf ...
Processing fonts/NotoSansNewa-Regular.otf ...
Processing fonts/NotoSansOgham-Regular.ttf ...
Processing fonts/NotoSansOlChiki-Regular.ttf ...
Processing fonts/NotoSansOldItalic-Regular.ttf ...
Processing fonts/NotoSansOldNorthArabian-Regular.otf ...
Processing fonts/NotoSansOldPermic-Regular.otf ...
Processing fonts/NotoSansOldPersian-Regular.ttf ...
Processing fonts/NotoSansOldSouthArabian-Regular.ttf ...
Processing fonts/NotoSansOldTurkic-Regular.ttf ...
Processing fonts/NotoSansOriya-Bold.ttf ...
Processing fonts/NotoSansOriya-Regular.ttf ...
Processing fonts/NotoSansOriyaUI-Bold.ttf ...
Processing fonts/NotoSansOriyaUI-Regular.ttf ...
Processing fonts/NotoSansOsage-Regular.ttf ...
Processing fonts/NotoSansOsmanya-Regular.ttf ...
Processing fonts/NotoSansPahawhHmong-Regular.otf ...
Processing fonts/NotoSansPalmyrene-Regular.otf ...
Processing fonts/NotoSansPauCinHau-Regular.otf ...
Processing fonts/NotoSansPhagsPa-Regular.ttf ...
Processing fonts/NotoSansPhoenician-Regular.ttf ...
Processing fonts/NotoSansRejang-Regular.ttf ...
Processing fonts/NotoSansRunic-Regular.ttf ...
Processing fonts/NotoSansSamaritan-Regular.ttf ...
Processing fonts/NotoSansSaurashtra-Regular.ttf ...
Processing fonts/NotoSansSharada-Regular.otf ...
Processing fonts/NotoSansShavian-Regular.ttf ...
Processing fonts/NotoSansSinhala-VF.ttf ...
Processing fonts/NotoSansSinhalaUI-VF.ttf ...
Processing fonts/NotoSansSoraSompeng-Regular.otf ...
Processing fonts/NotoSansSoyombo-VF.ttf ...
Processing fonts/NotoSansSundanese-Regular.ttf ...
Processing fonts/NotoSansSylotiNagri-Regular.ttf ...
Processing fonts/NotoSansSymbols-Regular-Subsetted.ttf ...
Processing fonts/NotoSansSymbols-Regular-Subsetted2.ttf ...
Processing fonts/NotoSansSyriacEastern-Regular.ttf ...
Processing fonts/NotoSansSyriacEstrangela-Regular.ttf ...
Processing fonts/NotoSansSyriacWestern-Regular.ttf ...
Processing fonts/NotoSansTagalog-Regular.ttf ...
Processing fonts/NotoSansTagbanwa-Regular.ttf ...
Processing fonts/NotoSansTaiLe-Regular.ttf ...
Processing fonts/NotoSansTaiTham-Regular.ttf ...
Processing fonts/NotoSansTaiViet-Regular.ttf ...
Processing fonts/NotoSansTakri-VF.ttf ...
Processing fonts/NotoSansTamil-VF.ttf ...
Processing fonts/NotoSansTamilUI-VF.ttf ...
Processing fonts/NotoSansTelugu-VF.ttf ...
Processing fonts/NotoSansTeluguUI-VF.ttf ...
Processing fonts/NotoSansThaana-Bold.ttf ...
Processing fonts/NotoSansThaana-Regular.ttf ...
Processing fonts/NotoSansThai-Bold.ttf ...
Processing fonts/NotoSansThai-Regular.ttf ...
Processing fonts/NotoSansThaiUI-Bold.ttf ...
Processing fonts/NotoSansThaiUI-Regular.ttf ...
Processing fonts/NotoSansTifinagh-Regular.otf ...
Processing fonts/NotoSansUgaritic-Regular.ttf ...
Processing fonts/NotoSansVai-Regular.ttf ...
Processing fonts/NotoSansWancho-Regular.otf ...
Processing fonts/NotoSansWarangCiti-Regular.otf ...
Processing fonts/NotoSansYi-Regular.ttf ...
Processing fonts/NotoSerif-Bold.ttf ...
Processing fonts/NotoSerif-BoldItalic.ttf ...
Processing fonts/NotoSerif-Italic.ttf ...
Processing fonts/NotoSerif-Regular.ttf ...
Processing fonts/NotoSerifArmenian-VF.ttf ...
Processing fonts/NotoSerifBengali-VF.ttf ...
Processing fonts/NotoSerifCJK-Regular.ttc ...
Processing fonts/NotoSerifDevanagari-VF.ttf ...
Processing fonts/NotoSerifDogra-Regular.ttf ...
Processing fonts/NotoSerifEthiopic-VF.ttf ...
Processing fonts/NotoSerifGeorgian-VF.ttf ...
Processing fonts/NotoSerifGujarati-VF.ttf ...
Processing fonts/NotoSerifGurmukhi-VF.ttf ...
Processing fonts/NotoSerifHebrew-Bold.ttf ...
Processing fonts/NotoSerifHebrew-Regular.ttf ...
Processing fonts/NotoSerifKannada-VF.ttf ...
Processing fonts/NotoSerifKhmer-Bold.otf ...
Processing fonts/NotoSerifKhmer-Regular.otf ...
Processing fonts/NotoSerifLao-Bold.ttf ...
Processing fonts/NotoSerifLao-Regular.ttf ...
Processing fonts/NotoSerifMalayalam-VF.ttf ...
Processing fonts/NotoSerifMyanmar-Bold.otf ...
Processing fonts/NotoSerifMyanmar-Regular.otf ...
Processing fonts/NotoSerifNyiakengPuachueHmong-VF.ttf ...
Processing fonts/NotoSerifSinhala-VF.ttf ...
Processing fonts/NotoSerifTamil-VF.ttf ...
Processing fonts/NotoSerifTelugu-VF.ttf ...
Processing fonts/NotoSerifThai-Bold.ttf ...
Processing fonts/NotoSerifThai-Regular.ttf ...
Processing fonts/NotoSerifTibetan-VF.ttf ...
Processing fonts/NotoSerifYezidi-VF.ttf ...
Processing fonts/Roboto-Regular.ttf ...
Processing fonts/RobotoStatic-Regular.ttf ...
Processing fonts/SourceSansPro-Bold.ttf ...
Processing fonts/SourceSansPro-BoldItalic.ttf ...
Processing fonts/SourceSansPro-Italic.ttf ...
Processing fonts/SourceSansPro-Regular.ttf ...
Processing fonts/SourceSansPro-SemiBold.ttf ...
Processing fonts/SourceSansPro-SemiBoldItalic.ttf ...
Processing framework/Miui-WindowManager-Shell.jar ...
Processing framework/MiuiBooster.jar ...
Processing framework/MiuiSettingsSearchLib.jar ...
Processing framework/abx.jar ...
Processing framework/am.jar ...
Processing framework/android.hidl.base-V1.0-java.jar ...
Processing framework/android.hidl.manager-V1.0-java.jar ...
Processing framework/android.test.base.jar ...
Processing framework/android.test.mock.jar ...
Processing framework/android.test.runner.jar ...
Processing framework/appwidget.jar ...
Processing framework/arm ...
Processing framework/arm64 ...
Processing framework/bmgr.jar ...
Processing framework/boot-apache-xml.vdex ...
Processing framework/boot-bouncycastle.vdex ...
Processing framework/boot-core-icu4j.vdex ...
Processing framework/boot-core-libart.vdex ...
Processing framework/boot-ext.vdex ...
Processing framework/boot-framework-adservices.vdex ...
Processing framework/boot-framework-graphics.vdex ...
Processing framework/boot-framework.vdex ...
Processing framework/boot-ims-common.vdex ...
Processing framework/boot-mediatek-carrier-config-manager.vdex ...
Processing framework/boot-mediatek-common.vdex ...
Processing framework/boot-mediatek-framework.vdex ...
Processing framework/boot-mediatek-ims-base.vdex ...
Processing framework/boot-mediatek-ims-common.vdex ...
Processing framework/boot-mediatek-telecom-common.vdex ...
Processing framework/boot-mediatek-telephony-base.vdex ...
Processing framework/boot-mediatek-telephony-common.vdex ...
Processing framework/boot-okhttp.vdex ...
Processing framework/boot-telephony-common.vdex ...
Processing framework/boot-voip-common.vdex ...
Processing framework/boot.vdex ...
Processing framework/bu.jar ...
Processing framework/camerax-vendor-extensions.jar ...
Processing framework/com.android.future.usb.accessory.jar ...
Processing framework/com.android.location.provider.jar ...
Processing framework/com.android.media.remotedisplay.jar ...
Processing framework/com.android.mediadrm.signer.jar ...
Processing framework/com.android.nfc_extras.jar ...
Processing framework/content.jar ...
Processing framework/ext.jar ...
Processing framework/framework-graphics.jar ...
Processing framework/framework-res.apk ...
Processing framework/framework.jar ...
Processing framework/global-cleaner-empty.jar ...
Processing framework/gson.jar ...
Processing framework/hid.jar ...
Processing framework/ims-common.jar ...
Processing framework/incident-helper-cmd.jar ...
Processing framework/javax.obex.jar ...
Processing framework/livephoto-lite.jar ...
Processing framework/locksettings.jar ...
Processing framework/miui-appcompat.appcontinuity.jar ...
Processing framework/miui-appcompat.jar ...
Processing framework/miui-cameraopt.jar ...
Processing framework/miui-connectivity-service.jar ...
Processing framework/miui-embedding-window.jar ...
Processing framework/miui-enterprise-sdk.jar ...
Processing framework/miui-framework-pointer-pad.jar ...
Processing framework/miui-framework.autoui.jar ...
Processing framework/miui-framework.hovermode.jar ...
Processing framework/miui-framework.hyperviewscale.jar ...
Processing framework/miui-framework.jar ...
Processing framework/miui-framework.thirdappopt.jar ...
Processing framework/miui-services-pointer-pad.jar ...
Processing framework/miui-services.autoui.jar ...
Processing framework/miui-services.hovermode.jar ...
Processing framework/miui-services.hyperviewscale.jar ...
Processing framework/miui-services.jar ...
Processing framework/miui-services.thirdappopt.jar ...
Processing framework/miui-telephony-common.jar ...
Processing framework/miui-wifi-service.jar ...
Processing framework/miui.car.server.jar ...
Processing framework/miuix.jar ...
Processing framework/monkey.jar ...
Processing framework/moto-settings-systemserver.jar ...
Processing framework/moto-settings.jar ...
Processing framework/msync-lib.jar ...
Processing framework/oat ...
Processing framework/org.apache.http.legacy.jar ...
Processing framework/org.apache.http.legacy.jar.prof ...
Processing framework/requestsync.jar ...
Processing framework/security-device-credential-sdk.jar ...
Processing framework/services.jar ...
Processing framework/services.jar.bprof ...
Processing framework/services.jar.prof ...
Processing framework/sm.jar ...
Processing framework/svc.jar ...
Processing framework/telecom.jar ...
Processing framework/telephony-common.jar ...
Processing framework/uiautomator.jar ...
Processing framework/uinput.jar ...
Processing framework/voip-common.jar ...
Processing framework/vr.jar ...
Processing framework/arm/boot-apache-xml.art ...
Processing framework/arm/boot-apache-xml.oat ...
Processing framework/arm/boot-apache-xml.vdex ...
Processing framework/arm/boot-bouncycastle.art ...
Processing framework/arm/boot-bouncycastle.oat ...
Processing framework/arm/boot-bouncycastle.vdex ...
Processing framework/arm/boot-core-icu4j.art ...
Processing framework/arm/boot-core-icu4j.oat ...
Processing framework/arm/boot-core-icu4j.vdex ...
Processing framework/arm/boot-core-libart.art ...
Processing framework/arm/boot-core-libart.oat ...
Processing framework/arm/boot-core-libart.vdex ...
Processing framework/arm/boot-ext.art ...
Processing framework/arm/boot-ext.oat ...
Processing framework/arm/boot-ext.vdex ...
Processing framework/arm/boot-framework-adservices.art ...
Processing framework/arm/boot-framework-adservices.oat ...
Processing framework/arm/boot-framework-adservices.vdex ...
Processing framework/arm/boot-framework-graphics.art ...
Processing framework/arm/boot-framework-graphics.oat ...
Processing framework/arm/boot-framework-graphics.vdex ...
Processing framework/arm/boot-framework.art ...
Processing framework/arm/boot-framework.oat ...
Processing framework/arm/boot-framework.vdex ...
Processing framework/arm/boot-ims-common.art ...
Processing framework/arm/boot-ims-common.oat ...
Processing framework/arm/boot-ims-common.vdex ...
Processing framework/arm/boot-mediatek-carrier-config-manager.art ...
Processing framework/arm/boot-mediatek-carrier-config-manager.oat ...
Processing framework/arm/boot-mediatek-carrier-config-manager.vdex ...
Processing framework/arm/boot-mediatek-common.art ...
Processing framework/arm/boot-mediatek-common.oat ...
Processing framework/arm/boot-mediatek-common.vdex ...
Processing framework/arm/boot-mediatek-framework.art ...
Processing framework/arm/boot-mediatek-framework.oat ...
Processing framework/arm/boot-mediatek-framework.vdex ...
Processing framework/arm/boot-mediatek-ims-base.art ...
Processing framework/arm/boot-mediatek-ims-base.oat ...
Processing framework/arm/boot-mediatek-ims-base.vdex ...
Processing framework/arm/boot-mediatek-ims-common.art ...
Processing framework/arm/boot-mediatek-ims-common.oat ...
Processing framework/arm/boot-mediatek-ims-common.vdex ...
Processing framework/arm/boot-mediatek-telecom-common.art ...
Processing framework/arm/boot-mediatek-telecom-common.oat ...
Processing framework/arm/boot-mediatek-telecom-common.vdex ...
Processing framework/arm/boot-mediatek-telephony-base.art ...
Processing framework/arm/boot-mediatek-telephony-base.oat ...
Processing framework/arm/boot-mediatek-telephony-base.vdex ...
Processing framework/arm/boot-mediatek-telephony-common.art ...
Processing framework/arm/boot-mediatek-telephony-common.oat ...
Processing framework/arm/boot-mediatek-telephony-common.vdex ...
Processing framework/arm/boot-okhttp.art ...
Processing framework/arm/boot-okhttp.oat ...
Processing framework/arm/boot-okhttp.vdex ...
Processing framework/arm/boot-telephony-common.art ...
Processing framework/arm/boot-telephony-common.oat ...
Processing framework/arm/boot-telephony-common.vdex ...
Processing framework/arm/boot-voip-common.art ...
Processing framework/arm/boot-voip-common.oat ...
Processing framework/arm/boot-voip-common.vdex ...
Processing framework/arm/boot.art ...
Processing framework/arm/boot.oat ...
Processing framework/arm/boot.vdex ...
Processing framework/arm64/boot-apache-xml.art ...
Processing framework/arm64/boot-apache-xml.oat ...
Processing framework/arm64/boot-apache-xml.vdex ...
Processing framework/arm64/boot-bouncycastle.art ...
Processing framework/arm64/boot-bouncycastle.oat ...
Processing framework/arm64/boot-bouncycastle.vdex ...
Processing framework/arm64/boot-core-icu4j.art ...
Processing framework/arm64/boot-core-icu4j.oat ...
Processing framework/arm64/boot-core-icu4j.vdex ...
Processing framework/arm64/boot-core-libart.art ...
Processing framework/arm64/boot-core-libart.oat ...
Processing framework/arm64/boot-core-libart.vdex ...
Processing framework/arm64/boot-ext.art ...
Processing framework/arm64/boot-ext.oat ...
Processing framework/arm64/boot-ext.vdex ...
Processing framework/arm64/boot-framework-adservices.art ...
Processing framework/arm64/boot-framework-adservices.oat ...
Processing framework/arm64/boot-framework-adservices.vdex ...
Processing framework/arm64/boot-framework-graphics.art ...
Processing framework/arm64/boot-framework-graphics.oat ...
Processing framework/arm64/boot-framework-graphics.vdex ...
Processing framework/arm64/boot-framework.art ...
Processing framework/arm64/boot-framework.oat ...
Processing framework/arm64/boot-framework.vdex ...
Processing framework/arm64/boot-ims-common.art ...
Processing framework/arm64/boot-ims-common.oat ...
Processing framework/arm64/boot-ims-common.vdex ...
Processing framework/arm64/boot-mediatek-carrier-config-manager.art ...
Processing framework/arm64/boot-mediatek-carrier-config-manager.oat ...
Processing framework/arm64/boot-mediatek-carrier-config-manager.vdex ...
Processing framework/arm64/boot-mediatek-common.art ...
Processing framework/arm64/boot-mediatek-common.oat ...
Processing framework/arm64/boot-mediatek-common.vdex ...
Processing framework/arm64/boot-mediatek-framework.art ...
Processing framework/arm64/boot-mediatek-framework.oat ...
Processing framework/arm64/boot-mediatek-framework.vdex ...
Processing framework/arm64/boot-mediatek-ims-base.art ...
Processing framework/arm64/boot-mediatek-ims-base.oat ...
Processing framework/arm64/boot-mediatek-ims-base.vdex ...
Processing framework/arm64/boot-mediatek-ims-common.art ...
Processing framework/arm64/boot-mediatek-ims-common.oat ...
Processing framework/arm64/boot-mediatek-ims-common.vdex ...
Processing framework/arm64/boot-mediatek-telecom-common.art ...
Processing framework/arm64/boot-mediatek-telecom-common.oat ...
Processing framework/arm64/boot-mediatek-telecom-common.vdex ...
Processing framework/arm64/boot-mediatek-telephony-base.art ...
Processing framework/arm64/boot-mediatek-telephony-base.oat ...
Processing framework/arm64/boot-mediatek-telephony-base.vdex ...
Processing framework/arm64/boot-mediatek-telephony-common.art ...
Processing framework/arm64/boot-mediatek-telephony-common.oat ...
Processing framework/arm64/boot-mediatek-telephony-common.vdex ...
Processing framework/arm64/boot-okhttp.art ...
Processing framework/arm64/boot-okhttp.oat ...
Processing framework/arm64/boot-okhttp.vdex ...
Processing framework/arm64/boot-telephony-common.art ...
Processing framework/arm64/boot-telephony-common.oat ...
Processing framework/arm64/boot-telephony-common.vdex ...
Processing framework/arm64/boot-voip-common.art ...
Processing framework/arm64/boot-voip-common.oat ...
Processing framework/arm64/boot-voip-common.vdex ...
Processing framework/arm64/boot.art ...
Processing framework/arm64/boot.oat ...
Processing framework/arm64/boot.vdex ...
Processing framework/oat/arm ...
Processing framework/oat/arm64 ...
Processing framework/oat/arm/abx.odex ...
Processing framework/oat/arm/abx.vdex ...
Processing framework/oat/arm/am.odex ...
Processing framework/oat/arm/am.vdex ...
Processing framework/oat/arm/android.hidl.base-V1.0-java.odex ...
Processing framework/oat/arm/android.hidl.base-V1.0-java.vdex ...
Processing framework/oat/arm/android.hidl.manager-V1.0-java.odex ...
Processing framework/oat/arm/android.hidl.manager-V1.0-java.vdex ...
Processing framework/oat/arm/android.test.base.odex ...
Processing framework/oat/arm/android.test.base.vdex ...
Processing framework/oat/arm/android.test.mock.odex ...
Processing framework/oat/arm/android.test.mock.vdex ...
Processing framework/oat/arm/android.test.runner.odex ...
Processing framework/oat/arm/android.test.runner.vdex ...
Processing framework/oat/arm/appwidget.odex ...
Processing framework/oat/arm/appwidget.vdex ...
Processing framework/oat/arm/bmgr.odex ...
Processing framework/oat/arm/bmgr.vdex ...
Processing framework/oat/arm/bu.odex ...
Processing framework/oat/arm/bu.vdex ...
Processing framework/oat/arm/com.android.future.usb.accessory.odex ...
Processing framework/oat/arm/com.android.future.usb.accessory.vdex ...
Processing framework/oat/arm/com.android.location.provider.odex ...
Processing framework/oat/arm/com.android.location.provider.vdex ...
Processing framework/oat/arm/com.android.media.remotedisplay.odex ...
Processing framework/oat/arm/com.android.media.remotedisplay.vdex ...
Processing framework/oat/arm/com.android.mediadrm.signer.odex ...
Processing framework/oat/arm/com.android.mediadrm.signer.vdex ...
Processing framework/oat/arm/com.android.nfc_extras.odex ...
Processing framework/oat/arm/com.android.nfc_extras.vdex ...
Processing framework/oat/arm/content.odex ...
Processing framework/oat/arm/content.vdex ...
Processing framework/oat/arm/hid.odex ...
Processing framework/oat/arm/hid.vdex ...
Processing framework/oat/arm/incident-helper-cmd.odex ...
Processing framework/oat/arm/incident-helper-cmd.vdex ...
Processing framework/oat/arm/javax.obex.odex ...
Processing framework/oat/arm/javax.obex.vdex ...
Processing framework/oat/arm/locksettings.odex ...
Processing framework/oat/arm/locksettings.vdex ...
Processing framework/oat/arm/monkey.odex ...
Processing framework/oat/arm/monkey.vdex ...
Processing framework/oat/arm/moto-settings.odex ...
Processing framework/oat/arm/moto-settings.vdex ...
Processing framework/oat/arm/org.apache.http.legacy.odex ...
Processing framework/oat/arm/org.apache.http.legacy.vdex ...
Processing framework/oat/arm/requestsync.odex ...
Processing framework/oat/arm/requestsync.vdex ...
Processing framework/oat/arm/sm.odex ...
Processing framework/oat/arm/sm.vdex ...
Processing framework/oat/arm/svc.odex ...
Processing framework/oat/arm/svc.vdex ...
Processing framework/oat/arm/telecom.odex ...
Processing framework/oat/arm/telecom.vdex ...
Processing framework/oat/arm/uiautomator.odex ...
Processing framework/oat/arm/uiautomator.vdex ...
Processing framework/oat/arm/uinput.odex ...
Processing framework/oat/arm/uinput.vdex ...
Processing framework/oat/arm/vr.odex ...
Processing framework/oat/arm/vr.vdex ...
Processing framework/oat/arm64/abx.odex ...
Processing framework/oat/arm64/abx.vdex ...
Processing framework/oat/arm64/am.odex ...
Processing framework/oat/arm64/am.vdex ...
Processing framework/oat/arm64/android.hidl.base-V1.0-java.odex ...
Processing framework/oat/arm64/android.hidl.base-V1.0-java.vdex ...
Processing framework/oat/arm64/android.hidl.manager-V1.0-java.odex ...
Processing framework/oat/arm64/android.hidl.manager-V1.0-java.vdex ...
Processing framework/oat/arm64/android.test.base.odex ...
Processing framework/oat/arm64/android.test.base.vdex ...
Processing framework/oat/arm64/android.test.mock.odex ...
Processing framework/oat/arm64/android.test.mock.vdex ...
Processing framework/oat/arm64/android.test.runner.odex ...
Processing framework/oat/arm64/android.test.runner.vdex ...
Processing framework/oat/arm64/apex@com.android.adservices@javalib@service-adservices.jar@classes.odex ...
Processing framework/oat/arm64/apex@com.android.adservices@javalib@service-adservices.jar@classes.vdex ...
Processing framework/oat/arm64/apex@com.android.adservices@javalib@service-sdksandbox.jar@classes.odex ...
Processing framework/oat/arm64/apex@com.android.adservices@javalib@service-sdksandbox.jar@classes.vdex ...
Processing framework/oat/arm64/apex@com.android.appsearch@javalib@service-appsearch.jar@classes.odex ...
Processing framework/oat/arm64/apex@com.android.appsearch@javalib@service-appsearch.jar@classes.vdex ...
Processing framework/oat/arm64/apex@com.android.art@javalib@service-art.jar@classes.art ...
Processing framework/oat/arm64/apex@com.android.art@javalib@service-art.jar@classes.odex ...
Processing framework/oat/arm64/apex@com.android.art@javalib@service-art.jar@classes.vdex ...
Processing framework/oat/arm64/apex@com.android.btservices@javalib@service-bluetooth.jar@classes.odex ...
Processing framework/oat/arm64/apex@com.android.btservices@javalib@service-bluetooth.jar@classes.vdex ...
Processing framework/oat/arm64/apex@com.android.configinfrastructure@javalib@service-configinfrastructure.jar@classes.odex ...
Processing framework/oat/arm64/apex@com.android.configinfrastructure@javalib@service-configinfrastructure.jar@classes.vdex ...
Processing framework/oat/arm64/apex@com.android.devicelock@javalib@service-devicelock.jar@classes.odex ...
Processing framework/oat/arm64/apex@com.android.devicelock@javalib@service-devicelock.jar@classes.vdex ...
Processing framework/oat/arm64/apex@com.android.healthfitness@javalib@service-healthfitness.jar@classes.odex ...
Processing framework/oat/arm64/apex@com.android.healthfitness@javalib@service-healthfitness.jar@classes.vdex ...
Processing framework/oat/arm64/apex@com.android.media@javalib@service-media-s.jar@classes.odex ...
Processing framework/oat/arm64/apex@com.android.media@javalib@service-media-s.jar@classes.vdex ...
Processing framework/oat/arm64/apex@com.android.ondevicepersonalization@javalib@service-ondevicepersonalization.jar@classes.odex ...
Processing framework/oat/arm64/apex@com.android.ondevicepersonalization@javalib@service-ondevicepersonalization.jar@classes.vdex ...
Processing framework/oat/arm64/apex@com.android.os.statsd@javalib@service-statsd.jar@classes.odex ...
Processing framework/oat/arm64/apex@com.android.os.statsd@javalib@service-statsd.jar@classes.vdex ...
Processing framework/oat/arm64/apex@com.android.permission@javalib@service-permission.jar@classes.odex ...
Processing framework/oat/arm64/apex@com.android.permission@javalib@service-permission.jar@classes.vdex ...
Processing framework/oat/arm64/apex@com.android.rkpd@javalib@service-rkp.jar@classes.odex ...
Processing framework/oat/arm64/apex@com.android.rkpd@javalib@service-rkp.jar@classes.vdex ...
Processing framework/oat/arm64/apex@com.android.scheduling@javalib@service-scheduling.jar@classes.odex ...
Processing framework/oat/arm64/apex@com.android.scheduling@javalib@service-scheduling.jar@classes.vdex ...
Processing framework/oat/arm64/apex@com.android.tethering@javalib@service-connectivity.jar@classes.odex ...
Processing framework/oat/arm64/apex@com.android.tethering@javalib@service-connectivity.jar@classes.vdex ...
Processing framework/oat/arm64/apex@com.android.uwb@javalib@service-uwb.jar@classes.odex ...
Processing framework/oat/arm64/apex@com.android.uwb@javalib@service-uwb.jar@classes.vdex ...
Processing framework/oat/arm64/apex@com.android.wifi@javalib@service-wifi.jar@classes.odex ...
Processing framework/oat/arm64/apex@com.android.wifi@javalib@service-wifi.jar@classes.vdex ...
Processing framework/oat/arm64/appwidget.odex ...
Processing framework/oat/arm64/appwidget.vdex ...
Processing framework/oat/arm64/bmgr.odex ...
Processing framework/oat/arm64/bmgr.vdex ...
Processing framework/oat/arm64/bu.odex ...
Processing framework/oat/arm64/bu.vdex ...
Processing framework/oat/arm64/com.android.future.usb.accessory.odex ...
Processing framework/oat/arm64/com.android.future.usb.accessory.vdex ...
Processing framework/oat/arm64/com.android.location.provider.odex ...
Processing framework/oat/arm64/com.android.location.provider.vdex ...
Processing framework/oat/arm64/com.android.media.remotedisplay.odex ...
Processing framework/oat/arm64/com.android.media.remotedisplay.vdex ...
Processing framework/oat/arm64/com.android.mediadrm.signer.odex ...
Processing framework/oat/arm64/com.android.mediadrm.signer.vdex ...
Processing framework/oat/arm64/com.android.nfc_extras.odex ...
Processing framework/oat/arm64/com.android.nfc_extras.vdex ...
Processing framework/oat/arm64/content.odex ...
Processing framework/oat/arm64/content.vdex ...
Processing framework/oat/arm64/hid.odex ...
Processing framework/oat/arm64/hid.vdex ...
Processing framework/oat/arm64/incident-helper-cmd.odex ...
Processing framework/oat/arm64/incident-helper-cmd.vdex ...
Processing framework/oat/arm64/javax.obex.odex ...
Processing framework/oat/arm64/javax.obex.vdex ...
Processing framework/oat/arm64/locksettings.odex ...
Processing framework/oat/arm64/locksettings.vdex ...
Processing framework/oat/arm64/monkey.odex ...
Processing framework/oat/arm64/monkey.vdex ...
Processing framework/oat/arm64/moto-settings-systemserver.odex ...
Processing framework/oat/arm64/moto-settings-systemserver.vdex ...
Processing framework/oat/arm64/moto-settings.odex ...
Processing framework/oat/arm64/moto-settings.vdex ...
Processing framework/oat/arm64/org.apache.http.legacy.odex ...
Processing framework/oat/arm64/org.apache.http.legacy.vdex ...
Processing framework/oat/arm64/requestsync.odex ...
Processing framework/oat/arm64/requestsync.vdex ...
Processing framework/oat/arm64/services.art ...
Processing framework/oat/arm64/services.odex ...
Processing framework/oat/arm64/services.vdex ...
Processing framework/oat/arm64/sm.odex ...
Processing framework/oat/arm64/sm.vdex ...
Processing framework/oat/arm64/svc.odex ...
Processing framework/oat/arm64/svc.vdex ...
Processing framework/oat/arm64/telecom.odex ...
Processing framework/oat/arm64/telecom.vdex ...
Processing framework/oat/arm64/uiautomator.odex ...
Processing framework/oat/arm64/uiautomator.vdex ...
Processing framework/oat/arm64/uinput.odex ...
Processing framework/oat/arm64/uinput.vdex ...
Processing framework/oat/arm64/vr.odex ...
Processing framework/oat/arm64/vr.vdex ...
Processing lib/aaudio-aidl-cpp.so ...
Processing lib/android.frameworks.schedulerservice@1.0.so ...
Processing lib/android.frameworks.sensorservice-V1-ndk.so ...
Processing lib/android.frameworks.sensorservice@1.0.so ...
Processing lib/android.frameworks.stats-V2-ndk.so ...
Processing lib/android.frameworks.stats@1.0.so ...
Processing lib/android.hardware.audio.common-V2-ndk.so ...
Processing lib/android.hardware.audio.common-util.so ...
Processing lib/android.hardware.audio.common@2.0.so ...
Processing lib/android.hardware.audio.common@4.0-util.so ...
Processing lib/android.hardware.audio.common@4.0.so ...
Processing lib/android.hardware.audio.common@5.0-util.so ...
Processing lib/android.hardware.audio.common@5.0.so ...
Processing lib/android.hardware.audio.common@6.0-util.so ...
Processing lib/android.hardware.audio.common@6.0.so ...
Processing lib/android.hardware.audio.common@7.0.so ...
Processing lib/android.hardware.audio.core-V1-ndk.so ...
Processing lib/android.hardware.audio.core.sounddose-V1-ndk.so ...
Processing lib/android.hardware.audio.effect-V1-ndk.so ...
Processing lib/android.hardware.audio.effect@4.0-util.so ...
Processing lib/android.hardware.audio.effect@4.0.so ...
Processing lib/android.hardware.audio.effect@5.0-util.so ...
Processing lib/android.hardware.audio.effect@5.0.so ...
Processing lib/android.hardware.audio.effect@6.0-util.so ...
Processing lib/android.hardware.audio.effect@6.0.so ...
Processing lib/android.hardware.audio.effect@7.0.so ...
Processing lib/android.hardware.audio.sounddose-V1-ndk.so ...
Processing lib/android.hardware.audio@4.0-util.so ...
Processing lib/android.hardware.audio@4.0.so ...
Processing lib/android.hardware.audio@5.0-util.so ...
Processing lib/android.hardware.audio@5.0.so ...
Processing lib/android.hardware.audio@6.0-util.so ...
Processing lib/android.hardware.audio@6.0.so ...
Processing lib/android.hardware.audio@7.0.so ...
Processing lib/android.hardware.audio@7.1.so ...
Processing lib/android.hardware.broadcastradio@1.0.so ...
Processing lib/android.hardware.broadcastradio@1.1.so ...
Processing lib/android.hardware.camera.common@1.0.so ...
Processing lib/android.hardware.camera.device@3.2.so ...
Processing lib/android.hardware.cas.native@1.0.so ...
Processing lib/android.hardware.cas@1.0.so ...
Processing lib/android.hardware.common-V2-ndk.so ...
Processing lib/android.hardware.common.fmq-V1-ndk.so ...
Processing lib/android.hardware.configstore-utils.so ...
Processing lib/android.hardware.configstore@1.0.so ...
Processing lib/android.hardware.configstore@1.1.so ...
Processing lib/android.hardware.contexthub@1.0.so ...
Processing lib/android.hardware.drm-V1-ndk.so ...
Processing lib/android.hardware.drm@1.0.so ...
Processing lib/android.hardware.drm@1.1.so ...
Processing lib/android.hardware.drm@1.2.so ...
Processing lib/android.hardware.drm@1.3.so ...
Processing lib/android.hardware.drm@1.4.so ...
Processing lib/android.hardware.gnss-V3-cpp.so ...
Processing lib/android.hardware.gnss.measurement_corrections@1.0.so ...
Processing lib/android.hardware.gnss.measurement_corrections@1.1.so ...
Processing lib/android.hardware.gnss.visibility_control@1.0.so ...
Processing lib/android.hardware.gnss@1.0.so ...
Processing lib/android.hardware.gnss@1.1.so ...
Processing lib/android.hardware.gnss@2.0.so ...
Processing lib/android.hardware.gnss@2.1.so ...
Processing lib/android.hardware.graphics.allocator-V2-ndk.so ...
Processing lib/android.hardware.graphics.allocator@2.0.so ...
Processing lib/android.hardware.graphics.allocator@3.0.so ...
Processing lib/android.hardware.graphics.allocator@4.0.so ...
Processing lib/android.hardware.graphics.bufferqueue@1.0.so ...
Processing lib/android.hardware.graphics.bufferqueue@2.0.so ...
Processing lib/android.hardware.graphics.common-V4-ndk.so ...
Processing lib/android.hardware.graphics.common@1.0.so ...
Processing lib/android.hardware.graphics.common@1.1.so ...
Processing lib/android.hardware.graphics.common@1.2.so ...
Processing lib/android.hardware.graphics.composer3-V2-ndk.so ...
Processing lib/android.hardware.graphics.mapper@2.0.so ...
Processing lib/android.hardware.graphics.mapper@2.1.so ...
Processing lib/android.hardware.graphics.mapper@3.0.so ...
Processing lib/android.hardware.graphics.mapper@4.0.so ...
Processing lib/android.hardware.input.common-V1-ndk.so ...
Processing lib/android.hardware.input.processor-V1-ndk.so ...
Processing lib/android.hardware.ir@1.0.so ...
Processing lib/android.hardware.light@2.0.so ...
Processing lib/android.hardware.media.bufferpool2-V1-ndk.so ...
Processing lib/android.hardware.media.bufferpool@2.0.so ...
Processing lib/android.hardware.media.c2@1.0.so ...
Processing lib/android.hardware.media.c2@1.1.so ...
Processing lib/android.hardware.media.c2@1.2.so ...
Processing lib/android.hardware.media.omx@1.0.so ...
Processing lib/android.hardware.media@1.0.so ...
Processing lib/android.hardware.memtrack-V1-ndk.so ...
Processing lib/android.hardware.memtrack@1.0.so ...
Processing lib/android.hardware.power-V4-cpp.so ...
Processing lib/android.hardware.power-V4-ndk.so ...
Processing lib/android.hardware.power.stats-V1-ndk.so ...
Processing lib/android.hardware.power.stats@1.0.so ...
Processing lib/android.hardware.power@1.0.so ...
Processing lib/android.hardware.power@1.1.so ...
Processing lib/android.hardware.power@1.2.so ...
Processing lib/android.hardware.power@1.3.so ...
Processing lib/android.hardware.radio-V2-ndk.so ...
Processing lib/android.hardware.radio.config@1.0.so ...
Processing lib/android.hardware.radio@1.0.so ...
Processing lib/android.hardware.radio@1.1.so ...
Processing lib/android.hardware.radio@1.2.so ...
Processing lib/android.hardware.radio@1.3.so ...
Processing lib/android.hardware.radio@1.4.so ...
Processing lib/android.hardware.renderscript@1.0.so ...
Processing lib/android.hardware.sensors-V2-ndk.so ...
Processing lib/android.hardware.sensors@1.0.so ...
Processing lib/android.hardware.sensors@2.0.so ...
Processing lib/android.hardware.sensors@2.1.so ...
Processing lib/android.hardware.soundtrigger@2.0.so ...
Processing lib/android.hardware.soundtrigger@2.1.so ...
Processing lib/android.hardware.soundtrigger@2.2.so ...
Processing lib/android.hardware.thermal-V1-ndk.so ...
Processing lib/android.hardware.thermal@1.0.so ...
Processing lib/android.hardware.tv.input-V1-ndk.so ...
Processing lib/android.hardware.tv.input@1.0.so ...
Processing lib/android.hardware.tv.tuner-V2-ndk.so ...
Processing lib/android.hardware.vibrator-V2-cpp.so ...
Processing lib/android.hardware.vibrator@1.0.so ...
Processing lib/android.hardware.vibrator@1.1.so ...
Processing lib/android.hardware.vibrator@1.2.so ...
Processing lib/android.hardware.vibrator@1.3.so ...
Processing lib/android.hardware.vr@1.0.so ...
Processing lib/android.hidl.allocator@1.0.so ...
Processing lib/android.hidl.memory.token@1.0.so ...
Processing lib/android.hidl.memory@1.0.so ...
Processing lib/android.hidl.safe_union@1.0.so ...
Processing lib/android.hidl.token@1.0-utils.so ...
Processing lib/android.hidl.token@1.0.so ...
Processing lib/android.media.audio.common.types-V1-ndk.so ...
Processing lib/android.media.audio.common.types-V2-cpp.so ...
Processing lib/android.media.audio.common.types-V2-ndk.so ...
Processing lib/android.system.suspend-V1-ndk.so ...
Processing lib/android.system.suspend.control-V1-cpp.so ...
Processing lib/android.system.suspend.control.internal-cpp.so ...
Processing lib/audioclient-types-aidl-cpp.so ...
Processing lib/audioflinger-aidl-cpp.so ...
Processing lib/audiopolicy-aidl-cpp.so ...
Processing lib/audiopolicy-types-aidl-cpp.so ...
Processing lib/av-types-aidl-cpp.so ...
Processing lib/bootstrap ...
Processing lib/capture_state_listener-aidl-cpp.so ...
Processing lib/drm ...
Processing lib/effect-aidl-cpp.so ...
Processing lib/framework-permission-aidl-cpp.so ...
Processing lib/heapprofd_client.so ...
Processing lib/heapprofd_client_api.so ...
Processing lib/hw ...
Processing lib/ld-android.so ...
Processing lib/lib-platform-compat-native-api.so ...
Processing lib/libEGL.so ...
Processing lib/libETC1.so ...
Processing lib/libFFTEm.so ...
Processing lib/libGLESv1_CM.so ...
Processing lib/libGLESv2.so ...
Processing lib/libGLESv3.so ...
Processing lib/libOpenMAXAL.so ...
Processing lib/libOpenSLES.so ...
Processing lib/libPlatformProperties.so ...
Processing lib/libRS.so ...
Processing lib/libRSCacheDir.so ...
Processing lib/libRSCpuRef.so ...
Processing lib/libRSDriver.so ...
Processing lib/libRS_internal.so ...
Processing lib/libSurfaceFlingerProp.so ...
Processing lib/libYouMeMagicVoice.so ...
Processing lib/libaaudio.so ...
Processing lib/libaaudio_internal.so ...
Processing lib/libactivitymanager_aidl.so ...
Processing lib/libadbd_auth.so ...
Processing lib/libadbd_fs.so ...
Processing lib/libalarm_jni.so ...
Processing lib/libamidi.so ...
Processing lib/libandroid.so ...
Processing lib/libandroid_net.so ...
Processing lib/libandroid_runtime.so ...
Processing lib/libandroid_runtime_lazy.so ...
Processing lib/libandroid_servers.so ...
Processing lib/libandroidfw.so ...
Processing lib/libappfuse.so ...
Processing lib/libartpalette-system.so ...
Processing lib/libasyncio.so ...
Processing lib/libaudio-resampler.so ...
Processing lib/libaudio_aidl_conversion_common_cpp.so ...
Processing lib/libaudio_aidl_conversion_common_ndk.so ...
Processing lib/libaudio_aidl_conversion_common_ndk_cpp.so ...
Processing lib/libaudio_aidl_conversion_core_ndk.so ...
Processing lib/libaudio_aidl_conversion_effect_ndk.so ...
Processing lib/libaudioaidlcommon.so ...
Processing lib/libaudioclient.so ...
Processing lib/libaudioclient_aidl_conversion.so ...
Processing lib/libaudiodumpextmtk.so ...
Processing lib/libaudioeffect_jni.so ...
Processing lib/libaudioflinger.so ...
Processing lib/libaudioflinger_timing.so ...
Processing lib/libaudiofoundation.so ...
Processing lib/libaudiohal.so ...
Processing lib/libaudiohal@4.0.so ...
Processing lib/libaudiohal@5.0.so ...
Processing lib/libaudiohal@6.0.so ...
Processing lib/libaudiohal@7.0.so ...
Processing lib/libaudiohal@7.1.so ...
Processing lib/libaudiohal@aidl.so ...
Processing lib/libaudiohal_deathhandler.so ...
Processing lib/libaudiomanager.so ...
Processing lib/libaudiopolicy.so ...
Processing lib/libaudioprocessing.so ...
Processing lib/libaudiospdif.so ...
Processing lib/libaudioutils.so ...
Processing lib/libbase.so ...
Processing lib/libbattery.so ...
Processing lib/libbatterystats_aidl.so ...
Processing lib/libbcinfo.so ...
Processing lib/libbinder.so ...
Processing lib/libbinder_ndk.so ...
Processing lib/libbinder_rpc_unstable.so ...
Processing lib/libblas.so ...
Processing lib/libbpf_bcc.so ...
Processing lib/libbpf_minimal.so ...
Processing lib/libc++.so ...
Processing lib/libc.so ...
Processing lib/libcamera2ndk.so ...
Processing lib/libcamera_client.so ...
Processing lib/libcamera_metadata.so ...
Processing lib/libcap.so ...
Processing lib/libcgrouprc.so ...
Processing lib/libchrome.so ...
Processing lib/libclang_rt.asan-arm-android.so ...
Processing lib/libclang_rt.ubsan_standalone-arm-android.so ...
Processing lib/libclcore.bc ...
Processing lib/libclcore_debug.bc ...
Processing lib/libclcore_debug_g.bc ...
Processing lib/libclcore_g.bc ...
Processing lib/libclcore_neon.bc ...
Processing lib/libcodec2.so ...
Processing lib/libcodec2_client.so ...
Processing lib/libcodec2_hidl_client@1.0.so ...
Processing lib/libcodec2_hidl_client@1.1.so ...
Processing lib/libcodec2_hidl_client@1.2.so ...
Processing lib/libcodec2_vndk.so ...
Processing lib/libcompiler_rt.so ...
Processing lib/libcrypto.so ...
Processing lib/libcutils.so ...
Processing lib/libcutils_sockets.so ...
Processing lib/libdataloader.so ...
Processing lib/libdatasource.so ...
Processing lib/libdebuggerd_client.so ...
Processing lib/libdl.so ...
Processing lib/libdl_android.so ...
Processing lib/libdmabufheap.so ...
Processing lib/libdng_sdk.so ...
Processing lib/libdrm.so ...
Processing lib/libdrmframework.so ...
Processing lib/libdrmframework_jni.so ...
Processing lib/libdrmframeworkcommon.so ...
Processing lib/libeffectsconfig.so ...
Processing lib/libem_sensor_jni_factory.so ...
Processing lib/libevent.so ...
Processing lib/libexpat.so ...
Processing lib/libexpresslog.so ...
Processing lib/libext2_blkid.so ...
Processing lib/libext2_com_err.so ...
Processing lib/libext2_e2p.so ...
Processing lib/libext2_uuid.so ...
Processing lib/libext2fs.so ...
Processing lib/libfactoryfmjni.so ...
Processing lib/libfdtrack.so ...
Processing lib/libfilterfw.so ...
Processing lib/libfilterpack_imageproc.so ...
Processing lib/libfmq.so ...
Processing lib/libft2.so ...
Processing lib/libgatekeeper.so ...
Processing lib/libgralloctypes.so ...
Processing lib/libgraphicsenv.so ...
Processing lib/libgui.so ...
Processing lib/libhardware.so ...
Processing lib/libhardware_legacy.so ...
Processing lib/libharfbuzz_ng.so ...
Processing lib/libheif.so ...
Processing lib/libhfmanager_mtk.so ...
Processing lib/libhidlallocatorutils.so ...
Processing lib/libhidlbase.so ...
Processing lib/libhidlmemory.so ...
Processing lib/libhidltransport.so ...
Processing lib/libhwui.so ...
Processing lib/libidmap2.so ...
Processing lib/libidmap2_policies.so ...
Processing lib/libimage_io.so ...
Processing lib/libimg_utils.so ...
Processing lib/libincfs.so ...
Processing lib/libincident.so ...
Processing lib/libincidentpriv.so ...
Processing lib/libinput.so ...
Processing lib/libinputflinger.so ...
Processing lib/libinputflinger_base.so ...
Processing lib/libinputreader.so ...
Processing lib/libinputreporter.so ...
Processing lib/libinputservice.so ...
Processing lib/libion.so ...
Processing lib/libiprouteutil.so ...
Processing lib/libjnigraphics.so ...
Processing lib/libjpeg.so ...
Processing lib/libjpegdecoder.so ...
Processing lib/libjpegencoder.so ...
Processing lib/libjsoncpp.so ...
Processing lib/libkll.so ...
Processing lib/liblgsi_features.so ...
Processing lib/liblog.so ...
Processing lib/liblzma.so ...
Processing lib/libm.so ...
Processing lib/libmdnssd.so ...
Processing lib/libmedia.so ...
Processing lib/libmedia_codeclist.so ...
Processing lib/libmedia_helper.so ...
Processing lib/libmedia_jni.so ...
Processing lib/libmedia_jni_utils.so ...
Processing lib/libmedia_omx.so ...
Processing lib/libmedia_omx_client.so ...
Processing lib/libmediadrm.so ...
Processing lib/libmediadrmmetrics_consumer.so ...
Processing lib/libmediadrmmetrics_full.so ...
Processing lib/libmediadrmmetrics_lite.so ...
Processing lib/libmedialogservice.so ...
Processing lib/libmediametrics.so ...
Processing lib/libmediandk.so ...
Processing lib/libmediandk_utils.so ...
Processing lib/libmediaplayerservice.so ...
Processing lib/libmediautils.so ...
Processing lib/libmediautils_delayed.so ...
Processing lib/libmeminfo.so ...
Processing lib/libmemtrack.so ...
Processing lib/libmemtrackproxy.so ...
Processing lib/libmemunreachable.so ...
Processing lib/libminikin.so ...
Processing lib/libmtp.so ...
Processing lib/libnativebridge_lazy.so ...
Processing lib/libnativedisplay.so ...
Processing lib/libnativeloader_lazy.so ...
Processing lib/libnativewindow.so ...
Processing lib/libnbaio.so ...
Processing lib/libnblog.so ...
Processing lib/libnetd_client.so ...
Processing lib/libnetdutils.so ...
Processing lib/libnetlink.so ...
Processing lib/libnetutils.so ...
Processing lib/libneuralnetworks_packageinfo.so ...
Processing lib/libpackagelistparser.so ...
Processing lib/libpcap.so ...
Processing lib/libpcre2.so ...
Processing lib/libpdfium.so ...
Processing lib/libpermission.so ...
Processing lib/libpiex.so ...
Processing lib/libpng.so ...
Processing lib/libpower.so ...
Processing lib/libpowermanager.so ...
Processing lib/libprocessgroup.so ...
Processing lib/libprocinfo.so ...
Processing lib/libprotobuf-cpp-full.so ...
Processing lib/libprotobuf-cpp-lite.so ...
Processing lib/libprotoutil.so ...
Processing lib/libpsi.so ...
Processing lib/libradio_metadata.so ...
Processing lib/libresourcemanagerservice.so ...
Processing lib/librs_jni.so ...
Processing lib/librtp_jni.so ...
Processing lib/libruy.so ...
Processing lib/libschedulerservicehidl.so ...
Processing lib/libselinux.so ...
Processing lib/libsensor.so ...
Processing lib/libsensorprivacy.so ...
Processing lib/libsensorservice.so ...
Processing lib/libsensorserviceaidl.so ...
Processing lib/libsensorservicehidl.so ...
Processing lib/libservices.core-gnss.so ...
Processing lib/libsfplugin_ccodec.so ...
Processing lib/libsfplugin_ccodec_utils.so ...
Processing lib/libshmemcompat.so ...
Processing lib/libshmemutil.so ...
Processing lib/libsonic.so ...
Processing lib/libsonivox.so ...
Processing lib/libsounddose.so ...
Processing lib/libsoundpool.so ...
Processing lib/libsparse.so ...
Processing lib/libspeexresampler.so ...
Processing lib/libsqlite.so ...
Processing lib/libssl.so ...
Processing lib/libstagefright.so ...
Processing lib/libstagefright_aidl_bufferpool2.so ...
Processing lib/libstagefright_amrnb_common.so ...
Processing lib/libstagefright_bufferpool@2.0.1.so ...
Processing lib/libstagefright_bufferqueue_helper.so ...
Processing lib/libstagefright_codecbase.so ...
Processing lib/libstagefright_foundation.so ...
Processing lib/libstagefright_framecapture_utils.so ...
Processing lib/libstagefright_http_support.so ...
Processing lib/libstagefright_httplive.so ...
Processing lib/libstagefright_omx.so ...
Processing lib/libstagefright_omx_utils.so ...
Processing lib/libstagefright_surface_utils.so ...
Processing lib/libstagefright_xmlparser.so ...
Processing lib/libstats_media_metrics.so ...
Processing lib/libstatshidl.so ...
Processing lib/libstatslog.so ...
Processing lib/libstdc++.so ...
Processing lib/libsync.so ...
Processing lib/libsysutils.so ...
Processing lib/libtextclassifier_hash.so ...
Processing lib/libtimeinstate.so ...
Processing lib/libtimestats_atoms_proto.so ...
Processing lib/libtinyalsa.so ...
Processing lib/libtinyxml2.so ...
Processing lib/libtombstoned_client.so ...
Processing lib/libui.so ...
Processing lib/libultrahdr.so ...
Processing lib/libunwindstack.so ...
Processing lib/libusbhost.so ...
Processing lib/libutils.so ...
Processing lib/libutilscallstack.so ...
Processing lib/libvibrator.so ...
Processing lib/libvibratorservice.so ...
Processing lib/libvintf.so ...
Processing lib/libvndksupport.so ...
Processing lib/libvulkan.so ...
Processing lib/libwebviewchromium_loader.so ...
Processing lib/libwebviewchromium_plat_support.so ...
Processing lib/libwilhelm.so ...
Processing lib/libxml2.so ...
Processing lib/libz.so ...
Processing lib/libziparchive.so ...
Processing lib/mediametricsservice-aidl-cpp.so ...
Processing lib/packagemanager_aidl-cpp.so ...
Processing lib/server_configurable_flags.so ...
Processing lib/service.incremental.so ...
Processing lib/shared-file-region-aidl-cpp.so ...
Processing lib/spatializer-aidl-cpp.so ...
Processing lib/vendor.dolby.hardware.dms@2.0.so ...
Processing lib/bootstrap/libc.so ...
Processing lib/bootstrap/libdl.so ...
Processing lib/bootstrap/libdl_android.so ...
Processing lib/bootstrap/libm.so ...
Processing lib/drm/libfwdlockengine.so ...
Processing lib/hw/android.hidl.memory@1.0-impl.so ...
Processing lib/hw/commercial.default.so ...
Processing lib64/aaudio-aidl-cpp.so ...
Processing lib64/android.frameworks.cameraservice.common-V1-ndk.so ...
Processing lib64/android.frameworks.cameraservice.common@2.0.so ...
Processing lib64/android.frameworks.cameraservice.device-V1-ndk.so ...
Processing lib64/android.frameworks.cameraservice.device@2.0.so ...
Processing lib64/android.frameworks.cameraservice.device@2.1.so ...
Processing lib64/android.frameworks.cameraservice.service-V1-ndk.so ...
Processing lib64/android.frameworks.cameraservice.service@2.0.so ...
Processing lib64/android.frameworks.cameraservice.service@2.1.so ...
Processing lib64/android.frameworks.cameraservice.service@2.2.so ...
Processing lib64/android.frameworks.displayservice@1.0.so ...
Processing lib64/android.frameworks.schedulerservice@1.0.so ...
Processing lib64/android.frameworks.sensorservice-V1-ndk.so ...
Processing lib64/android.frameworks.sensorservice@1.0.so ...
Processing lib64/android.frameworks.stats-V2-ndk.so ...
Processing lib64/android.frameworks.stats@1.0.so ...
Processing lib64/android.hardware.atrace@1.0.so ...
Processing lib64/android.hardware.audio.common-V2-ndk.so ...
Processing lib64/android.hardware.audio.common-util.so ...
Processing lib64/android.hardware.audio.common@2.0.so ...
Processing lib64/android.hardware.audio.common@4.0-util.so ...
Processing lib64/android.hardware.audio.common@4.0.so ...
Processing lib64/android.hardware.audio.common@5.0-util.so ...
Processing lib64/android.hardware.audio.common@5.0.so ...
Processing lib64/android.hardware.audio.common@6.0-util.so ...
Processing lib64/android.hardware.audio.common@6.0.so ...
Processing lib64/android.hardware.audio.common@7.0.so ...
Processing lib64/android.hardware.audio.core-V1-ndk.so ...
Processing lib64/android.hardware.audio.core.sounddose-V1-ndk.so ...
Processing lib64/android.hardware.audio.effect-V1-ndk.so ...
Processing lib64/android.hardware.audio.effect@4.0-util.so ...
Processing lib64/android.hardware.audio.effect@4.0.so ...
Processing lib64/android.hardware.audio.effect@5.0-util.so ...
Processing lib64/android.hardware.audio.effect@5.0.so ...
Processing lib64/android.hardware.audio.effect@6.0-util.so ...
Processing lib64/android.hardware.audio.effect@6.0.so ...
Processing lib64/android.hardware.audio.effect@7.0.so ...
Processing lib64/android.hardware.audio.sounddose-V1-ndk.so ...
Processing lib64/android.hardware.audio@4.0-util.so ...
Processing lib64/android.hardware.audio@4.0.so ...
Processing lib64/android.hardware.audio@5.0-util.so ...
Processing lib64/android.hardware.audio@5.0.so ...
Processing lib64/android.hardware.audio@6.0-util.so ...
Processing lib64/android.hardware.audio@6.0.so ...
Processing lib64/android.hardware.audio@7.0.so ...
Processing lib64/android.hardware.audio@7.1.so ...
Processing lib64/android.hardware.boot-V1-ndk.so ...
Processing lib64/android.hardware.boot@1.0.so ...
Processing lib64/android.hardware.boot@1.1.so ...
Processing lib64/android.hardware.boot@1.2.so ...
Processing lib64/android.hardware.broadcastradio@1.0.so ...
Processing lib64/android.hardware.broadcastradio@1.1.so ...
Processing lib64/android.hardware.camera.common-V1-ndk.so ...
Processing lib64/android.hardware.camera.common@1.0.so ...
Processing lib64/android.hardware.camera.device-V2-ndk.so ...
Processing lib64/android.hardware.camera.device@1.0.so ...
Processing lib64/android.hardware.camera.device@3.2.so ...
Processing lib64/android.hardware.camera.device@3.3.so ...
Processing lib64/android.hardware.camera.device@3.4.so ...
Processing lib64/android.hardware.camera.device@3.5.so ...
Processing lib64/android.hardware.camera.device@3.6.so ...
Processing lib64/android.hardware.camera.device@3.7.so ...
Processing lib64/android.hardware.camera.metadata-V2-ndk.so ...
Processing lib64/android.hardware.camera.metadata@3.2.so ...
Processing lib64/android.hardware.camera.metadata@3.3.so ...
Processing lib64/android.hardware.camera.metadata@3.4.so ...
Processing lib64/android.hardware.camera.metadata@3.5.so ...
Processing lib64/android.hardware.camera.metadata@3.6.so ...
Processing lib64/android.hardware.camera.provider-V2-ndk.so ...
Processing lib64/android.hardware.camera.provider@2.4.so ...
Processing lib64/android.hardware.camera.provider@2.5.so ...
Processing lib64/android.hardware.camera.provider@2.6.so ...
Processing lib64/android.hardware.camera.provider@2.7.so ...
Processing lib64/android.hardware.cas.native@1.0.so ...
Processing lib64/android.hardware.cas@1.0.so ...
Processing lib64/android.hardware.common-V2-ndk.so ...
Processing lib64/android.hardware.common.fmq-V1-ndk.so ...
Processing lib64/android.hardware.configstore-utils.so ...
Processing lib64/android.hardware.configstore@1.0.so ...
Processing lib64/android.hardware.configstore@1.1.so ...
Processing lib64/android.hardware.confirmationui-V1-ndk.so ...
Processing lib64/android.hardware.confirmationui@1.0.so ...
Processing lib64/android.hardware.contexthub@1.0.so ...
Processing lib64/android.hardware.drm-V1-ndk.so ...
Processing lib64/android.hardware.drm@1.0.so ...
Processing lib64/android.hardware.drm@1.1.so ...
Processing lib64/android.hardware.drm@1.2.so ...
Processing lib64/android.hardware.drm@1.3.so ...
Processing lib64/android.hardware.drm@1.4.so ...
Processing lib64/android.hardware.dumpstate-V1-ndk.so ...
Processing lib64/android.hardware.dumpstate@1.0.so ...
Processing lib64/android.hardware.dumpstate@1.1.so ...
Processing lib64/android.hardware.gatekeeper-V1-ndk.so ...
Processing lib64/android.hardware.gatekeeper@1.0.so ...
Processing lib64/android.hardware.gnss-V3-cpp.so ...
Processing lib64/android.hardware.gnss.measurement_corrections@1.0.so ...
Processing lib64/android.hardware.gnss.measurement_corrections@1.1.so ...
Processing lib64/android.hardware.gnss.visibility_control@1.0.so ...
Processing lib64/android.hardware.gnss@1.0.so ...
Processing lib64/android.hardware.gnss@1.1.so ...
Processing lib64/android.hardware.gnss@2.0.so ...
Processing lib64/android.hardware.gnss@2.1.so ...
Processing lib64/android.hardware.graphics.allocator-V2-ndk.so ...
Processing lib64/android.hardware.graphics.allocator@2.0.so ...
Processing lib64/android.hardware.graphics.allocator@3.0.so ...
Processing lib64/android.hardware.graphics.allocator@4.0.so ...
Processing lib64/android.hardware.graphics.bufferqueue@1.0.so ...
Processing lib64/android.hardware.graphics.bufferqueue@2.0.so ...
Processing lib64/android.hardware.graphics.common-V4-ndk.so ...
Processing lib64/android.hardware.graphics.common@1.0.so ...
Processing lib64/android.hardware.graphics.common@1.1.so ...
Processing lib64/android.hardware.graphics.common@1.2.so ...
Processing lib64/android.hardware.graphics.composer3-V2-ndk.so ...
Processing lib64/android.hardware.graphics.composer@2.1.so ...
Processing lib64/android.hardware.graphics.composer@2.2.so ...
Processing lib64/android.hardware.graphics.composer@2.3.so ...
Processing lib64/android.hardware.graphics.composer@2.4.so ...
Processing lib64/android.hardware.graphics.mapper@2.0.so ...
Processing lib64/android.hardware.graphics.mapper@2.1.so ...
Processing lib64/android.hardware.graphics.mapper@3.0.so ...
Processing lib64/android.hardware.graphics.mapper@4.0.so ...
Processing lib64/android.hardware.health-V1-ndk.so ...
Processing lib64/android.hardware.health-V2-ndk.so ...
Processing lib64/android.hardware.health.storage-V1-ndk.so ...
Processing lib64/android.hardware.health.storage@1.0.so ...
Processing lib64/android.hardware.health@1.0.so ...
Processing lib64/android.hardware.health@2.0.so ...
Processing lib64/android.hardware.health@2.1.so ...
Processing lib64/android.hardware.identity-support-lib.so ...
Processing lib64/android.hardware.input.common-V1-ndk.so ...
Processing lib64/android.hardware.input.processor-V1-ndk.so ...
Processing lib64/android.hardware.ir@1.0.so ...
Processing lib64/android.hardware.keymaster@3.0.so ...
Processing lib64/android.hardware.keymaster@4.0.so ...
Processing lib64/android.hardware.keymaster@4.1.so ...
Processing lib64/android.hardware.light@2.0.so ...
Processing lib64/android.hardware.media.bufferpool2-V1-ndk.so ...
Processing lib64/android.hardware.media.bufferpool@2.0.so ...
Processing lib64/android.hardware.media.c2@1.0.so ...
Processing lib64/android.hardware.media.c2@1.1.so ...
Processing lib64/android.hardware.media.c2@1.2.so ...
Processing lib64/android.hardware.media.omx@1.0.so ...
Processing lib64/android.hardware.media@1.0.so ...
Processing lib64/android.hardware.memtrack-V1-ndk.so ...
Processing lib64/android.hardware.memtrack@1.0.so ...
Processing lib64/android.hardware.net.nlinterceptor-V1-ndk.so ...
Processing lib64/android.hardware.nfc-V1-ndk.so ...
Processing lib64/android.hardware.nfc@1.0.so ...
Processing lib64/android.hardware.nfc@1.1.so ...
Processing lib64/android.hardware.nfc@1.2.so ...
Processing lib64/android.hardware.power-V4-cpp.so ...
Processing lib64/android.hardware.power-V4-ndk.so ...
Processing lib64/android.hardware.power.stats-V1-cpp.so ...
Processing lib64/android.hardware.power.stats-V1-ndk.so ...
Processing lib64/android.hardware.power.stats@1.0.so ...
Processing lib64/android.hardware.power@1.0.so ...
Processing lib64/android.hardware.power@1.1.so ...
Processing lib64/android.hardware.power@1.2.so ...
Processing lib64/android.hardware.power@1.3.so ...
Processing lib64/android.hardware.radio-V2-ndk.so ...
Processing lib64/android.hardware.radio.config@1.0.so ...
Processing lib64/android.hardware.radio@1.0.so ...
Processing lib64/android.hardware.radio@1.1.so ...
Processing lib64/android.hardware.radio@1.2.so ...
Processing lib64/android.hardware.radio@1.3.so ...
Processing lib64/android.hardware.radio@1.4.so ...
Processing lib64/android.hardware.renderscript@1.0.so ...
Processing lib64/android.hardware.security.keymint-V1-cpp.so ...
Processing lib64/android.hardware.security.keymint-V1-ndk.so ...
Processing lib64/android.hardware.security.keymint-V3-ndk.so ...
Processing lib64/android.hardware.security.rkp-V3-ndk.so ...
Processing lib64/android.hardware.security.secureclock-V1-cpp.so ...
Processing lib64/android.hardware.security.secureclock-V1-ndk.so ...
Processing lib64/android.hardware.security.sharedsecret-V1-ndk.so ...
Processing lib64/android.hardware.sensors-V2-ndk.so ...
Processing lib64/android.hardware.sensors@1.0.so ...
Processing lib64/android.hardware.sensors@2.0.so ...
Processing lib64/android.hardware.sensors@2.1.so ...
Processing lib64/android.hardware.soundtrigger@2.0.so ...
Processing lib64/android.hardware.soundtrigger@2.1.so ...
Processing lib64/android.hardware.soundtrigger@2.2.so ...
Processing lib64/android.hardware.thermal-V1-ndk.so ...
Processing lib64/android.hardware.thermal@1.0.so ...
Processing lib64/android.hardware.tv.input-V1-ndk.so ...
Processing lib64/android.hardware.tv.input@1.0.so ...
Processing lib64/android.hardware.tv.tuner-V2-ndk.so ...
Processing lib64/android.hardware.usb.gadget-V1-ndk.so ...
Processing lib64/android.hardware.usb.gadget@1.0.so ...
Processing lib64/android.hardware.vibrator-V2-cpp.so ...
Processing lib64/android.hardware.vibrator@1.0.so ...
Processing lib64/android.hardware.vibrator@1.1.so ...
Processing lib64/android.hardware.vibrator@1.2.so ...
Processing lib64/android.hardware.vibrator@1.3.so ...
Processing lib64/android.hardware.vr@1.0.so ...
Processing lib64/android.hidl.allocator@1.0.so ...
Processing lib64/android.hidl.memory.token@1.0.so ...
Processing lib64/android.hidl.memory@1.0.so ...
Processing lib64/android.hidl.safe_union@1.0.so ...
Processing lib64/android.hidl.token@1.0-utils.so ...
Processing lib64/android.hidl.token@1.0.so ...
Processing lib64/android.media.audio.common.types-V1-ndk.so ...
Processing lib64/android.media.audio.common.types-V2-cpp.so ...
Processing lib64/android.media.audio.common.types-V2-ndk.so ...
Processing lib64/android.security.apc-ndk.so ...
Processing lib64/android.security.authorization-ndk.so ...
Processing lib64/android.security.compat-ndk.so ...
Processing lib64/android.security.legacykeystore-ndk.so ...
Processing lib64/android.security.maintenance-ndk.so ...
Processing lib64/android.system.keystore2-V1-cpp.so ...
Processing lib64/android.system.keystore2-V1-ndk.so ...
Processing lib64/android.system.keystore2-V3-ndk.so ...
Processing lib64/android.system.net.netd-V1-ndk.so ...
Processing lib64/android.system.net.netd@1.0.so ...
Processing lib64/android.system.net.netd@1.1.so ...
Processing lib64/android.system.suspend-V1-ndk.so ...
Processing lib64/android.system.suspend.control-V1-cpp.so ...
Processing lib64/android.system.suspend.control.internal-cpp.so ...
Processing lib64/android.system.suspend@1.0.so ...
Processing lib64/android.system.wifi.keystore@1.0.so ...
Processing lib64/apex_aidl_interface-cpp.so ...
Processing lib64/audioclient-types-aidl-cpp.so ...
Processing lib64/audioflinger-aidl-cpp.so ...
Processing lib64/audiopolicy-aidl-cpp.so ...
Processing lib64/audiopolicy-types-aidl-cpp.so ...
Processing lib64/av-types-aidl-cpp.so ...
Processing lib64/bootstrap ...
Processing lib64/capture_state_listener-aidl-cpp.so ...
Processing lib64/dnsresolver_aidl_interface-V7-cpp.so ...
Processing lib64/drm ...
Processing lib64/effect-aidl-cpp.so ...
Processing lib64/framework-permission-aidl-cpp.so ...
Processing lib64/gsi_aidl_interface-cpp.so ...
Processing lib64/heapprofd_client.so ...
Processing lib64/heapprofd_client_api.so ...
Processing lib64/hw ...
Processing lib64/hwasan ...
Processing lib64/ld-android.so ...
Processing lib64/lib-platform-compat-native-api.so ...
Processing lib64/libEGL.so ...
Processing lib64/libETC1.so ...
Processing lib64/libFFTEm.so ...
Processing lib64/libFNVfbEngineHAL.so ...
Processing lib64/libGLESv1_CM.so ...
Processing lib64/libGLESv2.so ...
Processing lib64/libGLESv3.so ...
Processing lib64/libLLVM_android.so ...
Processing lib64/libMorphoCL.so ...
Processing lib64/libOpenMAXAL.so ...
Processing lib64/libOpenSLES.so ...
Processing lib64/libPlatformProperties.so ...
Processing lib64/libRS.so ...
Processing lib64/libRSCacheDir.so ...
Processing lib64/libRSCpuRef.so ...
Processing lib64/libRSDriver.so ...
Processing lib64/libRS_internal.so ...
Processing lib64/libSurfaceFlingerProp.so ...
Processing lib64/libSuspendProperties.so ...
Processing lib64/libYouMeMagicVoice.so ...
Processing lib64/lib_android_keymaster_keymint_utils.so ...
Processing lib64/libaaudio.so ...
Processing lib64/libaaudio_internal.so ...
Processing lib64/libaaudioservice.so ...
Processing lib64/libactivitymanager_aidl.so ...
Processing lib64/libadbd_auth.so ...
Processing lib64/libadbd_fs.so ...
Processing lib64/libalarm_jni.so ...
Processing lib64/libamidi.so ...
Processing lib64/libandroid.so ...
Processing lib64/libandroid_log_sys.dylib.so ...
Processing lib64/libandroid_logger.dylib.so ...
Processing lib64/libandroid_net.so ...
Processing lib64/libandroid_runtime.so ...
Processing lib64/libandroid_runtime_lazy.so ...
Processing lib64/libandroid_servers.so ...
Processing lib64/libandroidfw.so ...
Processing lib64/libanyhow.dylib.so ...
Processing lib64/libappfuse.so ...
Processing lib64/libartpalette-system.so ...
Processing lib64/libasyncio.so ...
Processing lib64/libaudio-resampler.so ...
Processing lib64/libaudio_aidl_conversion_common_cpp.so ...
Processing lib64/libaudio_aidl_conversion_common_ndk.so ...
Processing lib64/libaudio_aidl_conversion_common_ndk_cpp.so ...
Processing lib64/libaudio_aidl_conversion_core_ndk.so ...
Processing lib64/libaudio_aidl_conversion_effect_ndk.so ...
Processing lib64/libaudioaidlcommon.so ...
Processing lib64/libaudioclient.so ...
Processing lib64/libaudioclient_aidl_conversion.so ...
Processing lib64/libaudiodumpextmtk.so ...
Processing lib64/libaudioeffect_jni.so ...
Processing lib64/libaudioflinger.so ...
Processing lib64/libaudioflinger_timing.so ...
Processing lib64/libaudiofoundation.so ...
Processing lib64/libaudiohal.so ...
Processing lib64/libaudiohal@4.0.so ...
Processing lib64/libaudiohal@5.0.so ...
Processing lib64/libaudiohal@6.0.so ...
Processing lib64/libaudiohal@7.0.so ...
Processing lib64/libaudiohal@7.1.so ...
Processing lib64/libaudiohal@aidl.so ...
Processing lib64/libaudiohal_deathhandler.so ...
Processing lib64/libaudiomanager.so ...
Processing lib64/libaudiopolicy.so ...
Processing lib64/libaudiopolicyengineconfigurable.so ...
Processing lib64/libaudiopolicyenginedefault.so ...
Processing lib64/libaudiopolicymanagerdefault.so ...
Processing lib64/libaudiopolicyservice.so ...
Processing lib64/libaudioprocessing.so ...
Processing lib64/libaudiospdif.so ...
Processing lib64/libaudiousecasevalidation.so ...
Processing lib64/libaudioutils.so ...
Processing lib64/libavservices_minijail.so ...
Processing lib64/libbase.so ...
Processing lib64/libbattery.so ...
Processing lib64/libbatterystats_aidl.so ...
Processing lib64/libbcc.so ...
Processing lib64/libbcinfo.so ...
Processing lib64/libbinder.so ...
Processing lib64/libbinder_ndk.so ...
Processing lib64/libbinder_rpc_unstable.so ...
Processing lib64/libbinderdebug.so ...
Processing lib64/libbinderwrapper.so ...
Processing lib64/libbitflags.dylib.so ...
Processing lib64/libblas.so ...
Processing lib64/libboot_control_client.so ...
Processing lib64/libbootanimation.so ...
Processing lib64/libbootloader_message.so ...
Processing lib64/libbpf_android.so ...
Processing lib64/libbpf_bcc.so ...
Processing lib64/libbpf_minimal.so ...
Processing lib64/libbrillo-binder.so ...
Processing lib64/libbrillo-stream.so ...
Processing lib64/libbrillo.so ...
Processing lib64/libbssl_ffi.dylib.so ...
Processing lib64/libbytes.dylib.so ...
Processing lib64/libc++.so ...
Processing lib64/libc++_shared.so ...
Processing lib64/libc.so ...
Processing lib64/libcamera2ndk.so ...
Processing lib64/libcamera_client.so ...
Processing lib64/libcamera_metadata.so ...
Processing lib64/libcamerapandora.so ...
Processing lib64/libcameraservice.so ...
Processing lib64/libcap.so ...
Processing lib64/libcfg_if.dylib.so ...
Processing lib64/libcgrouprc.so ...
Processing lib64/libchrome.so ...
Processing lib64/libclang_rt.asan-aarch64-android.so ...
Processing lib64/libclang_rt.hwasan-aarch64-android.so ...
Processing lib64/libclang_rt.ubsan_standalone-aarch64-android.so ...
Processing lib64/libclap.dylib.so ...
Processing lib64/libclap_lex.dylib.so ...
Processing lib64/libclcore.bc ...
Processing lib64/libclcore_debug.bc ...
Processing lib64/libclcore_debug_g.bc ...
Processing lib64/libclcore_g.bc ...
Processing lib64/libclcore_neon.bc ...
Processing lib64/libcntinspector.so ...
Processing lib64/libcodec2.so ...
Processing lib64/libcodec2_client.so ...
Processing lib64/libcodec2_hidl_client@1.0.so ...
Processing lib64/libcodec2_hidl_client@1.1.so ...
Processing lib64/libcodec2_hidl_client@1.2.so ...
Processing lib64/libcodec2_vndk.so ...
Processing lib64/libcompiler_rt.so ...
Processing lib64/libcppbor_external.so ...
Processing lib64/libcppcose_rkp.so ...
Processing lib64/libcredstore_aidl.so ...
Processing lib64/libcrypto.so ...
Processing lib64/libcrypto_utils.so ...
Processing lib64/libcups.so ...
Processing lib64/libcurl.so ...
Processing lib64/libcutils.so ...
Processing lib64/libcutils_sockets.so ...
Processing lib64/libdataloader.so ...
Processing lib64/libdatasource.so ...
Processing lib64/libdebuggerd_client.so ...
Processing lib64/libdiskconfig.so ...
Processing lib64/libdisplayservicehidl.so ...
Processing lib64/libdl.so ...
Processing lib64/libdl_android.so ...
Processing lib64/libdmabufheap.so ...
Processing lib64/libdng_sdk.so ...
Processing lib64/libdrm.so ...
Processing lib64/libdrmframework.so ...
Processing lib64/libdrmframework_jni.so ...
Processing lib64/libdrmframeworkcommon.so ...
Processing lib64/libdumpstateaidl.so ...
Processing lib64/libdumpstateutil.so ...
Processing lib64/libdumputils.so ...
Processing lib64/libdynamic_depth.so ...
Processing lib64/libeffectsconfig.so ...
Processing lib64/libem_sensor_jni_factory.so ...
Processing lib64/libenv_logger.dylib.so ...
Processing lib64/libevent.so ...
Processing lib64/libexif.so ...
Processing lib64/libexpat.so ...
Processing lib64/libexpresslog.so ...
Processing lib64/libext2_blkid.so ...
Processing lib64/libext2_com_err.so ...
Processing lib64/libext2_e2p.so ...
Processing lib64/libext2_misc.so ...
Processing lib64/libext2_quota.so ...
Processing lib64/libext2_uuid.so ...
Processing lib64/libext2fs.so ...
Processing lib64/libext4_utils.so ...
Processing lib64/libf2fs_sparseblock.so ...
Processing lib64/libfactoryfmjni.so ...
Processing lib64/libfdtrack.so ...
Processing lib64/libfec.so ...
Processing lib64/libfilterfw.so ...
Processing lib64/libfilterpack_imageproc.so ...
Processing lib64/libfmq.so ...
Processing lib64/libfs_mgr.so ...
Processing lib64/libfs_mgr_binder.so ...
Processing lib64/libfsverity.so ...
Processing lib64/libft2.so ...
Processing lib64/libgatekeeper.so ...
Processing lib64/libgatekeeper_aidl.so ...
Processing lib64/libgfxstats.so ...
Processing lib64/libgpumem.so ...
Processing lib64/libgpumemtracer.so ...
Processing lib64/libgpuservice.so ...
Processing lib64/libgpuwork.so ...
Processing lib64/libgralloctypes.so ...
Processing lib64/libgraphicsenv.so ...
Processing lib64/libgsi.so ...
Processing lib64/libgui.so ...
Processing lib64/libhardware.so ...
Processing lib64/libhardware_legacy.so ...
Processing lib64/libharfbuzz_ng.so ...
Processing lib64/libheadtracking-binding.so ...
Processing lib64/libheadtracking.so ...
Processing lib64/libheif.so ...
Processing lib64/libhfmanager_mtk.so ...
Processing lib64/libhidcommand_jni.so ...
Processing lib64/libhidl-gen-hash.so ...
Processing lib64/libhidl-gen-utils.so ...
Processing lib64/libhidlallocatorutils.so ...
Processing lib64/libhidlbase.so ...
Processing lib64/libhidlmemory.so ...
Processing lib64/libhidltransport.so ...
Processing lib64/libhwui.so ...
Processing lib64/libidmap2.so ...
Processing lib64/libidmap2_policies.so ...
Processing lib64/libimage_io.so ...
Processing lib64/libimageconverter.so ...
Processing lib64/libimg_utils.so ...
Processing lib64/libincfs.so ...
Processing lib64/libincident.so ...
Processing lib64/libincidentpriv.so ...
Processing lib64/libinput.so ...
Processing lib64/libinputflinger.so ...
Processing lib64/libinputflinger_base.so ...
Processing lib64/libinputreader.so ...
Processing lib64/libinputreporter.so ...
Processing lib64/libinputservice.so ...
Processing lib64/libion.so ...
Processing lib64/libiprouteutil.so ...
Processing lib64/libjnigraphics.so ...
Processing lib64/libjpeg.so ...
Processing lib64/libjpegdecoder.so ...
Processing lib64/libjpegencoder.so ...
Processing lib64/libjsoncpp.so ...
Processing lib64/libkeymaster4_1support.so ...
Processing lib64/libkeymaster4support.so ...
Processing lib64/libkeymaster_messages.so ...
Processing lib64/libkeymaster_portable.so ...
Processing lib64/libkeymint.so ...
Processing lib64/libkeymint_support.so ...
Processing lib64/libkeystore-attestation-application-id.so ...
Processing lib64/libkeystore-engine.so ...
Processing lib64/libkeystore2_aaid.so ...
Processing lib64/libkeystore2_apc_compat.so ...
Processing lib64/libkeystore2_crypto.so ...
Processing lib64/libkeyutils.so ...
Processing lib64/libkll.so ...
Processing lib64/libkm_compat.so ...
Processing lib64/libkm_compat_service.so ...
Processing lib64/liblayers_proto.so ...
Processing lib64/liblgsi_features.so ...
Processing lib64/liblibc.dylib.so ...
Processing lib64/liblog.so ...
Processing lib64/liblog_rust.dylib.so ...
Processing lib64/liblogger.dylib.so ...
Processing lib64/liblogwrap.so ...
Processing lib64/liblp.so ...
Processing lib64/liblpdump.so ...
Processing lib64/liblpdump_interface-cpp.so ...
Processing lib64/liblz4.so ...
Processing lib64/liblzma.so ...
Processing lib64/libm.so ...
Processing lib64/libmdnssd.so ...
Processing lib64/libmedia.so ...
Processing lib64/libmedia_codeclist.so ...
Processing lib64/libmedia_helper.so ...
Processing lib64/libmedia_jni.so ...
Processing lib64/libmedia_jni_utils.so ...
Processing lib64/libmedia_omx.so ...
Processing lib64/libmedia_omx_client.so ...
Processing lib64/libmediadrm.so ...
Processing lib64/libmediadrmmetrics_consumer.so ...
Processing lib64/libmediadrmmetrics_full.so ...
Processing lib64/libmediadrmmetrics_lite.so ...
Processing lib64/libmediaextractorservice.so ...
Processing lib64/libmedialogservice.so ...
Processing lib64/libmediametrics.so ...
Processing lib64/libmediametricsservice.so ...
Processing lib64/libmediandk.so ...
Processing lib64/libmediandk_utils.so ...
Processing lib64/libmediaplayerservice.so ...
Processing lib64/libmediautils.so ...
Processing lib64/libmediautils_delayed.so ...
Processing lib64/libmemchr.dylib.so ...
Processing lib64/libmeminfo.so ...
Processing lib64/libmemoffset.dylib.so ...
Processing lib64/libmemtrack.so ...
Processing lib64/libmemtrackproxy.so ...
Processing lib64/libmemunreachable.so ...
Processing lib64/libminijail.so ...
Processing lib64/libminikin.so ...
Processing lib64/libmio.dylib.so ...
Processing lib64/libmorpho_FaceDetect.so ...
Processing lib64/libmorpho_PortraitEffect.so ...
Processing lib64/libmorpho_auto_framing.so ...
Processing lib64/libmtp.so ...
Processing lib64/libnativebridge_lazy.so ...
Processing lib64/libnativedisplay.so ...
Processing lib64/libnativeloader_lazy.so ...
Processing lib64/libnativewindow.so ...
Processing lib64/libnbaio.so ...
Processing lib64/libnblog.so ...
Processing lib64/libnetd_client.so ...
Processing lib64/libnetdutils.so ...
Processing lib64/libnetlink.so ...
Processing lib64/libnetutils.so ...
Processing lib64/libneuralnetworks_packageinfo.so ...
Processing lib64/libnfc-nci.so ...
Processing lib64/libnfc_nci_jni.so ...
Processing lib64/libnfnetlink.so ...
Processing lib64/libnix.dylib.so ...
Processing lib64/libnum_cpus.dylib.so ...
Processing lib64/libonce_cell.dylib.so ...
Processing lib64/libos_str_bytes.dylib.so ...
Processing lib64/libpackagelistparser.so ...
Processing lib64/libpandora.algorithm.fotonation.facebeauty.1.so ...
Processing lib64/libpandora.algorithm.lenovo.ImageRotate.1.so ...
Processing lib64/libpandora.algorithm.morpho.autoframing.1.so ...
Processing lib64/libpandora.algorithm.morpho.portraiteffect.1.so ...
Processing lib64/libpandora.pal.platform.generic.products.so ...
Processing lib64/libpandora.render.so ...
Processing lib64/libpandora.so ...
Processing lib64/libparameter.so ...
Processing lib64/libpcap.so ...
Processing lib64/libpcre2.so ...
Processing lib64/libpdfium.so ...
Processing lib64/libpdx_default_transport.so ...
Processing lib64/libperfetto.so ...
Processing lib64/libperfetto_android_internal.so ...
Processing lib64/libpermission.so ...
Processing lib64/libpiex.so ...
Processing lib64/libpin_project_lite.dylib.so ...
Processing lib64/libpin_utils.dylib.so ...
Processing lib64/libpng.so ...
Processing lib64/libpower.so ...
Processing lib64/libpowermanager.so ...
Processing lib64/libprintspooler_jni.so ...
Processing lib64/libprocessgroup.so ...
Processing lib64/libprocessgroup_setup.so ...
Processing lib64/libprocinfo.so ...
Processing lib64/libprotobuf-cpp-full.so ...
Processing lib64/libprotobuf-cpp-lite.so ...
Processing lib64/libprotoutil.so ...
Processing lib64/libpsi.so ...
Processing lib64/libpuresoftkeymasterdevice.so ...
Processing lib64/libradio_metadata.so ...
Processing lib64/libremote-processor.so ...
Processing lib64/libresourcemanagerservice.so ...
Processing lib64/librkp_support.so ...
Processing lib64/librs_jni.so ...
Processing lib64/librtp_jni.so ...
Processing lib64/libruy.so ...
Processing lib64/libschedulerservicehidl.so ...
Processing lib64/libselinux.so ...
Processing lib64/libsensor.so ...
Processing lib64/libsensorprivacy.so ...
Processing lib64/libsensorservice.so ...
Processing lib64/libsensorserviceaidl.so ...
Processing lib64/libsensorservicehidl.so ...
Processing lib64/libserde.dylib.so ...
Processing lib64/libservices.core-gnss.so ...
Processing lib64/libservices.so ...
Processing lib64/libsfplugin_ccodec.so ...
Processing lib64/libsfplugin_ccodec_utils.so ...
Processing lib64/libshmemcompat.so ...
Processing lib64/libshmemutil.so ...
Processing lib64/libsmapinfo.so ...
Processing lib64/libsocket2.dylib.so ...
Processing lib64/libsoft_attestation_cert.so ...
Processing lib64/libsonic.so ...
Processing lib64/libsonivox.so ...
Processing lib64/libsounddose.so ...
Processing lib64/libsoundpool.so ...
Processing lib64/libsparse.so ...
Processing lib64/libspeexresampler.so ...
Processing lib64/libsqlite.so ...
Processing lib64/libsquashfs_utils.so ...
Processing lib64/libssl.so ...
Processing lib64/libstagefright.so ...
Processing lib64/libstagefright_aidl_bufferpool2.so ...
Processing lib64/libstagefright_amrnb_common.so ...
Processing lib64/libstagefright_bufferpool@2.0.1.so ...
Processing lib64/libstagefright_bufferqueue_helper.so ...
Processing lib64/libstagefright_codecbase.so ...
Processing lib64/libstagefright_foundation.so ...
Processing lib64/libstagefright_framecapture_utils.so ...
Processing lib64/libstagefright_http_support.so ...
Processing lib64/libstagefright_httplive.so ...
Processing lib64/libstagefright_omx.so ...
Processing lib64/libstagefright_omx_utils.so ...
Processing lib64/libstagefright_surface_utils.so ...
Processing lib64/libstagefright_xmlparser.so ...
Processing lib64/libstatic_assertions.dylib.so ...
Processing lib64/libstats_media_metrics.so ...
Processing lib64/libstatshidl.so ...
Processing lib64/libstatslog.so ...
Processing lib64/libstatslog_nfc.so ...
Processing lib64/libstd.dylib.so ...
Processing lib64/libstdc++.so ...
Processing lib64/libsuspend.so ...
Processing lib64/libsync.so ...
Processing lib64/libsysutils.so ...
Processing lib64/libtextclassifier_hash.so ...
Processing lib64/libtimeinstate.so ...
Processing lib64/libtimestats.so ...
Processing lib64/libtimestats_atoms_proto.so ...
Processing lib64/libtimestats_proto.so ...
Processing lib64/libtinyalsa.so ...
Processing lib64/libtinyxml2.so ...
Processing lib64/libtokio.dylib.so ...
Processing lib64/libtombstoned_client.so ...
Processing lib64/libtpupdate.so ...
Processing lib64/libtracingproxy.so ...
Processing lib64/libui.so ...
Processing lib64/libuinputcommand_jni.so ...
Processing lib64/libukey2_jni.so ...
Processing lib64/libultrahdr.so ...
Processing lib64/libunwindstack.so ...
Processing lib64/libupdate_engine_stable-V1-cpp.so ...
Processing lib64/libusbhost.so ...
Processing lib64/libutils.so ...
Processing lib64/libutilscallstack.so ...
Processing lib64/libvibrator.so ...
Processing lib64/libvibratorservice.so ...
Processing lib64/libvintf.so ...
Processing lib64/libvkjson.so ...
Processing lib64/libvndksupport.so ...
Processing lib64/libvulkan.so ...
Processing lib64/libwebviewchromium_loader.so ...
Processing lib64/libwebviewchromium_plat_support.so ...
Processing lib64/libwfds.so ...
Processing lib64/libwifi-system-iface.so ...
Processing lib64/libwilhelm.so ...
Processing lib64/libxml2.so ...
Processing lib64/libyuv.so ...
Processing lib64/libz.so ...
Processing lib64/libziparchive.so ...
Processing lib64/mdns_aidl_interface-V1-cpp.so ...
Processing lib64/media_permission-aidl-cpp.so ...
Processing lib64/mediametricsservice-aidl-cpp.so ...
Processing lib64/netd_aidl_interface-V13-cpp.so ...
Processing lib64/netd_event_listener_interface-V1-cpp.so ...
Processing lib64/netd_ext_event_listener_interface-cpp.so ...
Processing lib64/oemnetd_aidl_interface-cpp.so ...
Processing lib64/packagemanager_aidl-cpp.so ...
Processing lib64/pppol2tp-android.so ...
Processing lib64/pppopptp-android.so ...
Processing lib64/server_configurable_flags.so ...
Processing lib64/service.incremental.so ...
Processing lib64/shared-file-region-aidl-cpp.so ...
Processing lib64/slicer.so ...
Processing lib64/spatializer-aidl-cpp.so ...
Processing lib64/vendor.dolby.hardware.dms@2.0.so ...
Processing lib64/bootstrap/hwasan ...
Processing lib64/bootstrap/libc.so ...
Processing lib64/bootstrap/libclang_rt.hwasan-aarch64-android.so ...
Processing lib64/bootstrap/libdl.so ...
Processing lib64/bootstrap/libdl_android.so ...
Processing lib64/bootstrap/libm.so ...
Processing lib64/bootstrap/hwasan/libc.so ...
Processing lib64/drm/libfwdlockengine.so ...
Processing lib64/hw/android.hidl.memory@1.0-impl.so ...
Processing lib64/hw/commercial.default.so ...
Processing lib64/hwasan/libc.so ...
Processing media/bootanimation.zip ...
Processing media/shutdownanimation.zip ...
Processing miui-themes/theme ...
Processing miui-themes/theme/.data ...
Processing miui-themes/theme/.nomedia ...
Processing miui-themes/theme/MILanProVF.mtz ...
Processing miui-themes/theme/custom_online_ids.mrm ...
Processing miui-themes/theme/default ...
Processing miui-themes/theme/default.mtz ...
Processing miui-themes/theme/icons_version_1 ...
Processing miui-themes/theme/miui_mod_icons ...
Processing miui-themes/theme/os4_fonts ...
Processing miui-themes/theme/theme_compatibility.xml ...
Processing miui-themes/theme/.data/content ...
Processing miui-themes/theme/.data/meta ...
Processing miui-themes/theme/.data/preview ...
Processing miui-themes/theme/.data/rights ...
Processing miui-themes/theme/.data/content/clock_1x2 ...
Processing miui-themes/theme/.data/content/clock_1x4 ...
Processing miui-themes/theme/.data/content/clock_2x2 ...
Processing miui-themes/theme/.data/content/clock_2x4 ...
Processing miui-themes/theme/.data/content/clock_3x4 ...
Processing miui-themes/theme/.data/content/dual_clock_2x4 ...
Processing miui-themes/theme/.data/content/dual_clock_3x4 ...
Processing miui-themes/theme/.data/content/photoframe_2x2 ...
Processing miui-themes/theme/.data/content/photoframe_2x4 ...
Processing miui-themes/theme/.data/content/photoframe_4x4 ...
Processing miui-themes/theme/.data/content/clock_1x2/clock.mrc ...
Processing miui-themes/theme/.data/content/clock_1x4/clock.mrc ...
Processing miui-themes/theme/.data/content/clock_2x2/clock.mrc ...
Processing miui-themes/theme/.data/content/clock_2x2/simple_clock.mrc ...
Processing miui-themes/theme/.data/content/clock_2x4/classical_clock.mrc ...
Processing miui-themes/theme/.data/content/clock_2x4/clock.mrc ...
Processing miui-themes/theme/.data/content/clock_2x4/clock_2x4.mrc ...
Processing miui-themes/theme/.data/content/clock_3x4/clock.mrc ...
Processing miui-themes/theme/.data/content/dual_clock_2x4/dual_clock.mrc ...
Processing miui-themes/theme/.data/content/dual_clock_3x4/dual_clock.mrc ...
Processing miui-themes/theme/.data/content/photoframe_2x2/photoframe.mrc ...
Processing miui-themes/theme/.data/content/photoframe_2x4/photoframe.mrc ...
Processing miui-themes/theme/.data/content/photoframe_4x4/photoframe.mrc ...
Processing miui-themes/theme/.data/meta/alarm ...
Processing miui-themes/theme/.data/meta/bootanimation ...
Processing miui-themes/theme/.data/meta/bootaudio ...
Processing miui-themes/theme/.data/meta/clock_1x2 ...
Processing miui-themes/theme/.data/meta/clock_2x2 ...
Processing miui-themes/theme/.data/meta/clock_2x4 ...
Processing miui-themes/theme/.data/meta/contact ...
Processing miui-themes/theme/.data/meta/fonts ...
Processing miui-themes/theme/.data/meta/fonts_fallback ...
Processing miui-themes/theme/.data/meta/icons ...
Processing miui-themes/theme/.data/meta/launcher ...
Processing miui-themes/theme/.data/meta/lockscreen ...
Processing miui-themes/theme/.data/meta/lockstyle ...
Processing miui-themes/theme/.data/meta/mms ...
Processing miui-themes/theme/.data/meta/notification ...
Processing miui-themes/theme/.data/meta/photoframe_2x2 ...
Processing miui-themes/theme/.data/meta/photoframe_2x4 ...
Processing miui-themes/theme/.data/meta/photoframe_4x4 ...
Processing miui-themes/theme/.data/meta/ringtone ...
Processing miui-themes/theme/.data/meta/statusbar ...
Processing miui-themes/theme/.data/meta/theme ...
Processing miui-themes/theme/.data/meta/wallpaper ...
Processing miui-themes/theme/.data/meta/alarm/default.mrm ...
Processing miui-themes/theme/.data/meta/bootanimation/default.mrm ...
Processing miui-themes/theme/.data/meta/bootaudio/default.mrm ...
Processing miui-themes/theme/.data/meta/clock_1x2/clock.mrm ...
Processing miui-themes/theme/.data/meta/clock_2x2/clock.mrm ...
Processing miui-themes/theme/.data/meta/clock_2x2/simple_clock.mrm ...
Processing miui-themes/theme/.data/meta/clock_2x4/classical_clock.mrm ...
Processing miui-themes/theme/.data/meta/clock_2x4/clock.mrm ...
Processing miui-themes/theme/.data/meta/clock_2x4/clock_2x4.mrm ...
Processing miui-themes/theme/.data/meta/contact/default.mrm ...
Processing miui-themes/theme/.data/meta/fonts/default.mrm ...
Processing miui-themes/theme/.data/meta/fonts_fallback/default.mrm ...
Processing miui-themes/theme/.data/meta/icons/default.mrm ...
Processing miui-themes/theme/.data/meta/launcher/default.mrm ...
Processing miui-themes/theme/.data/meta/lockscreen/default.mrm ...
Processing miui-themes/theme/.data/meta/lockstyle/default.mrm ...
Processing miui-themes/theme/.data/meta/mms/default.mrm ...
Processing miui-themes/theme/.data/meta/notification/default.mrm ...
Processing miui-themes/theme/.data/meta/photoframe_2x2/photoframe.mrm ...
Processing miui-themes/theme/.data/meta/photoframe_2x4/photoframe.mrm ...
Processing miui-themes/theme/.data/meta/photoframe_4x4/photoframe.mrm ...
Processing miui-themes/theme/.data/meta/ringtone/default.mrm ...
Processing miui-themes/theme/.data/meta/statusbar/default.mrm ...
Processing miui-themes/theme/.data/meta/theme/default.mrm ...
Processing miui-themes/theme/.data/meta/wallpaper/default.mrm ...
Processing miui-themes/theme/.data/preview/clock_1x2 ...
Processing miui-themes/theme/.data/preview/clock_2x2 ...
Processing miui-themes/theme/.data/preview/clock_2x4 ...
Processing miui-themes/theme/.data/preview/default ...
Processing miui-themes/theme/.data/preview/miwallpaper ...
Processing miui-themes/theme/.data/preview/photoframe_2x2 ...
Processing miui-themes/theme/.data/preview/photoframe_2x4 ...
Processing miui-themes/theme/.data/preview/photoframe_4x4 ...
Processing miui-themes/theme/.data/preview/clock_1x2/clock ...
Processing miui-themes/theme/.data/preview/clock_1x2/clock/preview_clock_0.png ...
Processing miui-themes/theme/.data/preview/clock_2x2/clock ...
Processing miui-themes/theme/.data/preview/clock_2x2/simple_clock ...
Processing miui-themes/theme/.data/preview/clock_2x2/clock/preview_clock_0.png ...
Processing miui-themes/theme/.data/preview/clock_2x2/simple_clock/preview_clock_0.png ...
Processing miui-themes/theme/.data/preview/clock_2x4/classical_clock ...
Processing miui-themes/theme/.data/preview/clock_2x4/clock ...
Processing miui-themes/theme/.data/preview/clock_2x4/clock_2x4 ...
Processing miui-themes/theme/.data/preview/clock_2x4/classical_clock/en_US_preview_clock_0.png ...
Processing miui-themes/theme/.data/preview/clock_2x4/classical_clock/preview_clock_0.png ...
Processing miui-themes/theme/.data/preview/clock_2x4/clock/en_US_preview_clock_0.png ...
Processing miui-themes/theme/.data/preview/clock_2x4/clock/preview_clock_0.png ...
Processing miui-themes/theme/.data/preview/clock_2x4/clock_2x4/preview_clock_0.png ...
Processing miui-themes/theme/.data/preview/default/en_US_contact_0.png ...
Processing miui-themes/theme/.data/preview/default/en_US_fonts_0.png ...
Processing miui-themes/theme/.data/preview/default/en_US_fonts_1.png ...
Processing miui-themes/theme/.data/preview/default/en_US_fonts_2.png ...
Processing miui-themes/theme/.data/preview/default/en_US_fonts_small_0.png ...
Processing miui-themes/theme/.data/preview/default/en_US_launcher_mask_0.png ...
Processing miui-themes/theme/.data/preview/default/en_US_launcher_mask_1.png ...
Processing miui-themes/theme/.data/preview/default/en_US_lockscreen_mask_0.png ...
Processing miui-themes/theme/.data/preview/default/en_US_mms_0.png ...
Processing miui-themes/theme/.data/preview/default/en_US_mms_1.png ...
Processing miui-themes/theme/.data/preview/default/en_US_preview_icons_4x3_0.png ...
Processing miui-themes/theme/.data/preview/default/en_US_preview_icons_small_mask_0.png ...
Processing miui-themes/theme/.data/preview/default/en_US_preview_launcher_mask_h_0.png ...
Processing miui-themes/theme/.data/preview/default/en_US_preview_launcher_mask_h_1.png ...
Processing miui-themes/theme/.data/preview/default/en_US_preview_launcher_mask_v_0.png ...
Processing miui-themes/theme/.data/preview/default/en_US_preview_launcher_mask_v_1.png ...
Processing miui-themes/theme/.data/preview/default/en_US_preview_lockscreen_mask_h_0.png ...
Processing miui-themes/theme/.data/preview/default/en_US_preview_lockscreen_mask_v_0.png ...
Processing miui-themes/theme/.data/preview/default/en_US_statusbar_mask_0.png ...
Processing miui-themes/theme/.data/preview/default/en_US_statusbar_mask_1.png ...
Processing miui-themes/theme/.data/preview/default/en_US_statusbar_mask_2.png ...
Processing miui-themes/theme/.data/preview/default/preview_contact_0.png ...
Processing miui-themes/theme/.data/preview/default/preview_fonts_0.png ...
Processing miui-themes/theme/.data/preview/default/preview_fonts_1.png ...
Processing miui-themes/theme/.data/preview/default/preview_fonts_2.png ...
Processing miui-themes/theme/.data/preview/default/preview_fonts_small_0.png ...
Processing miui-themes/theme/.data/preview/default/preview_icons_4x3_0.png ...
Processing miui-themes/theme/.data/preview/default/preview_icons_mask_0.png ...
Processing miui-themes/theme/.data/preview/default/preview_icons_mask_1.png ...
Processing miui-themes/theme/.data/preview/default/preview_icons_small_mask_0.png ...
Processing miui-themes/theme/.data/preview/default/preview_launcher_mask_0.png ...
Processing miui-themes/theme/.data/preview/default/preview_launcher_mask_1.png ...
Processing miui-themes/theme/.data/preview/default/preview_launcher_mask_h_0.png ...
Processing miui-themes/theme/.data/preview/default/preview_launcher_mask_h_1.png ...
Processing miui-themes/theme/.data/preview/default/preview_launcher_mask_v_0.png ...
Processing miui-themes/theme/.data/preview/default/preview_launcher_mask_v_1.png ...
Processing miui-themes/theme/.data/preview/default/preview_lockscreen_mask_0.png ...
Processing miui-themes/theme/.data/preview/default/preview_lockscreen_mask_h_0.png ...
Processing miui-themes/theme/.data/preview/default/preview_lockscreen_mask_v_0.png ...
Processing miui-themes/theme/.data/preview/default/preview_mms_0.png ...
Processing miui-themes/theme/.data/preview/default/preview_mms_1.png ...
Processing miui-themes/theme/.data/preview/default/preview_statusbar_mask_0.png ...
Processing miui-themes/theme/.data/preview/default/preview_statusbar_mask_1.png ...
Processing miui-themes/theme/.data/preview/default/preview_statusbar_mask_2.png ...
Processing miui-themes/theme/.data/preview/miwallpaper/preview_miwallpaper_0.jpg ...
Processing miui-themes/theme/.data/preview/photoframe_2x2/photoframe ...
Processing miui-themes/theme/.data/preview/photoframe_2x2/photoframe/preview_photoframe_0.png ...
Processing miui-themes/theme/.data/preview/photoframe_2x4/photoframe ...
Processing miui-themes/theme/.data/preview/photoframe_2x4/photoframe/preview_photoframe_0.png ...
Processing miui-themes/theme/.data/preview/photoframe_4x4/photoframe ...
Processing miui-themes/theme/.data/preview/photoframe_4x4/photoframe/preview_photoframe_0.png ...
Processing miui-themes/theme/.data/rights/default.mra ...
Processing miui-themes/theme/default/dynamicicons ...
Processing miui-themes/theme/default/gadgets ...
Processing miui-themes/theme/default/icons ...
Processing miui-themes/theme/default/keyguardmusicview ...
Processing miui-themes/theme/default/lock_wallpaper ...
Processing miui-themes/theme/default/maml ...
Processing miui-themes/theme/default/powermenu ...
Processing miui-themes/theme/default/recentspanelmusiccontrol ...
Processing miui-themes/theme/default/virtuallockscreen ...
Processing miui-themes/theme/default/gadgets/calculator.mtz ...
Processing miui-themes/theme/default/gadgets/clock_classical.mrc ...
Processing miui-themes/theme/default/gadgets/clock_classical.mtz ...
Processing miui-themes/theme/default/gadgets/notes.mtz ...
Processing miui-themes/theme/default/gadgets/weather_4x1.mtz ...
Processing miui-themes/theme/default/gadgets/weather_4x4.mtz ...
Processing miui-themes/theme/default/maml/maml_clock_4x2_new.mtz ...
Processing miui-themes/theme/default/maml/maml_clock_4x2_redmi.mtz ...
Processing miui-themes/theme/default/maml/maml_clock_4x2_v3.mtz ...
Processing miui-themes/theme/default/maml/maml_weather_2x2.mtz ...
Processing miui-themes/theme/default/maml/maml_weather_2x2_new.mtz ...
Processing miui-themes/theme/default/maml/maml_weather_2x2_redmi.mtz ...
Processing miui-themes/theme/default/maml/pad_maml_clock_2x2.mtz ...
Processing miui-themes/theme/default/maml/pad_maml_clock_2x2_new.mtz ...
Processing miui-themes/theme/default/maml/pad_maml_gallery_4x4.mtz ...
Processing miui-themes/theme/default/maml/pad_maml_gallery_4x4_new.mtz ...
Processing miui-themes/theme/default/maml/pad_maml_todo_4x2_new.mtz ...
Processing miui-themes/theme/default/maml/pad_maml_weather_2x2.mtz ...
Processing miui-themes/theme/default/maml/pad_maml_weather_4x4_new.mtz ...
Processing miui-themes/theme/miui_mod_icons/android.png ...
Processing miui-themes/theme/miui_mod_icons/cadlauncher_icon.png ...
Processing miui-themes/theme/miui_mod_icons/cajlauncher_icon.png ...
Processing miui-themes/theme/miui_mod_icons/com.android.bluetooth.png ...
Processing miui-themes/theme/miui_mod_icons/com.android.browser.png ...
Processing miui-themes/theme/miui_mod_icons/com.android.calendar.png ...
Processing miui-themes/theme/miui_mod_icons/com.android.camera.png ...
Processing miui-themes/theme/miui_mod_icons/com.android.contacts.activities.TwelveKeyDialer.png ...
Processing miui-themes/theme/miui_mod_icons/com.android.contacts.png ...
Processing miui-themes/theme/miui_mod_icons/com.android.deskclock.png ...
Processing miui-themes/theme/miui_mod_icons/com.android.documentsui.png ...
Processing miui-themes/theme/miui_mod_icons/com.android.email.png ...
Processing miui-themes/theme/miui_mod_icons/com.android.fileexplorer.png ...
Processing miui-themes/theme/miui_mod_icons/com.android.mms.png ...
Processing miui-themes/theme/miui_mod_icons/com.android.music.png ...
Processing miui-themes/theme/miui_mod_icons/com.android.phone.png ...
Processing miui-themes/theme/miui_mod_icons/com.android.providers.calendar.png ...
Processing miui-themes/theme/miui_mod_icons/com.android.providers.contacts.CallLogProvider.png ...
Processing miui-themes/theme/miui_mod_icons/com.android.providers.contacts.png ...
Processing miui-themes/theme/miui_mod_icons/com.android.providers.downloads.png ...
Processing miui-themes/theme/miui_mod_icons/com.android.providers.downloads.ui.png ...
Processing miui-themes/theme/miui_mod_icons/com.android.settings.png ...
Processing miui-themes/theme/miui_mod_icons/com.android.settings.wifi.WifiProvider.png ...
Processing miui-themes/theme/miui_mod_icons/com.android.soundrecorder.png ...
Processing miui-themes/theme/miui_mod_icons/com.android.systemui.png ...
Processing miui-themes/theme/miui_mod_icons/com.android.thememanager.png ...
Processing miui-themes/theme/miui_mod_icons/com.android.updater.png ...
Processing miui-themes/theme/miui_mod_icons/com.android.voicedialer.png ...
Processing miui-themes/theme/miui_mod_icons/com.duokan.phone.remotecontroller.png ...
Processing miui-themes/theme/miui_mod_icons/com.mi.android.globalFileexplorer.png ...
Processing miui-themes/theme/miui_mod_icons/com.mi.globalbrowser.png ...
Processing miui-themes/theme/miui_mod_icons/com.mipay.wallet.png ...
Processing miui-themes/theme/miui_mod_icons/com.miui.barcodescanner.png ...
Processing miui-themes/theme/miui_mod_icons/com.miui.bugreport.png ...
Processing miui-themes/theme/miui_mod_icons/com.miui.calculator.png ...
Processing miui-themes/theme/miui_mod_icons/com.miui.cloudservice.png ...
Processing miui-themes/theme/miui_mod_icons/com.miui.compass.png ...
Processing miui-themes/theme/miui_mod_icons/com.miui.creation.png ...
Processing miui-themes/theme/miui_mod_icons/com.miui.findmy.png ...
Processing miui-themes/theme/miui_mod_icons/com.miui.fmradio.png ...
Processing miui-themes/theme/miui_mod_icons/com.miui.gallery.png ...
Processing miui-themes/theme/miui_mod_icons/com.miui.home.toggle_bg.png ...
Processing miui-themes/theme/miui_mod_icons/com.miui.hybrid.png ...
Processing miui-themes/theme/miui_mod_icons/com.miui.micloudsync.png ...
Processing miui-themes/theme/miui_mod_icons/com.miui.miservice.png ...
Processing miui-themes/theme/miui_mod_icons/com.miui.notes.png ...
Processing miui-themes/theme/miui_mod_icons/com.miui.password.png ...
Processing miui-themes/theme/miui_mod_icons/com.miui.passwords.png ...
Processing miui-themes/theme/miui_mod_icons/com.miui.player.png ...
Processing miui-themes/theme/miui_mod_icons/com.miui.screenrecorder.png ...
Processing miui-themes/theme/miui_mod_icons/com.miui.securitycenter.png ...
Processing miui-themes/theme/miui_mod_icons/com.miui.securitymanager.png ...
Processing miui-themes/theme/miui_mod_icons/com.miui.supermarket.png ...
Processing miui-themes/theme/miui_mod_icons/com.miui.themestore.png ...
Processing miui-themes/theme/miui_mod_icons/com.miui.video.png ...
Processing miui-themes/theme/miui_mod_icons/com.miui.videoplayer.png ...
Processing miui-themes/theme/miui_mod_icons/com.miui.virtualsim.png ...
Processing miui-themes/theme/miui_mod_icons/com.miui.voiceassist.png ...
Processing miui-themes/theme/miui_mod_icons/com.miui.voiceassistProxy.png ...
Processing miui-themes/theme/miui_mod_icons/com.miui.weather2.png ...
Processing miui-themes/theme/miui_mod_icons/com.xiaomi.calendar.png ...
Processing miui-themes/theme/miui_mod_icons/com.xiaomi.finddevice.png ...
Processing miui-themes/theme/miui_mod_icons/com.xiaomi.gamecenter.png ...
Processing miui-themes/theme/miui_mod_icons/com.xiaomi.scanner.png ...
Processing miui-themes/theme/miui_mod_icons/com.xiaomi.smarthome.png ...
Processing miui-themes/theme/miui_mod_icons/com.xiaomi.tag.png ...
Processing miui-themes/theme/miui_mod_icons/com.xiaomi.xmsf.FindDevice.png ...
Processing miui-themes/theme/miui_mod_icons/com.xiaomi.xmsf.account.ui.MiCloudSettingsActivity.png ...
Processing miui-themes/theme/miui_mod_icons/com.yidian.xiaomi.png ...
Processing miui-themes/theme/miui_mod_icons/dynamic ...
Processing miui-themes/theme/miui_mod_icons/icon_background.png ...
Processing miui-themes/theme/miui_mod_icons/icon_border.png ...
Processing miui-themes/theme/miui_mod_icons/icon_folder.png ...
Processing miui-themes/theme/miui_mod_icons/icon_folder_light.png ...
Processing miui-themes/theme/miui_mod_icons/icon_mask.png ...
Processing miui-themes/theme/miui_mod_icons/icon_pattern.png ...
Processing miui-themes/theme/miui_mod_icons/status_bar_toggle_bluetooth_off.png ...
Processing miui-themes/theme/miui_mod_icons/status_bar_toggle_bluetooth_on.png ...
Processing miui-themes/theme/miui_mod_icons/status_bar_toggle_data_off.png ...
Processing miui-themes/theme/miui_mod_icons/status_bar_toggle_data_on.png ...
Processing miui-themes/theme/miui_mod_icons/status_bar_toggle_flight_mode_off.png ...
Processing miui-themes/theme/miui_mod_icons/status_bar_toggle_flight_mode_on.png ...
Processing miui-themes/theme/miui_mod_icons/status_bar_toggle_lock.png ...
Processing miui-themes/theme/miui_mod_icons/status_bar_toggle_lock_on.png ...
Processing miui-themes/theme/miui_mod_icons/status_bar_toggle_torch_off.png ...
Processing miui-themes/theme/miui_mod_icons/status_bar_toggle_torch_on.png ...
Processing miui-themes/theme/miui_mod_icons/status_bar_toggle_wifi_ap_off.png ...
Processing miui-themes/theme/miui_mod_icons/status_bar_toggle_wifi_ap_on.png ...
Processing miui-themes/theme/miui_mod_icons/status_bar_toggle_wifi_off.png ...
Processing miui-themes/theme/miui_mod_icons/status_bar_toggle_wifi_on.png ...
Processing miui-themes/theme/miui_mod_icons/sym_def_app_icon.png ...
Processing miui-themes/theme/miui_mod_icons/wind_icon.png ...
Processing miui-themes/theme/miui_mod_icons/dynamic/android ...
Processing miui-themes/theme/miui_mod_icons/dynamic/com.android.bluetooth ...
Processing miui-themes/theme/miui_mod_icons/dynamic/com.android.browser ...
Processing miui-themes/theme/miui_mod_icons/dynamic/com.android.calendar ...
Processing miui-themes/theme/miui_mod_icons/dynamic/com.android.camera ...
Processing miui-themes/theme/miui_mod_icons/dynamic/com.android.contacts ...
Processing miui-themes/theme/miui_mod_icons/dynamic/com.android.contacts.activities.TwelveKeyDialer ...
Processing miui-themes/theme/miui_mod_icons/dynamic/com.android.deskclock ...
Processing miui-themes/theme/miui_mod_icons/dynamic/com.android.documentsui ...
Processing miui-themes/theme/miui_mod_icons/dynamic/com.android.email ...
Processing miui-themes/theme/miui_mod_icons/dynamic/com.android.fileexplorer ...
Processing miui-themes/theme/miui_mod_icons/dynamic/com.android.mms ...
Processing miui-themes/theme/miui_mod_icons/dynamic/com.android.music ...
Processing miui-themes/theme/miui_mod_icons/dynamic/com.android.phone ...
Processing miui-themes/theme/miui_mod_icons/dynamic/com.android.providers.calendar ...
Processing miui-themes/theme/miui_mod_icons/dynamic/com.android.providers.contacts ...
Processing miui-themes/theme/miui_mod_icons/dynamic/com.android.providers.contacts.CallLogProvider ...
Processing miui-themes/theme/miui_mod_icons/dynamic/com.android.providers.downloads ...
Processing miui-themes/theme/miui_mod_icons/dynamic/com.android.providers.downloads.ui ...
Processing miui-themes/theme/miui_mod_icons/dynamic/com.android.settings ...
Processing miui-themes/theme/miui_mod_icons/dynamic/com.android.settings.wifi.WifiProvider ...
Processing miui-themes/theme/miui_mod_icons/dynamic/com.android.soundrecorder ...
Processing miui-themes/theme/miui_mod_icons/dynamic/com.android.systemui ...
Processing miui-themes/theme/miui_mod_icons/dynamic/com.android.thememanager ...
Processing miui-themes/theme/miui_mod_icons/dynamic/com.android.updater ...
Processing miui-themes/theme/miui_mod_icons/dynamic/com.android.voicedialer ...
Processing miui-themes/theme/miui_mod_icons/dynamic/com.duokan.phone.remotecontroller ...
Processing miui-themes/theme/miui_mod_icons/dynamic/com.mi.android.globalFileexplorer ...
Processing miui-themes/theme/miui_mod_icons/dynamic/com.mi.globalbrowser ...
Processing miui-themes/theme/miui_mod_icons/dynamic/com.mipay.wallet ...
Processing miui-themes/theme/miui_mod_icons/dynamic/com.miui.barcodescanner ...
Processing miui-themes/theme/miui_mod_icons/dynamic/com.miui.bugreport ...
Processing miui-themes/theme/miui_mod_icons/dynamic/com.miui.calculator ...
Processing miui-themes/theme/miui_mod_icons/dynamic/com.miui.cloudservice ...
Processing miui-themes/theme/miui_mod_icons/dynamic/com.miui.compass ...
Processing miui-themes/theme/miui_mod_icons/dynamic/com.miui.creation ...
Processing miui-themes/theme/miui_mod_icons/dynamic/com.miui.findmy ...
Processing miui-themes/theme/miui_mod_icons/dynamic/com.miui.fmradio ...
Processing miui-themes/theme/miui_mod_icons/dynamic/com.miui.gallery ...
Processing miui-themes/theme/miui_mod_icons/dynamic/com.miui.hybrid ...
Processing miui-themes/theme/miui_mod_icons/dynamic/com.miui.micloudsync ...
Processing miui-themes/theme/miui_mod_icons/dynamic/com.miui.miservice ...
Processing miui-themes/theme/miui_mod_icons/dynamic/com.miui.notes ...
Processing miui-themes/theme/miui_mod_icons/dynamic/com.miui.password ...
Processing miui-themes/theme/miui_mod_icons/dynamic/com.miui.passwords ...
Processing miui-themes/theme/miui_mod_icons/dynamic/com.miui.player ...
Processing miui-themes/theme/miui_mod_icons/dynamic/com.miui.screenrecorder ...
Processing miui-themes/theme/miui_mod_icons/dynamic/com.miui.securitycenter ...
Processing miui-themes/theme/miui_mod_icons/dynamic/com.miui.securitymanager ...
Processing miui-themes/theme/miui_mod_icons/dynamic/com.miui.supermarket ...
Processing miui-themes/theme/miui_mod_icons/dynamic/com.miui.themestore ...
Processing miui-themes/theme/miui_mod_icons/dynamic/com.miui.video ...
Processing miui-themes/theme/miui_mod_icons/dynamic/com.miui.videoplayer ...
Processing miui-themes/theme/miui_mod_icons/dynamic/com.miui.virtualsim ...
Processing miui-themes/theme/miui_mod_icons/dynamic/com.miui.voiceassist ...
Processing miui-themes/theme/miui_mod_icons/dynamic/com.miui.voiceassistProxy ...
Processing miui-themes/theme/miui_mod_icons/dynamic/com.miui.weather2 ...
Processing miui-themes/theme/miui_mod_icons/dynamic/com.xiaomi.calendar ...
Processing miui-themes/theme/miui_mod_icons/dynamic/com.xiaomi.finddevice ...
Processing miui-themes/theme/miui_mod_icons/dynamic/com.xiaomi.gamecenter ...
Processing miui-themes/theme/miui_mod_icons/dynamic/com.xiaomi.scanner ...
Processing miui-themes/theme/miui_mod_icons/dynamic/com.xiaomi.smarthome ...
Processing miui-themes/theme/miui_mod_icons/dynamic/com.xiaomi.tag ...
Processing miui-themes/theme/miui_mod_icons/dynamic/com.xiaomi.xmsf.FindDevice ...
Processing miui-themes/theme/miui_mod_icons/dynamic/com.xiaomi.xmsf.account.ui.MiCloudSettingsActivity ...
Processing miui-themes/theme/miui_mod_icons/dynamic/com.yidian.xiaomi ...
Processing miui-themes/theme/miui_mod_icons/dynamic/sym_def_app_icon ...
Processing miui-themes/theme/miui_mod_icons/dynamic/android/0.png ...
Processing miui-themes/theme/miui_mod_icons/dynamic/android/1.png ...
Processing miui-themes/theme/miui_mod_icons/dynamic/com.android.bluetooth/0.png ...
Processing miui-themes/theme/miui_mod_icons/dynamic/com.android.bluetooth/1.png ...
Processing miui-themes/theme/miui_mod_icons/dynamic/com.android.browser/0.png ...
Processing miui-themes/theme/miui_mod_icons/dynamic/com.android.browser/1.png ...
Processing miui-themes/theme/miui_mod_icons/dynamic/com.android.calendar/0.png ...
Processing miui-themes/theme/miui_mod_icons/dynamic/com.android.calendar/1.png ...
Processing miui-themes/theme/miui_mod_icons/dynamic/com.android.camera/0.png ...
Processing miui-themes/theme/miui_mod_icons/dynamic/com.android.camera/1.png ...
Processing miui-themes/theme/miui_mod_icons/dynamic/com.android.contacts/0.png ...
Processing miui-themes/theme/miui_mod_icons/dynamic/com.android.contacts/1.png ...
Processing miui-themes/theme/miui_mod_icons/dynamic/com.android.contacts.activities.TwelveKeyDialer/0.png ...
Processing miui-themes/theme/miui_mod_icons/dynamic/com.android.contacts.activities.TwelveKeyDialer/1.png ...
Processing miui-themes/theme/miui_mod_icons/dynamic/com.android.deskclock/0.png ...
Processing miui-themes/theme/miui_mod_icons/dynamic/com.android.deskclock/1.png ...
Processing miui-themes/theme/miui_mod_icons/dynamic/com.android.documentsui/0.png ...
Processing miui-themes/theme/miui_mod_icons/dynamic/com.android.documentsui/1.png ...
Processing miui-themes/theme/miui_mod_icons/dynamic/com.android.email/0.png ...
Processing miui-themes/theme/miui_mod_icons/dynamic/com.android.email/1.png ...
Processing miui-themes/theme/miui_mod_icons/dynamic/com.android.fileexplorer/0.png ...
Processing miui-themes/theme/miui_mod_icons/dynamic/com.android.fileexplorer/1.png ...
Processing miui-themes/theme/miui_mod_icons/dynamic/com.android.mms/0.png ...
Processing miui-themes/theme/miui_mod_icons/dynamic/com.android.mms/1.png ...
Processing miui-themes/theme/miui_mod_icons/dynamic/com.android.music/0.png ...
Processing miui-themes/theme/miui_mod_icons/dynamic/com.android.music/1.png ...
Processing miui-themes/theme/miui_mod_icons/dynamic/com.android.phone/0.png ...
Processing miui-themes/theme/miui_mod_icons/dynamic/com.android.phone/1.png ...
Processing miui-themes/theme/miui_mod_icons/dynamic/com.android.providers.calendar/0.png ...
Processing miui-themes/theme/miui_mod_icons/dynamic/com.android.providers.calendar/1.png ...
Processing miui-themes/theme/miui_mod_icons/dynamic/com.android.providers.contacts/0.png ...
Processing miui-themes/theme/miui_mod_icons/dynamic/com.android.providers.contacts/1.png ...
Processing miui-themes/theme/miui_mod_icons/dynamic/com.android.providers.contacts.CallLogProvider/0.png ...
Processing miui-themes/theme/miui_mod_icons/dynamic/com.android.providers.contacts.CallLogProvider/1.png ...
Processing miui-themes/theme/miui_mod_icons/dynamic/com.android.providers.downloads/0.png ...
Processing miui-themes/theme/miui_mod_icons/dynamic/com.android.providers.downloads/1.png ...
Processing miui-themes/theme/miui_mod_icons/dynamic/com.android.providers.downloads.ui/0.png ...
Processing miui-themes/theme/miui_mod_icons/dynamic/com.android.providers.downloads.ui/1.png ...
Processing miui-themes/theme/miui_mod_icons/dynamic/com.android.settings/0.png ...
Processing miui-themes/theme/miui_mod_icons/dynamic/com.android.settings/1.png ...
Processing miui-themes/theme/miui_mod_icons/dynamic/com.android.settings.wifi.WifiProvider/0.png ...
Processing miui-themes/theme/miui_mod_icons/dynamic/com.android.settings.wifi.WifiProvider/1.png ...
Processing miui-themes/theme/miui_mod_icons/dynamic/com.android.soundrecorder/0.png ...
Processing miui-themes/theme/miui_mod_icons/dynamic/com.android.soundrecorder/1.png ...
Processing miui-themes/theme/miui_mod_icons/dynamic/com.android.systemui/0.png ...
Processing miui-themes/theme/miui_mod_icons/dynamic/com.android.systemui/1.png ...
Processing miui-themes/theme/miui_mod_icons/dynamic/com.android.thememanager/0.png ...
Processing miui-themes/theme/miui_mod_icons/dynamic/com.android.thememanager/1.png ...
Processing miui-themes/theme/miui_mod_icons/dynamic/com.android.updater/0.png ...
Processing miui-themes/theme/miui_mod_icons/dynamic/com.android.updater/1.png ...
Processing miui-themes/theme/miui_mod_icons/dynamic/com.android.voicedialer/0.png ...
Processing miui-themes/theme/miui_mod_icons/dynamic/com.android.voicedialer/1.png ...
Processing miui-themes/theme/miui_mod_icons/dynamic/com.duokan.phone.remotecontroller/0.png ...
Processing miui-themes/theme/miui_mod_icons/dynamic/com.duokan.phone.remotecontroller/1.png ...
Processing miui-themes/theme/miui_mod_icons/dynamic/com.mi.android.globalFileexplorer/0.png ...
Processing miui-themes/theme/miui_mod_icons/dynamic/com.mi.android.globalFileexplorer/1.png ...
Processing miui-themes/theme/miui_mod_icons/dynamic/com.mi.globalbrowser/0.png ...
Processing miui-themes/theme/miui_mod_icons/dynamic/com.mi.globalbrowser/1.png ...
Processing miui-themes/theme/miui_mod_icons/dynamic/com.mipay.wallet/0.png ...
Processing miui-themes/theme/miui_mod_icons/dynamic/com.mipay.wallet/1.png ...
Processing miui-themes/theme/miui_mod_icons/dynamic/com.miui.barcodescanner/0.png ...
Processing miui-themes/theme/miui_mod_icons/dynamic/com.miui.barcodescanner/1.png ...
Processing miui-themes/theme/miui_mod_icons/dynamic/com.miui.bugreport/0.png ...
Processing miui-themes/theme/miui_mod_icons/dynamic/com.miui.bugreport/1.png ...
Processing miui-themes/theme/miui_mod_icons/dynamic/com.miui.calculator/0.png ...
Processing miui-themes/theme/miui_mod_icons/dynamic/com.miui.calculator/1.png ...
Processing miui-themes/theme/miui_mod_icons/dynamic/com.miui.cloudservice/0.png ...
Processing miui-themes/theme/miui_mod_icons/dynamic/com.miui.cloudservice/1.png ...
Processing miui-themes/theme/miui_mod_icons/dynamic/com.miui.compass/0.png ...
Processing miui-themes/theme/miui_mod_icons/dynamic/com.miui.compass/1.png ...
Processing miui-themes/theme/miui_mod_icons/dynamic/com.miui.creation/0.png ...
Processing miui-themes/theme/miui_mod_icons/dynamic/com.miui.creation/1.png ...
Processing miui-themes/theme/miui_mod_icons/dynamic/com.miui.findmy/0.png ...
Processing miui-themes/theme/miui_mod_icons/dynamic/com.miui.findmy/1.png ...
Processing miui-themes/theme/miui_mod_icons/dynamic/com.miui.fmradio/0.png ...
Processing miui-themes/theme/miui_mod_icons/dynamic/com.miui.fmradio/1.png ...
Processing miui-themes/theme/miui_mod_icons/dynamic/com.miui.gallery/0.png ...
Processing miui-themes/theme/miui_mod_icons/dynamic/com.miui.gallery/1.png ...
Processing miui-themes/theme/miui_mod_icons/dynamic/com.miui.hybrid/0.png ...
Processing miui-themes/theme/miui_mod_icons/dynamic/com.miui.hybrid/1.png ...
Processing miui-themes/theme/miui_mod_icons/dynamic/com.miui.micloudsync/0.png ...
Processing miui-themes/theme/miui_mod_icons/dynamic/com.miui.micloudsync/1.png ...
Processing miui-themes/theme/miui_mod_icons/dynamic/com.miui.miservice/0.png ...
Processing miui-themes/theme/miui_mod_icons/dynamic/com.miui.miservice/1.png ...
Processing miui-themes/theme/miui_mod_icons/dynamic/com.miui.notes/0.png ...
Processing miui-themes/theme/miui_mod_icons/dynamic/com.miui.notes/1.png ...
Processing miui-themes/theme/miui_mod_icons/dynamic/com.miui.password/0.png ...
Processing miui-themes/theme/miui_mod_icons/dynamic/com.miui.password/1.png ...
Processing miui-themes/theme/miui_mod_icons/dynamic/com.miui.passwords/0.png ...
Processing miui-themes/theme/miui_mod_icons/dynamic/com.miui.passwords/1.png ...
Processing miui-themes/theme/miui_mod_icons/dynamic/com.miui.player/0.png ...
Processing miui-themes/theme/miui_mod_icons/dynamic/com.miui.player/1.png ...
Processing miui-themes/theme/miui_mod_icons/dynamic/com.miui.screenrecorder/0.png ...
Processing miui-themes/theme/miui_mod_icons/dynamic/com.miui.screenrecorder/1.png ...
Processing miui-themes/theme/miui_mod_icons/dynamic/com.miui.securitycenter/0.png ...
Processing miui-themes/theme/miui_mod_icons/dynamic/com.miui.securitycenter/1.png ...
Processing miui-themes/theme/miui_mod_icons/dynamic/com.miui.securitymanager/0.png ...
Processing miui-themes/theme/miui_mod_icons/dynamic/com.miui.securitymanager/1.png ...
Processing miui-themes/theme/miui_mod_icons/dynamic/com.miui.supermarket/0.png ...
Processing miui-themes/theme/miui_mod_icons/dynamic/com.miui.supermarket/1.png ...
Processing miui-themes/theme/miui_mod_icons/dynamic/com.miui.themestore/0.png ...
Processing miui-themes/theme/miui_mod_icons/dynamic/com.miui.themestore/1.png ...
Processing miui-themes/theme/miui_mod_icons/dynamic/com.miui.video/0.png ...
Processing miui-themes/theme/miui_mod_icons/dynamic/com.miui.video/1.png ...
Processing miui-themes/theme/miui_mod_icons/dynamic/com.miui.videoplayer/0.png ...
Processing miui-themes/theme/miui_mod_icons/dynamic/com.miui.videoplayer/1.png ...
Processing miui-themes/theme/miui_mod_icons/dynamic/com.miui.virtualsim/0.png ...
Processing miui-themes/theme/miui_mod_icons/dynamic/com.miui.virtualsim/1.png ...
Processing miui-themes/theme/miui_mod_icons/dynamic/com.miui.voiceassist/0.png ...
Processing miui-themes/theme/miui_mod_icons/dynamic/com.miui.voiceassist/1.png ...
Processing miui-themes/theme/miui_mod_icons/dynamic/com.miui.voiceassistProxy/0.png ...
Processing miui-themes/theme/miui_mod_icons/dynamic/com.miui.voiceassistProxy/1.png ...
Processing miui-themes/theme/miui_mod_icons/dynamic/com.miui.weather2/0.png ...
Processing miui-themes/theme/miui_mod_icons/dynamic/com.miui.weather2/1.png ...
Processing miui-themes/theme/miui_mod_icons/dynamic/com.xiaomi.calendar/0.png ...
Processing miui-themes/theme/miui_mod_icons/dynamic/com.xiaomi.calendar/1.png ...
Processing miui-themes/theme/miui_mod_icons/dynamic/com.xiaomi.finddevice/0.png ...
Processing miui-themes/theme/miui_mod_icons/dynamic/com.xiaomi.finddevice/1.png ...
Processing miui-themes/theme/miui_mod_icons/dynamic/com.xiaomi.gamecenter/0.png ...
Processing miui-themes/theme/miui_mod_icons/dynamic/com.xiaomi.gamecenter/1.png ...
Processing miui-themes/theme/miui_mod_icons/dynamic/com.xiaomi.scanner/0.png ...
Processing miui-themes/theme/miui_mod_icons/dynamic/com.xiaomi.scanner/1.png ...
Processing miui-themes/theme/miui_mod_icons/dynamic/com.xiaomi.smarthome/0.png ...
Processing miui-themes/theme/miui_mod_icons/dynamic/com.xiaomi.smarthome/1.png ...
Processing miui-themes/theme/miui_mod_icons/dynamic/com.xiaomi.tag/0.png ...
Processing miui-themes/theme/miui_mod_icons/dynamic/com.xiaomi.tag/1.png ...
Processing miui-themes/theme/miui_mod_icons/dynamic/com.xiaomi.xmsf.FindDevice/0.png ...
Processing miui-themes/theme/miui_mod_icons/dynamic/com.xiaomi.xmsf.FindDevice/1.png ...
Processing miui-themes/theme/miui_mod_icons/dynamic/com.xiaomi.xmsf.account.ui.MiCloudSettingsActivity/0.png ...
Processing miui-themes/theme/miui_mod_icons/dynamic/com.xiaomi.xmsf.account.ui.MiCloudSettingsActivity/1.png ...
Processing miui-themes/theme/miui_mod_icons/dynamic/com.yidian.xiaomi/0.png ...
Processing miui-themes/theme/miui_mod_icons/dynamic/com.yidian.xiaomi/1.png ...
Processing miui-themes/theme/miui_mod_icons/dynamic/sym_def_app_icon/0.png ...
Processing miui-themes/theme/miui_mod_icons/dynamic/sym_def_app_icon/1.png ...
Processing miui-themes/theme/os4_fonts/FTThymes-Regular.TTF ...
Processing miui-themes/theme/os4_fonts/FTToken.ttf ...
Processing miui-themes/theme/os4_fonts/FTToken2.ttf ...
Processing miui-themes/theme/os4_fonts/FTToken3.ttf ...
Processing miui-themes/theme/os4_fonts/FZDengX-SC-Regular.ttf ...
Processing miui-themes/theme/os4_fonts/FZKTJ.TTF ...
Processing miui-themes/theme/os4_fonts/FZXBS_GB18030L2.TTF ...
Processing miui-themes/theme/os4_fonts/FZYAYH-GB18030L2-Regular.ttf ...
Processing miui-themes/theme/os4_fonts/FangS-SC.ttf ...
Processing miui-themes/theme/os4_fonts/HeiT-SC-Regular.ttf ...
Processing miui-themes/theme/os4_fonts/KaiT-SC.ttf ...
Processing miui-themes/theme/os4_fonts/ShuS-SC.ttf ...
Processing preinstall/AudioBook ...
Processing preinstall/Books ...
Processing preinstall/LenovoRUApps ...
Processing preinstall/LenovoSoundRecorder ...
Processing preinstall/MotoSpaces ...
Processing preinstall/MyScript ...
Processing preinstall/Nebo ...
Processing preinstall/NetflixStub ...
Processing preinstall/PlayGames ...
Processing preinstall/TabUIEpos ...
Processing preinstall/YouTubeKids ...
Processing preinstall/AudioBook/AudioBook.apk ...
Processing preinstall/Books/Books.apk ...
Processing preinstall/LenovoRUApps/LenovoRUApps.apk ...
Processing preinstall/LenovoSoundRecorder/LenovoSoundRecorder.apk ...
Processing preinstall/MotoSpaces/MotoSpaces.apk ...
Processing preinstall/MyScript/MyScript.apk ...
Processing preinstall/Nebo/Nebo.apk ...
Processing preinstall/NetflixStub/NetflixStub.apk ...
Processing preinstall/PlayGames/PlayGames.apk ...
Processing preinstall/TabUIEpos/TabUIEpos.apk ...
Processing preinstall/YouTubeKids/YouTubeKids.apk ...
Processing priv-app/AppCloud ...
Processing priv-app/BackupRestoreConfirmation ...
Processing priv-app/BlockedNumberProvider ...
Processing priv-app/BuiltInPrintService ...
Processing priv-app/CallLogBackup ...
Processing priv-app/CredentialManager ...
Processing priv-app/DesktopLauncher ...
Processing priv-app/DownloadProvider ...
Processing priv-app/DownloadProviderUi ...
Processing priv-app/DynamicSystemInstallationService ...
Processing priv-app/ExternalStorageProvider ...
Processing priv-app/FakeStore ...
Processing priv-app/Freestyle ...
Processing priv-app/FusedLocation ...
Processing priv-app/InputDevices ...
Processing priv-app/IntentResolver ...
Processing priv-app/LSF-Device-Phone ...
Processing priv-app/LenovoID ...
Processing priv-app/LenovoLauncher ...
Processing priv-app/LenovoWhatsNew ...
Processing priv-app/LiveWallpapersPicker ...
Processing priv-app/LocalTransport ...
Processing priv-app/ManagedProvisioning ...
Processing priv-app/MediaProviderLegacy ...
Processing priv-app/MotorolaSettingsProviderExternalPrebuilt ...
Processing priv-app/MtkCalendarProvider ...
Processing priv-app/MtkContactsProvider ...
Processing priv-app/MtkMmsService ...
Processing priv-app/MtkTeleService ...
Processing priv-app/MtkTelecom ...
Processing priv-app/MtkTelephonyProvider ...
Processing priv-app/MtpService ...
Processing priv-app/MusicFX ...
Processing priv-app/OCZ_ClientDownloader ...
Processing priv-app/OCZ_DeployServiceApp ...
Processing priv-app/ONS ...
Processing priv-app/PenService ...
Processing priv-app/ProxyHandler ...
Processing priv-app/ReadyForSignatureApp ...
Processing priv-app/SarSensorTest ...
Processing priv-app/SharedStorageBackup ...
Processing priv-app/Shell ...
Processing priv-app/SoundPicker ...
Processing priv-app/TabUIDemoMode ...
Processing priv-app/TabUILenovoLauncherWallpaper ...
Processing priv-app/TabUILenovoOTA ...
Processing priv-app/TabUIUDSEngine ...
Processing priv-app/TabletPushOut ...
Processing priv-app/TabletUE ...
Processing priv-app/TabletVantage ...
Processing priv-app/ThemesProvider ...
Processing priv-app/UFace ...
Processing priv-app/UserDictionaryProvider ...
Processing priv-app/VpnDialogs ...
Processing priv-app/WeatherCenter ...
Processing priv-app/ZUIEpos ...
Processing priv-app/ZUILenovoLevision ...
Processing priv-app/ZuiCamera ...
Processing priv-app/ZuiCameraAssistant ...
Processing priv-app/ZuiCameraQR ...
Processing priv-app/ZuiFileTransfer ...
Processing priv-app/ZuiFreeformBar ...
Processing priv-app/ZuiHomeSettings ...
Processing priv-app/ZuiNotes ...
Processing priv-app/ZuiScreenSplit ...
Processing priv-app/ZuiSystemUI ...
Processing priv-app/ZuiThemeSettings ...
Processing priv-app/ZuiUDevice ...
Processing priv-app/microG ...
Processing priv-app/AppCloud/AppCloud.apk ...
Processing priv-app/BackupRestoreConfirmation/BackupRestoreConfirmation.apk ...
Processing priv-app/BlockedNumberProvider/BlockedNumberProvider.apk ...
Processing priv-app/BuiltInPrintService/BuiltInPrintService.apk ...
Processing priv-app/BuiltInPrintService/lib ...
Processing priv-app/BuiltInPrintService/lib/arm64 ...
Processing priv-app/BuiltInPrintService/lib/arm64/libcups.so ...
Processing priv-app/BuiltInPrintService/lib/arm64/libwfds.so ...
Processing priv-app/CallLogBackup/CallLogBackup.apk ...
Processing priv-app/CredentialManager/CredentialManager.apk ...
Processing priv-app/CredentialManager/CredentialManager.apk.prof ...
Processing priv-app/DesktopLauncher/DesktopLauncher.apk ...
Processing priv-app/DownloadProvider/DownloadProvider.apk ...
Processing priv-app/DownloadProviderUi/DownloadProviderUi.apk ...
Processing priv-app/DynamicSystemInstallationService/DynamicSystemInstallationService.apk ...
Processing priv-app/ExternalStorageProvider/ExternalStorageProvider.apk ...
Processing priv-app/FakeStore/FakeStore.apk ...
Processing priv-app/Freestyle/Freestyle.apk ...
Processing priv-app/FusedLocation/FusedLocation.apk ...
Processing priv-app/FusedLocation/oat ...
Processing priv-app/FusedLocation/oat/arm64 ...
Processing priv-app/FusedLocation/oat/arm64/FusedLocation.odex ...
Processing priv-app/FusedLocation/oat/arm64/FusedLocation.vdex ...
Processing priv-app/InputDevices/InputDevices.apk ...
Processing priv-app/InputDevices/oat ...
Processing priv-app/InputDevices/oat/arm64 ...
Processing priv-app/InputDevices/oat/arm64/InputDevices.odex ...
Processing priv-app/InputDevices/oat/arm64/InputDevices.vdex ...
Processing priv-app/IntentResolver/IntentResolver.apk ...
Processing priv-app/LSF-Device-Phone/LSF-Device-Phone.apk ...
Processing priv-app/LenovoID/LenovoID.apk ...
Processing priv-app/LenovoLauncher/LenovoLauncher.apk ...
Processing priv-app/LenovoWhatsNew/LenovoWhatsNew.apk ...
Processing priv-app/LiveWallpapersPicker/LiveWallpapersPicker.apk ...
Processing priv-app/LocalTransport/LocalTransport.apk ...
Processing priv-app/ManagedProvisioning/ManagedProvisioning.apk ...
Processing priv-app/MediaProviderLegacy/MediaProviderLegacy.apk ...
Processing priv-app/MotorolaSettingsProviderExternalPrebuilt/MotorolaSettingsProviderExternalPrebuilt.apk ...
Processing priv-app/MotorolaSettingsProviderExternalPrebuilt/oat ...
Processing priv-app/MotorolaSettingsProviderExternalPrebuilt/oat/arm64 ...
Processing priv-app/MotorolaSettingsProviderExternalPrebuilt/oat/arm64/MotorolaSettingsProviderExternalPrebuilt.odex ...
Processing priv-app/MotorolaSettingsProviderExternalPrebuilt/oat/arm64/MotorolaSettingsProviderExternalPrebuilt.vdex ...
Processing priv-app/MtkCalendarProvider/MtkCalendarProvider.apk ...
Processing priv-app/MtkContactsProvider/MtkContactsProvider.apk ...
Processing priv-app/MtkMmsService/MtkMmsService.apk ...
Processing priv-app/MtkTeleService/MtkTeleService.apk ...
Processing priv-app/MtkTelecom/MtkTelecom.apk ...
Processing priv-app/MtkTelephonyProvider/MtkTelephonyProvider.apk ...
Processing priv-app/MtpService/MtpService.apk ...
Processing priv-app/MusicFX/MusicFX.apk ...
Processing priv-app/OCZ_ClientDownloader/OCZ_ClientDownloader.apk ...
Processing priv-app/OCZ_DeployServiceApp/OCZ_DeployServiceApp.apk ...
Processing priv-app/ONS/ONS.apk ...
Processing priv-app/PenService/PenService.apk ...
Processing priv-app/ProxyHandler/ProxyHandler.apk ...
Processing priv-app/ReadyForSignatureApp/ReadyForSignatureApp.apk ...
Processing priv-app/SarSensorTest/SarSensorTest.apk ...
Processing priv-app/SharedStorageBackup/SharedStorageBackup.apk ...
Processing priv-app/Shell/Shell.apk ...
Processing priv-app/SoundPicker/SoundPicker.apk ...
Processing priv-app/TabUIDemoMode/TabUIDemoMode.apk ...
Processing priv-app/TabUILenovoLauncherWallpaper/TabUILenovoLauncherWallpaper.apk ...
Processing priv-app/TabUILenovoOTA/TabUILenovoOTA.apk ...
Processing priv-app/TabUIUDSEngine/TabUIUDSEngine.apk ...
Processing priv-app/TabletPushOut/TabletPushOut.apk ...
Processing priv-app/TabletUE/TabletUE.apk ...
Processing priv-app/TabletVantage/TabletVantage.apk ...
Processing priv-app/ThemesProvider/ThemesProvider.apk ...
Processing priv-app/UFace/UFace.apk ...
Processing priv-app/UserDictionaryProvider/UserDictionaryProvider.apk ...
Processing priv-app/VpnDialogs/VpnDialogs.apk ...
Processing priv-app/WeatherCenter/WeatherCenter.apk ...
Processing priv-app/ZUIEpos/ZUIEpos.apk ...
Processing priv-app/ZUILenovoLevision/ZUILenovoLevision.apk ...
Processing priv-app/ZuiCamera/ZuiCamera.apk ...
Processing priv-app/ZuiCameraAssistant/ZuiCameraAssistant.apk ...
Processing priv-app/ZuiCameraQR/ZuiCameraQR.apk ...
Processing priv-app/ZuiFileTransfer/ZuiFileTransfer.apk ...
Processing priv-app/ZuiFreeformBar/ZuiFreeformBar.apk ...
Processing priv-app/ZuiHomeSettings/ZuiHomeSettings.apk ...
Processing priv-app/ZuiNotes/ZuiNotes.apk ...
Processing priv-app/ZuiScreenSplit/ZuiScreenSplit.apk ...
Processing priv-app/ZuiSystemUI/ZuiSystemUI.apk ...
Processing priv-app/ZuiThemeSettings/ZuiThemeSettings.apk ...
Processing priv-app/ZuiThemeSettings/lib ...
Processing priv-app/ZuiThemeSettings/lib/arm64 ...
Processing priv-app/ZuiThemeSettings/lib/arm64/libimageconverter.so ...
Processing priv-app/ZuiUDevice/ZuiUDevice.apk ...
Processing priv-app/microG/GmsCore.apk ...
Processing system_dlkm/etc ...
Processing system_dlkm/etc/build.prop ...
Processing themes/activeicon_config.xml ...
Processing themes/common ...
Processing themes/maskshape ...
Processing themes/multi_themes_config.xml ...
Processing themes/res.zip ...
Processing themes/common/icons ...
Processing themes/common/icons/res.zip ...
Processing themes/maskshape/circle ...
Processing themes/maskshape/common ...
Processing themes/maskshape/fillet_rectangle ...
Processing themes/maskshape/most_beautiful ...
Processing themes/maskshape/square ...
Processing themes/maskshape/tabui ...
Processing themes/maskshape/thin ...
Processing themes/maskshape/circle/icons ...
Processing themes/maskshape/circle/icons/res.zip ...
Processing themes/maskshape/common/icons ...
Processing themes/maskshape/common/icons/res.zip ...
Processing themes/maskshape/fillet_rectangle/icons ...
Processing themes/maskshape/fillet_rectangle/icons/res.zip ...
Processing themes/maskshape/most_beautiful/icons ...
Processing themes/maskshape/most_beautiful/icons/res.zip ...
Processing themes/maskshape/square/icons ...
Processing themes/maskshape/square/icons/res.zip ...
Processing themes/maskshape/tabui/icons ...
Processing themes/maskshape/tabui/icons/res.zip ...
Processing themes/maskshape/thin/icons ...
Processing themes/maskshape/thin/icons/res.zip ...
Processing usr/hyphen-data ...
Processing usr/icu ...
Processing usr/idc ...
Processing usr/kb-type-config ...
Processing usr/keychars ...
Processing usr/keylayout ...
Processing usr/share ...
Processing usr/hyphen-data/hyph-af.hyb ...
Processing usr/hyphen-data/hyph-af.lic.txt ...
Processing usr/hyphen-data/hyph-as.hyb ...
Processing usr/hyphen-data/hyph-as.lic.txt ...
Processing usr/hyphen-data/hyph-be.hyb ...
Processing usr/hyphen-data/hyph-be.lic.txt ...
Processing usr/hyphen-data/hyph-bg.hyb ...
Processing usr/hyphen-data/hyph-bg.lic.txt ...
Processing usr/hyphen-data/hyph-bn.hyb ...
Processing usr/hyphen-data/hyph-bn.lic.txt ...
Processing usr/hyphen-data/hyph-cs.hyb ...
Processing usr/hyphen-data/hyph-cs.lic.txt ...
Processing usr/hyphen-data/hyph-cu.hyb ...
Processing usr/hyphen-data/hyph-cu.lic.txt ...
Processing usr/hyphen-data/hyph-cy.hyb ...
Processing usr/hyphen-data/hyph-cy.lic.txt ...
Processing usr/hyphen-data/hyph-da.hyb ...
Processing usr/hyphen-data/hyph-da.lic.txt ...
Processing usr/hyphen-data/hyph-de-1901.hyb ...
Processing usr/hyphen-data/hyph-de-1901.lic.txt ...
Processing usr/hyphen-data/hyph-de-1996.hyb ...
Processing usr/hyphen-data/hyph-de-1996.lic.txt ...
Processing usr/hyphen-data/hyph-de-ch-1901.hyb ...
Processing usr/hyphen-data/hyph-de-ch-1901.lic.txt ...
Processing usr/hyphen-data/hyph-el.hyb ...
Processing usr/hyphen-data/hyph-el.lic.txt ...
Processing usr/hyphen-data/hyph-en-gb.hyb ...
Processing usr/hyphen-data/hyph-en-gb.lic.txt ...
Processing usr/hyphen-data/hyph-en-us.hyb ...
Processing usr/hyphen-data/hyph-en-us.lic.txt ...
Processing usr/hyphen-data/hyph-es.hyb ...
Processing usr/hyphen-data/hyph-es.lic.txt ...
Processing usr/hyphen-data/hyph-et.hyb ...
Processing usr/hyphen-data/hyph-et.lic.txt ...
Processing usr/hyphen-data/hyph-eu.hyb ...
Processing usr/hyphen-data/hyph-eu.lic.txt ...
Processing usr/hyphen-data/hyph-fr.hyb ...
Processing usr/hyphen-data/hyph-fr.lic.txt ...
Processing usr/hyphen-data/hyph-ga.hyb ...
Processing usr/hyphen-data/hyph-ga.lic.txt ...
Processing usr/hyphen-data/hyph-gl.hyb ...
Processing usr/hyphen-data/hyph-gl.lic.txt ...
Processing usr/hyphen-data/hyph-gu.hyb ...
Processing usr/hyphen-data/hyph-gu.lic.txt ...
Processing usr/hyphen-data/hyph-hi.hyb ...
Processing usr/hyphen-data/hyph-hi.lic.txt ...
Processing usr/hyphen-data/hyph-hr.hyb ...
Processing usr/hyphen-data/hyph-hr.lic.txt ...
Processing usr/hyphen-data/hyph-hu.hyb ...
Processing usr/hyphen-data/hyph-hu.lic.txt ...
Processing usr/hyphen-data/hyph-hy.hyb ...
Processing usr/hyphen-data/hyph-hy.lic.txt ...
Processing usr/hyphen-data/hyph-it.hyb ...
Processing usr/hyphen-data/hyph-it.lic.txt ...
Processing usr/hyphen-data/hyph-ka.hyb ...
Processing usr/hyphen-data/hyph-ka.lic.txt ...
Processing usr/hyphen-data/hyph-kn.hyb ...
Processing usr/hyphen-data/hyph-kn.lic.txt ...
Processing usr/hyphen-data/hyph-la.hyb ...
Processing usr/hyphen-data/hyph-la.lic.txt ...
Processing usr/hyphen-data/hyph-lt.hyb ...
Processing usr/hyphen-data/hyph-lt.lic.txt ...
Processing usr/hyphen-data/hyph-lv.hyb ...
Processing usr/hyphen-data/hyph-lv.lic.txt ...
Processing usr/hyphen-data/hyph-ml.hyb ...
Processing usr/hyphen-data/hyph-ml.lic.txt ...
Processing usr/hyphen-data/hyph-mn-cyrl.hyb ...
Processing usr/hyphen-data/hyph-mn-cyrl.lic.txt ...
Processing usr/hyphen-data/hyph-mr.hyb ...
Processing usr/hyphen-data/hyph-mr.lic.txt ...
Processing usr/hyphen-data/hyph-mul-ethi.hyb ...
Processing usr/hyphen-data/hyph-mul-ethi.lic.txt ...
Processing usr/hyphen-data/hyph-nb.hyb ...
Processing usr/hyphen-data/hyph-nb.lic.txt ...
Processing usr/hyphen-data/hyph-nl.hyb ...
Processing usr/hyphen-data/hyph-nl.lic.txt ...
Processing usr/hyphen-data/hyph-nn.hyb ...
Processing usr/hyphen-data/hyph-nn.lic.txt ...
Processing usr/hyphen-data/hyph-or.hyb ...
Processing usr/hyphen-data/hyph-or.lic.txt ...
Processing usr/hyphen-data/hyph-pa.hyb ...
Processing usr/hyphen-data/hyph-pa.lic.txt ...
Processing usr/hyphen-data/hyph-pl.hyb ...
Processing usr/hyphen-data/hyph-pl.lic.txt ...
Processing usr/hyphen-data/hyph-pt.hyb ...
Processing usr/hyphen-data/hyph-pt.lic.txt ...
Processing usr/hyphen-data/hyph-ru.hyb ...
Processing usr/hyphen-data/hyph-ru.lic.txt ...
Processing usr/hyphen-data/hyph-sk.hyb ...
Processing usr/hyphen-data/hyph-sk.lic.txt ...
Processing usr/hyphen-data/hyph-sl.hyb ...
Processing usr/hyphen-data/hyph-sl.lic.txt ...
Processing usr/hyphen-data/hyph-sq.hyb ...
Processing usr/hyphen-data/hyph-sq.lic.txt ...
Processing usr/hyphen-data/hyph-sv.hyb ...
Processing usr/hyphen-data/hyph-sv.lic.txt ...
Processing usr/hyphen-data/hyph-ta.hyb ...
Processing usr/hyphen-data/hyph-ta.lic.txt ...
Processing usr/hyphen-data/hyph-te.hyb ...
Processing usr/hyphen-data/hyph-te.lic.txt ...
Processing usr/hyphen-data/hyph-tk.hyb ...
Processing usr/hyphen-data/hyph-tk.lic.txt ...
Processing usr/hyphen-data/hyph-uk.hyb ...
Processing usr/hyphen-data/hyph-uk.lic.txt ...
Processing usr/hyphen-data/hyph-und-ethi.hyb ...
Processing usr/hyphen-data/hyph-und-ethi.lic.txt ...
Processing usr/idc/AVRCP.idc ...
Processing usr/idc/GoogleTV-Remote.idc ...
Processing usr/idc/Vendor_004c_Product_0265.idc ...
Processing usr/idc/Vendor_03f6_Product_a001.idc ...
Processing usr/idc/Vendor_046d_Product_4011.idc ...
Processing usr/idc/Vendor_046d_Product_4101.idc ...
Processing usr/idc/Vendor_046d_Product_4102.idc ...
Processing usr/idc/Vendor_046d_Product_b00c.idc ...
Processing usr/idc/Vendor_04f3_Product_31f3.idc ...
Processing usr/idc/Vendor_054c_Product_05c4.idc ...
Processing usr/idc/Vendor_054c_Product_09cc.idc ...
Processing usr/idc/Vendor_05ac_Product_0265.idc ...
Processing usr/idc/Vendor_05ac_Product_030e.idc ...
Processing usr/idc/Vendor_0957_Product_0001.idc ...
Processing usr/idc/Vendor_0957_Product_0006.idc ...
Processing usr/idc/Vendor_17ef_Product_6127.idc ...
Processing usr/idc/Vendor_17ef_Product_612b.idc ...
Processing usr/idc/Vendor_17ef_Product_613d.idc ...
Processing usr/idc/Vendor_17ef_Product_617f.idc ...
Processing usr/idc/Vendor_18d1_Product_9451.idc ...
Processing usr/idc/Vendor_beef_Product_dead.idc ...
Processing usr/idc/qwerty.idc ...
Processing usr/idc/qwerty2.idc ...
Processing usr/kb-type-config/lenovo_keyboard.xml ...
Processing usr/keychars/Generic.kcm ...
Processing usr/keychars/Vendor_18d1_Product_0200.kcm ...
Processing usr/keychars/Vendor_18d1_Product_5018.kcm ...
Processing usr/keychars/Virtual.kcm ...
Processing usr/keychars/qwerty.kcm ...
Processing usr/keychars/qwerty2.kcm ...
Processing usr/keylayout/AVRCP.kl ...
Processing usr/keylayout/Generic.kl ...
Processing usr/keylayout/Vendor_0079_Product_0011.kl ...
Processing usr/keylayout/Vendor_0079_Product_18d4.kl ...
Processing usr/keylayout/Vendor_0171_Product_0419.kl ...
Processing usr/keylayout/Vendor_044f_Product_b326.kl ...
Processing usr/keylayout/Vendor_045e_Product_028e.kl ...
Processing usr/keylayout/Vendor_045e_Product_028f.kl ...
Processing usr/keylayout/Vendor_045e_Product_02a1.kl ...
Processing usr/keylayout/Vendor_045e_Product_02d1.kl ...
Processing usr/keylayout/Vendor_045e_Product_02dd.kl ...
Processing usr/keylayout/Vendor_045e_Product_02e0.kl ...
Processing usr/keylayout/Vendor_045e_Product_02e3.kl ...
Processing usr/keylayout/Vendor_045e_Product_02ea.kl ...
Processing usr/keylayout/Vendor_045e_Product_02fd.kl ...
Processing usr/keylayout/Vendor_045e_Product_0b12.kl ...
Processing usr/keylayout/Vendor_046d_Product_b501.kl ...
Processing usr/keylayout/Vendor_046d_Product_c216.kl ...
Processing usr/keylayout/Vendor_046d_Product_c219.kl ...
Processing usr/keylayout/Vendor_046d_Product_c21d.kl ...
Processing usr/keylayout/Vendor_046d_Product_c21e.kl ...
Processing usr/keylayout/Vendor_046d_Product_c21f.kl ...
Processing usr/keylayout/Vendor_046d_Product_c242.kl ...
Processing usr/keylayout/Vendor_046d_Product_c294.kl ...
Processing usr/keylayout/Vendor_046d_Product_c299.kl ...
Processing usr/keylayout/Vendor_046d_Product_c532.kl ...
Processing usr/keylayout/Vendor_054c_Product_0268.kl ...
Processing usr/keylayout/Vendor_054c_Product_0268_Version_8000.kl ...
Processing usr/keylayout/Vendor_054c_Product_0268_Version_8100.kl ...
Processing usr/keylayout/Vendor_054c_Product_0268_Version_8111.kl ...
Processing usr/keylayout/Vendor_054c_Product_05c4.kl ...
Processing usr/keylayout/Vendor_054c_Product_05c4_Version_8000.kl ...
Processing usr/keylayout/Vendor_054c_Product_05c4_Version_8100.kl ...
Processing usr/keylayout/Vendor_054c_Product_05c4_Version_8111.kl ...
Processing usr/keylayout/Vendor_054c_Product_09cc.kl ...
Processing usr/keylayout/Vendor_054c_Product_09cc_Version_8000.kl ...
Processing usr/keylayout/Vendor_054c_Product_09cc_Version_8100.kl ...
Processing usr/keylayout/Vendor_054c_Product_09cc_Version_8111.kl ...
Processing usr/keylayout/Vendor_054c_Product_0ba0.kl ...
Processing usr/keylayout/Vendor_054c_Product_0ba0_Version_8111.kl ...
Processing usr/keylayout/Vendor_054c_Product_0ce6.kl ...
Processing usr/keylayout/Vendor_054c_Product_0ce6_fallback.kl ...
Processing usr/keylayout/Vendor_054c_Product_0df2.kl ...
Processing usr/keylayout/Vendor_054c_Product_0df2_fallback.kl ...
Processing usr/keylayout/Vendor_056e_Product_2004.kl ...
Processing usr/keylayout/Vendor_056e_Product_2010.kl ...
Processing usr/keylayout/Vendor_056e_Product_2013.kl ...
Processing usr/keylayout/Vendor_057e_Product_2009.kl ...
Processing usr/keylayout/Vendor_0583_Product_2060.kl ...
Processing usr/keylayout/Vendor_05ac_Product_0239.kl ...
Processing usr/keylayout/Vendor_06a3_Product_f51a.kl ...
Processing usr/keylayout/Vendor_0738_Product_4716.kl ...
Processing usr/keylayout/Vendor_0738_Product_4718.kl ...
Processing usr/keylayout/Vendor_0738_Product_4726.kl ...
Processing usr/keylayout/Vendor_0738_Product_4736.kl ...
Processing usr/keylayout/Vendor_0738_Product_4740.kl ...
Processing usr/keylayout/Vendor_0738_Product_9871.kl ...
Processing usr/keylayout/Vendor_0738_Product_b726.kl ...
Processing usr/keylayout/Vendor_0738_Product_beef.kl ...
Processing usr/keylayout/Vendor_0738_Product_cb02.kl ...
Processing usr/keylayout/Vendor_0738_Product_cb03.kl ...
Processing usr/keylayout/Vendor_0738_Product_cb29.kl ...
Processing usr/keylayout/Vendor_0738_Product_f738.kl ...
Processing usr/keylayout/Vendor_07ff_Product_ffff.kl ...
Processing usr/keylayout/Vendor_0957_Product_0001.kl ...
Processing usr/keylayout/Vendor_0b05_Product_4500.kl ...
Processing usr/keylayout/Vendor_0e6f_Product_0113.kl ...
Processing usr/keylayout/Vendor_0e6f_Product_011f.kl ...
Processing usr/keylayout/Vendor_0e6f_Product_0131.kl ...
Processing usr/keylayout/Vendor_0e6f_Product_0133.kl ...
Processing usr/keylayout/Vendor_0e6f_Product_0139.kl ...
Processing usr/keylayout/Vendor_0e6f_Product_013a.kl ...
Processing usr/keylayout/Vendor_0e6f_Product_0146.kl ...
Processing usr/keylayout/Vendor_0e6f_Product_0147.kl ...
Processing usr/keylayout/Vendor_0e6f_Product_0161.kl ...
Processing usr/keylayout/Vendor_0e6f_Product_0162.kl ...
Processing usr/keylayout/Vendor_0e6f_Product_0163.kl ...
Processing usr/keylayout/Vendor_0e6f_Product_0164.kl ...
Processing usr/keylayout/Vendor_0e6f_Product_0165.kl ...
Processing usr/keylayout/Vendor_0e6f_Product_0201.kl ...
Processing usr/keylayout/Vendor_0e6f_Product_0213.kl ...
Processing usr/keylayout/Vendor_0e6f_Product_021f.kl ...
Processing usr/keylayout/Vendor_0e6f_Product_0246.kl ...
Processing usr/keylayout/Vendor_0e6f_Product_02a4.kl ...
Processing usr/keylayout/Vendor_0e6f_Product_02a6.kl ...
Processing usr/keylayout/Vendor_0e6f_Product_02ab.kl ...
Processing usr/keylayout/Vendor_0e6f_Product_0301.kl ...
Processing usr/keylayout/Vendor_0e6f_Product_0346.kl ...
Processing usr/keylayout/Vendor_0e6f_Product_0401.kl ...
Processing usr/keylayout/Vendor_0e6f_Product_0413.kl ...
Processing usr/keylayout/Vendor_0e6f_Product_0501.kl ...
Processing usr/keylayout/Vendor_0e6f_Product_f501.kl ...
Processing usr/keylayout/Vendor_0e6f_Product_f900.kl ...
Processing usr/keylayout/Vendor_0f0d_Product_000a.kl ...
Processing usr/keylayout/Vendor_0f0d_Product_000c.kl ...
Processing usr/keylayout/Vendor_0f0d_Product_0067.kl ...
Processing usr/keylayout/Vendor_0f0d_Product_00c1.kl ...
Processing usr/keylayout/Vendor_1038_Product_1412.kl ...
Processing usr/keylayout/Vendor_1038_Product_1430.kl ...
Processing usr/keylayout/Vendor_1038_Product_1431.kl ...
Processing usr/keylayout/Vendor_1038_Product_1434.kl ...
Processing usr/keylayout/Vendor_11c9_Product_55f0.kl ...
Processing usr/keylayout/Vendor_12ab_Product_0301.kl ...
Processing usr/keylayout/Vendor_12bd_Product_d015.kl ...
Processing usr/keylayout/Vendor_1430_Product_4748.kl ...
Processing usr/keylayout/Vendor_1430_Product_f801.kl ...
Processing usr/keylayout/Vendor_146b_Product_0601.kl ...
Processing usr/keylayout/Vendor_1532_Product_0037.kl ...
Processing usr/keylayout/Vendor_1532_Product_0705.kl ...
Processing usr/keylayout/Vendor_1532_Product_0707.kl ...
Processing usr/keylayout/Vendor_1532_Product_0709.kl ...
Processing usr/keylayout/Vendor_1532_Product_0900.kl ...
Processing usr/keylayout/Vendor_1532_Product_0a03.kl ...
Processing usr/keylayout/Vendor_1532_Product_1004.kl ...
Processing usr/keylayout/Vendor_1532_Product_1007.kl ...
Processing usr/keylayout/Vendor_1532_Product_1009.kl ...
Processing usr/keylayout/Vendor_1532_Product_100a.kl ...
Processing usr/keylayout/Vendor_15e4_Product_3f00.kl ...
Processing usr/keylayout/Vendor_15e4_Product_3f0a.kl ...
Processing usr/keylayout/Vendor_15e4_Product_3f10.kl ...
Processing usr/keylayout/Vendor_162e_Product_beef.kl ...
Processing usr/keylayout/Vendor_1689_Product_fd00.kl ...
Processing usr/keylayout/Vendor_1689_Product_fd01.kl ...
Processing usr/keylayout/Vendor_1689_Product_fe00.kl ...
Processing usr/keylayout/Vendor_17ef_Product_6127.kl ...
Processing usr/keylayout/Vendor_17ef_Product_612b.kl ...
Processing usr/keylayout/Vendor_17ef_Product_613d.kl ...
Processing usr/keylayout/Vendor_17ef_Product_617f.kl ...
Processing usr/keylayout/Vendor_18d1_Product_0200.kl ...
Processing usr/keylayout/Vendor_18d1_Product_2c40.kl ...
Processing usr/keylayout/Vendor_18d1_Product_4f80.kl ...
Processing usr/keylayout/Vendor_18d1_Product_5018.kl ...
Processing usr/keylayout/Vendor_1949_Product_0401.kl ...
Processing usr/keylayout/Vendor_1bad_Product_0002.kl ...
Processing usr/keylayout/Vendor_1bad_Product_f016.kl ...
Processing usr/keylayout/Vendor_1bad_Product_f021.kl ...
Processing usr/keylayout/Vendor_1bad_Product_f023.kl ...
Processing usr/keylayout/Vendor_1bad_Product_f025.kl ...
Processing usr/keylayout/Vendor_1bad_Product_f027.kl ...
Processing usr/keylayout/Vendor_1bad_Product_f028.kl ...
Processing usr/keylayout/Vendor_1bad_Product_f036.kl ...
Processing usr/keylayout/Vendor_1bad_Product_f038.kl ...
Processing usr/keylayout/Vendor_1bad_Product_f501.kl ...
Processing usr/keylayout/Vendor_1bad_Product_f506.kl ...
Processing usr/keylayout/Vendor_1bad_Product_f900.kl ...
Processing usr/keylayout/Vendor_1bad_Product_f901.kl ...
Processing usr/keylayout/Vendor_1bad_Product_f903.kl ...
Processing usr/keylayout/Vendor_1bad_Product_f904.kl ...
Processing usr/keylayout/Vendor_1bad_Product_fa01.kl ...
Processing usr/keylayout/Vendor_1bad_Product_fd00.kl ...
Processing usr/keylayout/Vendor_1bad_Product_fd01.kl ...
Processing usr/keylayout/Vendor_1d79_Product_0009.kl ...
Processing usr/keylayout/Vendor_22b8_Product_093d.kl ...
Processing usr/keylayout/Vendor_2378_Product_1008.kl ...
Processing usr/keylayout/Vendor_2378_Product_100a.kl ...
Processing usr/keylayout/Vendor_24c6_Product_5300.kl ...
Processing usr/keylayout/Vendor_24c6_Product_5303.kl ...
Processing usr/keylayout/Vendor_24c6_Product_530a.kl ...
Processing usr/keylayout/Vendor_24c6_Product_531a.kl ...
Processing usr/keylayout/Vendor_24c6_Product_5397.kl ...
Processing usr/keylayout/Vendor_24c6_Product_541a.kl ...
Processing usr/keylayout/Vendor_24c6_Product_542a.kl ...
Processing usr/keylayout/Vendor_24c6_Product_543a.kl ...
Processing usr/keylayout/Vendor_24c6_Product_5500.kl ...
Processing usr/keylayout/Vendor_24c6_Product_5501.kl ...
Processing usr/keylayout/Vendor_24c6_Product_5506.kl ...
Processing usr/keylayout/Vendor_24c6_Product_550d.kl ...
Processing usr/keylayout/Vendor_24c6_Product_551a.kl ...
Processing usr/keylayout/Vendor_24c6_Product_561a.kl ...
Processing usr/keylayout/Vendor_24c6_Product_5b02.kl ...
Processing usr/keylayout/Vendor_24c6_Product_5d04.kl ...
Processing usr/keylayout/Vendor_24c6_Product_fafe.kl ...
Processing usr/keylayout/Vendor_27f8_Product_0bbe.kl ...
Processing usr/keylayout/Vendor_27f8_Product_0bbf.kl ...
Processing usr/keylayout/Vendor_28de_Product_1102.kl ...
Processing usr/keylayout/Vendor_2dc8_Product_6101.kl ...
Processing usr/keylayout/Vendor_2e95_Product_7725.kl ...
Processing usr/keylayout/idroid_con.kl ...
Processing usr/keylayout/qwerty.kl ...
Processing usr/share/bmd ...
Processing usr/share/zoneinfo ...
Processing usr/share/bmd/RFFspeed_501.bmd ...
Processing usr/share/bmd/RFFstd_501.bmd ...
Processing usr/share/zoneinfo/tz_version ...
Processing usr/share/zoneinfo/tzdata ...
Build completed.

------
Filesystem UUID: 6d797374-6963-4000-8000-616c00000003
Filesystem total blocks: 875263 (of 4096-byte blocks)
Filesystem total inodes: 4243
Filesystem total metadata blocks: 1140
Filesystem total deduplicated bytes (of source files): 0
kontekst system_file w obrazie: 37 trafien
kontekst privapp w obrazie: 103 trafien
imgcheck: root=/tmp/m3/imgcheck
imgcheck ls: apex app bin build.prop etc fonts framework lib lib64 media miui-themes preinstall priv-app product ro.prop rw.prop system_dlkm system_ext themes usr vendor 
imgcheck rozmiar: 4400 MB
imgcheck framework: OK (25 miui plikow, 4 deklaracji)
PURGE GMS w system: 0
0 pakietow Google (oczek. 0-1: webview)
/tmp/m3/imgcheck/app/MIUICalculator
/tmp/m3/imgcheck/app/MIUIGallery
/tmp/m3/imgcheck/app/MiuiCamera
/tmp/m3/imgcheck/app/MIUINotes
/tmp/m3/imgcheck/app/MiuiHome
transplanty MIUI w obrazie OK
system_m3: 3585077248 B (oryginal 3678793728B)
/dev/root       145G   63G   82G  44% /
tmpfs           7.9G   84K  7.9G   1% /dev/shm
== PRODUCT: stream -> tmpfs, tree -> dysk ==
# simg2img_stream: sparse v1.0 blk=4096 chunks=7496 raw=9663676416 B
# httpzip: TB350FU_S230982_251013_ROW/image/super.img OK (140 requestow HTTP)
# liblp v10.2; slots=3; bdev=super (9663676416 B); grupy=['default', 'main_a', 'main_b']
# glowy=1310720 B; segmenty: [('odm_dlkm', 1048576, 1396736), ('product', 2097152, 2794594304), ('system', 2795503616, 6474297344), ('system_ext', 6659506176, 7416504320), ('vendor', 7416578048, 8333131776), ('vendor_dlkm', 8334082048, 8365445120)]; only=['product']
P	odm_dlkm	348160
P	product	2792497152
P	system	3678793728
P	system_ext	756998144
P	vendor	916553728
P	vendor_dlkm	31363072
W	odm_dlkm	0	348160	SKIP
W	product	2792497152	2792497152	OK
W	system	0	3678793728	SKIP
W	system_ext	0	756998144	SKIP
W	vendor	0	916553728	SKIP
W	vendor_dlkm	0	31363072	SKIP
# simg2img_stream: konsument zamknal pipe (OK)
  pin OK: product = 2792497152B
product: img 2663M, tree est ~3395M, dysk avail 83270M
-- diag product --
/dev/shm/m3/one/product.img: Linux rev 1.0 ext2 filesystem data, UUID=3ea2761b-947d-5c7a-b7c5-daa077697483, volume name "product" (extents) (large files) (huge files)
  MB@8: zer 37050/1048576
  MB@100: zer 294363/1048576
  MB@1000: zer 231860/1048576
  MB@3000: EOF
  ext4 sb: inodes=1008 blocks=670984
-- e2fsck -n (odczyt, bez napraw) --
e2fsck 1.47.0 (5-Feb-2023)
product: clean, 724/1008 files, 668977/670984 blocks
-- debugfs ls / --
debugfs 1.47.0 (5-Feb-2023)
      2   40755 (2)      0      0    4096  1-Jan-2009 00:00 .
      2   40755 (2)      0      0    4096  1-Jan-2009 00:00 ..
     11   40700 (2)      0      0   16384  1-Jan-2009 00:00 lost+found
     12   40755 (2)      0      0    4096  1-Jan-2009 00:00 app
    165   40755 (2)      0      0    4096  1-Jan-2009 00:00 etc
    207   40755 (2)      0      0    4096  1-Jan-2009 00:00 media
    432   40755 (2)      0      0    4096  1-Jan-2009 00:00 overlay
    495   40755 (2)      0      0    4096  1-Jan-2009 00:00 priv-app
    656   40755 (2)      0      0    4096  1-Jan-2009 00:00 usr

product: fs=ext4
product: ext4 (debugfs rdump)
== PURGE GMS (product) ==
/tmp/m3/tree/product/app/GoogleLocationHistory
/tmp/m3/tree/product/app/CalendarGoogle
/tmp/m3/tree/product/app/CalculatorGoogle
/tmp/m3/tree/product/app/LatinImeGoogle
/tmp/m3/tree/product/app/SpeechServicesByGoogle
/tmp/m3/tree/product/app/com.google.mainline.adservices
/tmp/m3/tree/product/app/com.google.android.modulemetadata
/tmp/m3/tree/product/app/YTMSetupWizard
/tmp/m3/tree/product/app/DeskClockGoogle
/tmp/m3/tree/product/app/com.google.mainline.telemetry
/tmp/m3/tree/product/app/WebViewGoogle
/tmp/m3/tree/product/app/GoogleContacts
/tmp/m3/tree/product/priv-app/ConfigUpdater
/tmp/m3/tree/product/priv-app/GoogleOneTimeInitializer
/tmp/m3/tree/product/priv-app/Phonesky
/tmp/m3/tree/product/priv-app/GooglePartnerSetup
/tmp/m3/tree/product/priv-app/HotwordEnrollmentOKGoogleRISCV
/tmp/m3/tree/product/priv-app/GoogleRestore
/tmp/m3/tree/product/priv-app/GoogleKidsSpace
/tmp/m3/tree/product/priv-app/FilesGoogle
/tmp/m3/tree/product/priv-app/HotwordEnrollmentXGoogleRISCV
/tmp/m3/tree/product/priv-app/GmsCore
product: usunieto 22 -> repack
product: konteksty: /tmp/m3/plat_file_contexts
selinux_shim: 682 wpisow kontekstowych z /tmp/m3/plat_file_contexts
mkfs.erofs 1.8.2-local
Processing / ...
Processing app ...
Processing etc ...
Processing lost+found ...
Processing media ...
Processing overlay ...
Processing priv-app ...
Processing usr ...
Processing app/Chrome ...
Processing app/Drive ...
Processing app/Gmail2 ...
Processing app/Keep ...
Processing app/LTHD ...
Processing app/LenovoLauncherProvider ...
Processing app/Maps ...
Processing app/Meet ...
Processing app/OMRON ...
Processing app/Photos ...
Processing app/SwitchAccess ...
Processing app/TrichromeLibrary ...
Processing app/Videos ...
Processing app/YTMusic ...
Processing app/YouTube ...
Processing app/talkback ...
Processing app/Chrome/Chrome.apk ...
Processing app/Chrome/oat ...
Processing app/Chrome/oat/arm ...
Processing app/Chrome/oat/arm64 ...
Processing app/Chrome/oat/arm/Chrome.odex ...
Processing app/Chrome/oat/arm/Chrome.vdex ...
Processing app/Chrome/oat/arm64/Chrome.odex ...
Processing app/Chrome/oat/arm64/Chrome.vdex ...
Processing app/Drive/Drive.apk ...
Processing app/Drive/oat ...
Processing app/Drive/oat/arm64 ...
Processing app/Drive/oat/arm64/Drive.odex ...
Processing app/Drive/oat/arm64/Drive.vdex ...
Processing app/Gmail2/Gmail2.apk ...
Processing app/Gmail2/oat ...
Processing app/Gmail2/oat/arm64 ...
Processing app/Gmail2/oat/arm64/Gmail2.odex ...
Processing app/Gmail2/oat/arm64/Gmail2.vdex ...
Processing app/Keep/Keep.apk ...
Processing app/Keep/oat ...
Processing app/Keep/oat/arm64 ...
Processing app/Keep/oat/arm64/Keep.odex ...
Processing app/Keep/oat/arm64/Keep.vdex ...
Processing app/LTHD/LTHD.apk ...
Processing app/LenovoLauncherProvider/LenovoLauncherProvider.apk ...
Processing app/Maps/Maps.apk ...
Processing app/Maps/oat ...
Processing app/Maps/oat/arm64 ...
Processing app/Maps/oat/arm64/Maps.odex ...
Processing app/Maps/oat/arm64/Maps.vdex ...
Processing app/Meet/Meet.apk ...
Processing app/Meet/oat ...
Processing app/Meet/oat/arm64 ...
Processing app/Meet/oat/arm64/Meet.odex ...
Processing app/Meet/oat/arm64/Meet.vdex ...
Processing app/OMRON/OMRON.apk ...
Processing app/OMRON/lib ...
Processing app/OMRON/lib/arm64 ...
Processing app/OMRON/lib/arm64/libiwnn_lenovo.so ...
Processing app/Photos/Photos.apk ...
Processing app/Photos/oat ...
Processing app/Photos/oat/arm64 ...
Processing app/Photos/oat/arm64/Photos.odex ...
Processing app/Photos/oat/arm64/Photos.vdex ...
Processing app/SwitchAccess/SwitchAccess.apk ...
Processing app/SwitchAccess/oat ...
Processing app/SwitchAccess/oat/arm64 ...
Processing app/SwitchAccess/oat/arm64/SwitchAccess.odex ...
Processing app/SwitchAccess/oat/arm64/SwitchAccess.vdex ...
Processing app/TrichromeLibrary/TrichromeLibrary.apk ...
Processing app/Videos/Videos.apk ...
Processing app/Videos/oat ...
Processing app/Videos/oat/arm64 ...
Processing app/Videos/oat/arm64/Videos.odex ...
Processing app/Videos/oat/arm64/Videos.vdex ...
Processing app/YTMusic/YTMusic.apk ...
Processing app/YTMusic/oat ...
Processing app/YTMusic/oat/arm64 ...
Processing app/YTMusic/oat/arm64/YTMusic.odex ...
Processing app/YTMusic/oat/arm64/YTMusic.vdex ...
Processing app/YouTube/YouTube.apk ...
Processing app/YouTube/oat ...
Processing app/YouTube/oat/arm ...
Processing app/YouTube/oat/arm64 ...
Processing app/YouTube/oat/arm/YouTube.odex ...
Processing app/YouTube/oat/arm/YouTube.vdex ...
Processing app/YouTube/oat/arm64/YouTube.odex ...
Processing app/YouTube/oat/arm64/YouTube.vdex ...
Processing app/talkback/oat ...
Processing app/talkback/talkback.apk ...
Processing app/talkback/oat/arm64 ...
Processing app/talkback/oat/arm64/talkback.odex ...
Processing app/talkback/oat/arm64/talkback.vdex ...
Processing etc/NOTICE.xml.gz ...
Processing etc/build.prop ...
Processing etc/default-permissions ...
Processing etc/fs_config_dirs ...
Processing etc/fs_config_files ...
Processing etc/group ...
Processing etc/passwd ...
Processing etc/permissions ...
Processing etc/preferred-apps ...
Processing etc/security ...
Processing etc/sysconfig ...
Processing etc/vintf ...
Processing etc/default-permissions/default-permissions-google.xml ...
Processing etc/permissions/privapp-permissions-lenovoconnect.xml ...
Processing etc/preferred-apps/google.xml ...
Processing etc/security/avb ...
Processing etc/security/fsverity ...
Processing etc/security/avb/system_other.avbpubkey ...
Processing etc/security/fsverity/gms_fsverity_cert.der ...
Processing etc/security/fsverity/play_store_fsi_cert.der ...
Processing etc/sysconfig/google-staged-installer-whitelist.xml ...
Processing etc/sysconfig/initial-package-stopped-states-aosp.xml ...
Processing etc/sysconfig/preinstalled-packages-platform-handheld-product.xml ...
Processing etc/sysconfig/preinstalled-packages-platform-overlays.xml ...
Processing etc/vintf/compatibility_matrix.xml ...
Processing media/audio ...
Processing media/audio/alarms ...
Processing media/audio/notifications ...
Processing media/audio/ringtones ...
Processing media/audio/ui ...
Processing media/audio/alarms/Alarm_Beep_01.ogg ...
Processing media/audio/alarms/Alarm_Beep_02.ogg ...
Processing media/audio/alarms/Alarm_Beep_03.ogg ...
Processing media/audio/alarms/Alarm_Buzzer.ogg ...
Processing media/audio/alarms/Alarm_Rooster_02.ogg ...
Processing media/audio/alarms/Argon.ogg ...
Processing media/audio/alarms/Barium.ogg ...
Processing media/audio/alarms/Carbon.ogg ...
Processing media/audio/alarms/Helium.ogg ...
Processing media/audio/alarms/Krypton.ogg ...
Processing media/audio/alarms/Neon.ogg ...
Processing media/audio/alarms/Osmium.ogg ...
Processing media/audio/alarms/Oxygen.ogg ...
Processing media/audio/alarms/Platinum.ogg ...
Processing media/audio/alarms/Scandium.ogg ...
Processing media/audio/notifications/Adara.ogg ...
Processing media/audio/notifications/Aldebaran.ogg ...
Processing media/audio/notifications/Altair.ogg ...
Processing media/audio/notifications/Alya.ogg ...
Processing media/audio/notifications/Antares.ogg ...
Processing media/audio/notifications/Antimony.ogg ...
Processing media/audio/notifications/Arcturus.ogg ...
Processing media/audio/notifications/Argon.ogg ...
Processing media/audio/notifications/Beat_Box_Android.ogg ...
Processing media/audio/notifications/Bellatrix.ogg ...
Processing media/audio/notifications/Beryllium.ogg ...
Processing media/audio/notifications/Betelgeuse.ogg ...
Processing media/audio/notifications/CaffeineSnake.ogg ...
Processing media/audio/notifications/Canopus.ogg ...
Processing media/audio/notifications/Capella.ogg ...
Processing media/audio/notifications/Castor.ogg ...
Processing media/audio/notifications/CetiAlpha.ogg ...
Processing media/audio/notifications/Cobalt.ogg ...
Processing media/audio/notifications/Cricket.ogg ...
Processing media/audio/notifications/DearDeer.ogg ...
Processing media/audio/notifications/Deneb.ogg ...
Processing media/audio/notifications/Doink.ogg ...
Processing media/audio/notifications/DontPanic.ogg ...
Processing media/audio/notifications/Drip.ogg ...
Processing media/audio/notifications/Electra.ogg ...
Processing media/audio/notifications/F1_MissedCall.ogg ...
Processing media/audio/notifications/F1_New_MMS.ogg ...
Processing media/audio/notifications/F1_New_SMS.ogg ...
Processing media/audio/notifications/Fluorine.ogg ...
Processing media/audio/notifications/Fomalhaut.ogg ...
Processing media/audio/notifications/Gallium.ogg ...
Processing media/audio/notifications/Heaven.ogg ...
Processing media/audio/notifications/Helium.ogg ...
Processing media/audio/notifications/Highwire.ogg ...
Processing media/audio/notifications/Hojus.ogg ...
Processing media/audio/notifications/Iridium.ogg ...
Processing media/audio/notifications/Krypton.ogg ...
Processing media/audio/notifications/KzurbSonar.ogg ...
Processing media/audio/notifications/Lalande.ogg ...
Processing media/audio/notifications/Merope.ogg ...
Processing media/audio/notifications/Mira.ogg ...
Processing media/audio/notifications/OnTheHunt.ogg ...
Processing media/audio/notifications/Palladium.ogg ...
Processing media/audio/notifications/Plastic_Pipe.ogg ...
Processing media/audio/notifications/Polaris.ogg ...
Processing media/audio/notifications/Pollux.ogg ...
Processing media/audio/notifications/Procyon.ogg ...
Processing media/audio/notifications/Proxima.ogg ...
Processing media/audio/notifications/Radon.ogg ...
Processing media/audio/notifications/Rubidium.ogg ...
Processing media/audio/notifications/Selenium.ogg ...
Processing media/audio/notifications/Shaula.ogg ...
Processing media/audio/notifications/Sirrah.ogg ...
Processing media/audio/notifications/SpaceSeed.ogg ...
Processing media/audio/notifications/Spica.ogg ...
Processing media/audio/notifications/Strontium.ogg ...
Processing media/audio/notifications/Syrma.ogg ...
Processing media/audio/notifications/TaDa.ogg ...
Processing media/audio/notifications/Talitha.ogg ...
Processing media/audio/notifications/Tejat.ogg ...
Processing media/audio/notifications/Thallium.ogg ...
Processing media/audio/notifications/Tinkerbell.ogg ...
Processing media/audio/notifications/Upsilon.ogg ...
Processing media/audio/notifications/Vega.ogg ...
Processing media/audio/notifications/Voila.ogg ...
Processing media/audio/notifications/Xenon.ogg ...
Processing media/audio/notifications/Zirconium.ogg ...
Processing media/audio/notifications/arcturus.ogg ...
Processing media/audio/notifications/moonbeam.ogg ...
Processing media/audio/notifications/pixiedust.ogg ...
Processing media/audio/notifications/pizzicato.ogg ...
Processing media/audio/notifications/regulus.ogg ...
Processing media/audio/notifications/sirius.ogg ...
Processing media/audio/notifications/tweeters.ogg ...
Processing media/audio/notifications/vega.ogg ...
Processing media/audio/ringtones/ANDROMEDA.ogg ...
Processing media/audio/ringtones/Andromeda.ogg ...
Processing media/audio/ringtones/Aquila.ogg ...
Processing media/audio/ringtones/ArgoNavis.ogg ...
Processing media/audio/ringtones/Atria.ogg ...
Processing media/audio/ringtones/BOOTES.ogg ...
Processing media/audio/ringtones/Backroad.ogg ...
Processing media/audio/ringtones/BeatPlucker.ogg ...
Processing media/audio/ringtones/BentleyDubs.ogg ...
Processing media/audio/ringtones/Big_Easy.ogg ...
Processing media/audio/ringtones/BirdLoop.ogg ...
Processing media/audio/ringtones/Bollywood.ogg ...
Processing media/audio/ringtones/BussaMove.ogg ...
Processing media/audio/ringtones/CANISMAJOR.ogg ...
Processing media/audio/ringtones/CASSIOPEIA.ogg ...
Processing media/audio/ringtones/Cairo.ogg ...
Processing media/audio/ringtones/Calypso_Steel.ogg ...
Processing media/audio/ringtones/CanisMajor.ogg ...
Processing media/audio/ringtones/CaribbeanIce.ogg ...
Processing media/audio/ringtones/Carina.ogg ...
Processing media/audio/ringtones/Centaurus.ogg ...
Processing media/audio/ringtones/Champagne_Edition.ogg ...
Processing media/audio/ringtones/Club_Cubano.ogg ...
Processing media/audio/ringtones/CrayonRock.ogg ...
Processing media/audio/ringtones/CrazyDream.ogg ...
Processing media/audio/ringtones/CurveBall.ogg ...
Processing media/audio/ringtones/Cygnus.ogg ...
Processing media/audio/ringtones/DancinFool.ogg ...
Processing media/audio/ringtones/Ding.ogg ...
Processing media/audio/ringtones/DonMessWivIt.ogg ...
Processing media/audio/ringtones/Draco.ogg ...
Processing media/audio/ringtones/DreamTheme.ogg ...
Processing media/audio/ringtones/Eastern_Sky.ogg ...
Processing media/audio/ringtones/Enter_the_Nexus.ogg ...
Processing media/audio/ringtones/Eridani.ogg ...
Processing media/audio/ringtones/EtherShake.ogg ...
Processing media/audio/ringtones/FreeFlight.ogg ...
Processing media/audio/ringtones/FriendlyGhost.ogg ...
Processing media/audio/ringtones/Funk_Yall.ogg ...
Processing media/audio/ringtones/GameOverGuitar.ogg ...
Processing media/audio/ringtones/Gimme_Mo_Town.ogg ...
Processing media/audio/ringtones/Girtab.ogg ...
Processing media/audio/ringtones/Glacial_Groove.ogg ...
Processing media/audio/ringtones/Growl.ogg ...
Processing media/audio/ringtones/HalfwayHome.ogg ...
Processing media/audio/ringtones/Hydra.ogg ...
Processing media/audio/ringtones/InsertCoin.ogg ...
Processing media/audio/ringtones/Kuma.ogg ...
Processing media/audio/ringtones/LoopyLounge.ogg ...
Processing media/audio/ringtones/LoveFlute.ogg ...
Processing media/audio/ringtones/Lyra.ogg ...
Processing media/audio/ringtones/Machina.ogg ...
Processing media/audio/ringtones/MidEvilJaunt.ogg ...
Processing media/audio/ringtones/MildlyAlarming.ogg ...
Processing media/audio/ringtones/Nairobi.ogg ...
Processing media/audio/ringtones/Nassau.ogg ...
Processing media/audio/ringtones/NewPlayer.ogg ...
Processing media/audio/ringtones/No_Limits.ogg ...
Processing media/audio/ringtones/Noises1.ogg ...
Processing media/audio/ringtones/Noises2.ogg ...
Processing media/audio/ringtones/Noises3.ogg ...
Processing media/audio/ringtones/OrganDub.ogg ...
Processing media/audio/ringtones/Orion.ogg ...
Processing media/audio/ringtones/PERSEUS.ogg ...
Processing media/audio/ringtones/Paradise_Island.ogg ...
Processing media/audio/ringtones/Pegasus.ogg ...
Processing media/audio/ringtones/Perseus.ogg ...
Processing media/audio/ringtones/Playa.ogg ...
Processing media/audio/ringtones/Pyxis.ogg ...
Processing media/audio/ringtones/Rasalas.ogg ...
Processing media/audio/ringtones/Revelation.ogg ...
Processing media/audio/ringtones/Rigel.ogg ...
Processing media/audio/ringtones/Ring_Classic_02.ogg ...
Processing media/audio/ringtones/Ring_Digital_02.ogg ...
Processing media/audio/ringtones/Ring_Synth_02.ogg ...
Processing media/audio/ringtones/Ring_Synth_04.ogg ...
Processing media/audio/ringtones/Road_Trip.ogg ...
Processing media/audio/ringtones/RomancingTheTone.ogg ...
Processing media/audio/ringtones/Safari.ogg ...
Processing media/audio/ringtones/Savannah.ogg ...
Processing media/audio/ringtones/Scarabaeus.ogg ...
Processing media/audio/ringtones/Sceptrum.ogg ...
Processing media/audio/ringtones/Seville.ogg ...
Processing media/audio/ringtones/Shes_All_That.ogg ...
Processing media/audio/ringtones/SilkyWay.ogg ...
Processing media/audio/ringtones/SitarVsSitar.ogg ...
Processing media/audio/ringtones/Solarium.ogg ...
Processing media/audio/ringtones/SpringyJalopy.ogg ...
Processing media/audio/ringtones/Steppin_Out.ogg ...
Processing media/audio/ringtones/Terminated.ogg ...
Processing media/audio/ringtones/Testudo.ogg ...
Processing media/audio/ringtones/Themos.ogg ...
Processing media/audio/ringtones/Third_Eye.ogg ...
Processing media/audio/ringtones/Thunderfoot.ogg ...
Processing media/audio/ringtones/TwirlAway.ogg ...
Processing media/audio/ringtones/URSAMINOR.ogg ...
Processing media/audio/ringtones/UrsaMinor.ogg ...
Processing media/audio/ringtones/VeryAlarmed.ogg ...
Processing media/audio/ringtones/Vespa.ogg ...
Processing media/audio/ringtones/World.ogg ...
Processing media/audio/ringtones/Zeta.ogg ...
Processing media/audio/ringtones/hydra.ogg ...
Processing media/audio/ui/ChargingStarted.ogg ...
Processing media/audio/ui/Dock.ogg ...
Processing media/audio/ui/Effect_Tick.ogg ...
Processing media/audio/ui/InCallNotification.ogg ...
Processing media/audio/ui/KeypressDelete.ogg ...
Processing media/audio/ui/KeypressInvalid.ogg ...
Processing media/audio/ui/KeypressReturn.ogg ...
Processing media/audio/ui/KeypressSpacebar.ogg ...
Processing media/audio/ui/KeypressStandard.ogg ...
Processing media/audio/ui/Lock.ogg ...
Processing media/audio/ui/LowBattery.ogg ...
Processing media/audio/ui/NFCFailure.ogg ...
Processing media/audio/ui/NFCInitiated.ogg ...
Processing media/audio/ui/NFCSuccess.ogg ...
Processing media/audio/ui/NFCTransferComplete.ogg ...
Processing media/audio/ui/NFCTransferInitiated.ogg ...
Processing media/audio/ui/Trusted.ogg ...
Processing media/audio/ui/Undock.ogg ...
Processing media/audio/ui/Unlock.ogg ...
Processing media/audio/ui/VideoRecord.ogg ...
Processing media/audio/ui/VideoStop.ogg ...
Processing media/audio/ui/WirelessChargingStarted.ogg ...
Processing media/audio/ui/camera_click.ogg ...
Processing media/audio/ui/camera_click_kr.ogg ...
Processing media/audio/ui/camera_focus.ogg ...
Processing media/audio/ui/pen_mono.wav ...
Processing media/audio/ui/pen_sound.ogg ...
Processing overlay/CaptivePortalLoginFrameworkOverlay.apk ...
Processing overlay/DisplayCutoutEmulationCorner ...
Processing overlay/DisplayCutoutEmulationDouble ...
Processing overlay/DisplayCutoutEmulationHole ...
Processing overlay/DisplayCutoutEmulationTall ...
Processing overlay/DisplayCutoutEmulationWaterfall ...
Processing overlay/FontNotoSerifSource ...
Processing overlay/GmsConfigOverlayASI.apk ...
Processing overlay/GmsConfigOverlayCommon.apk ...
Processing overlay/GmsConfigOverlayCommsForWifi.apk ...
Processing overlay/GmsConfigOverlayGSA.apk ...
Processing overlay/GmsConfigOverlayGeotz.apk ...
Processing overlay/GmsConfigOverlayPersonalSafety.apk ...
Processing overlay/GmsConfigOverlayPhotos.apk ...
Processing overlay/GmsConfigOverlaySearchSelector.apk ...
Processing overlay/GoogleConnectivityResOverlay.apk ...
Processing overlay/GoogleDocumentsUIOverlay.apk ...
Processing overlay/GoogleExtServicesConfigOverlay.apk ...
Processing overlay/GoogleNetworkStackOverlay.apk ...
Processing overlay/GooglePermissionControllerFrameworkOverlay.apk ...
Processing overlay/GooglePermissionControllerOverlay.apk ...
Processing overlay/GoogleWifiResOverlay.apk ...
Processing overlay/LenovoLauncherOverlay.apk ...
Processing overlay/LgsiFrameworksOverlay.apk ...
Processing overlay/LgsiSepicalFrameworksOverlay.apk ...
Processing overlay/LgsiSepicalSystemUIOverlay.apk ...
Processing overlay/ModuleMetadataGoogleOverlay.apk ...
Processing overlay/NavigationBarMode3Button ...
Processing overlay/NavigationBarModeGestural ...
Processing overlay/NavigationBarModeGesturalExtraWideBack ...
Processing overlay/NavigationBarModeGesturalNarrowBack ...
Processing overlay/NavigationBarModeGesturalWideBack ...
Processing overlay/NotesRoleEnabled ...
Processing overlay/TransparentNavigationBar ...
Processing overlay/WifiSystemResMainlineOverlay ...
Processing overlay/WifiSystemResOverlay ...
Processing overlay/ZuiDynamicColorOverlay.apk ...
Processing overlay/ZuiSystemUIOverlay.apk ...
Processing overlay/ZuiThemeSettingsOverlayblue.apk ...
Processing overlay/ZuiThemeSettingsOverlaygolden.apk ...
Processing overlay/ZuiThemeSettingsOverlaygrace.apk ...
Processing overlay/ZuiThemeSettingsOverlaylime.apk ...
Processing overlay/ZuiThemeSettingsOverlaymostbeautiful.apk ...
Processing overlay/ZuiThemeSettingsOverlaypink.apk ...
Processing overlay/ZuiThemeSettingsOverlaytabui.apk ...
Processing overlay/ZuiThemeSettingsOverlaythin.apk ...
Processing overlay/framework-res__auto_generated_rro_product.apk ...
Processing overlay/DisplayCutoutEmulationCorner/DisplayCutoutEmulationCornerOverlay.apk ...
Processing overlay/DisplayCutoutEmulationDouble/DisplayCutoutEmulationDoubleOverlay.apk ...
Processing overlay/DisplayCutoutEmulationHole/DisplayCutoutEmulationHoleOverlay.apk ...
Processing overlay/DisplayCutoutEmulationTall/DisplayCutoutEmulationTallOverlay.apk ...
Processing overlay/DisplayCutoutEmulationWaterfall/DisplayCutoutEmulationWaterfallOverlay.apk ...
Processing overlay/FontNotoSerifSource/FontNotoSerifSourceOverlay.apk ...
Processing overlay/NavigationBarMode3Button/NavigationBarMode3ButtonOverlay.apk ...
Processing overlay/NavigationBarModeGestural/NavigationBarModeGesturalOverlay.apk ...
Processing overlay/NavigationBarModeGesturalExtraWideBack/NavigationBarModeGesturalOverlayExtraWideBack.apk ...
Processing overlay/NavigationBarModeGesturalNarrowBack/NavigationBarModeGesturalOverlayNarrowBack.apk ...
Processing overlay/NavigationBarModeGesturalWideBack/NavigationBarModeGesturalOverlayWideBack.apk ...
Processing overlay/NotesRoleEnabled/NotesRoleEnabledOverlay.apk ...
Processing overlay/TransparentNavigationBar/TransparentNavigationBarOverlay.apk ...
Processing overlay/WifiSystemResMainlineOverlay/WifiSystemResMainlineOverlay.apk ...
Processing overlay/WifiSystemResOverlay/WifiSystemResOverlay.apk ...
Processing priv-app/AndroidSystemIntelligence ...
Processing priv-app/AssistantShell ...
Processing priv-app/CrossDeviceServices ...
Processing priv-app/CrossDeviceServicesStub ...
Processing priv-app/EntertainmentSpace ...
Processing priv-app/FamilyLinkParentalControls ...
Processing priv-app/GWP ...
Processing priv-app/LenovoConnect ...
Processing priv-app/Messages ...
Processing priv-app/PersonalSafety ...
Processing priv-app/PrivateComputeServices ...
Processing priv-app/SearchSelector ...
Processing priv-app/Turbo ...
Processing priv-app/Velvet ...
Processing priv-app/Wellbeing ...
Processing priv-app/AndroidSystemIntelligence/AndroidSystemIntelligence.apk ...
Processing priv-app/AndroidSystemIntelligence/oat ...
Processing priv-app/AndroidSystemIntelligence/oat/arm64 ...
Processing priv-app/AndroidSystemIntelligence/oat/arm64/AndroidSystemIntelligence.odex ...
Processing priv-app/AndroidSystemIntelligence/oat/arm64/AndroidSystemIntelligence.vdex ...
Processing priv-app/AssistantShell/AssistantShell.apk ...
Processing priv-app/AssistantShell/oat ...
Processing priv-app/AssistantShell/oat/arm64 ...
Processing priv-app/AssistantShell/oat/arm64/AssistantShell.odex ...
Processing priv-app/AssistantShell/oat/arm64/AssistantShell.vdex ...
Processing priv-app/CrossDeviceServices/CrossDeviceServices.apk ...
Processing priv-app/CrossDeviceServices/oat ...
Processing priv-app/CrossDeviceServices/oat/arm64 ...
Processing priv-app/CrossDeviceServices/oat/arm64/CrossDeviceServices.odex ...
Processing priv-app/CrossDeviceServices/oat/arm64/CrossDeviceServices.vdex ...
Processing priv-app/CrossDeviceServicesStub/CrossDeviceServicesStub.apk ...
Processing priv-app/CrossDeviceServicesStub/oat ...
Processing priv-app/CrossDeviceServicesStub/oat/arm64 ...
Processing priv-app/CrossDeviceServicesStub/oat/arm64/CrossDeviceServicesStub.odex ...
Processing priv-app/CrossDeviceServicesStub/oat/arm64/CrossDeviceServicesStub.vdex ...
Processing priv-app/EntertainmentSpace/EntertainmentSpace.apk ...
Processing priv-app/EntertainmentSpace/oat ...
Processing priv-app/EntertainmentSpace/oat/arm64 ...
Processing priv-app/EntertainmentSpace/oat/arm64/EntertainmentSpace.odex ...
Processing priv-app/EntertainmentSpace/oat/arm64/EntertainmentSpace.vdex ...
Processing priv-app/FamilyLinkParentalControls/FamilyLinkParentalControls.apk ...
Processing priv-app/FamilyLinkParentalControls/oat ...
Processing priv-app/FamilyLinkParentalControls/oat/arm64 ...
Processing priv-app/FamilyLinkParentalControls/oat/arm64/FamilyLinkParentalControls.odex ...
Processing priv-app/FamilyLinkParentalControls/oat/arm64/FamilyLinkParentalControls.vdex ...
Processing priv-app/GWP/GWP.apk ...
Processing priv-app/GWP/oat ...
Processing priv-app/GWP/oat/arm64 ...
Processing priv-app/GWP/oat/arm64/GWP.odex ...
Processing priv-app/GWP/oat/arm64/GWP.vdex ...
Processing priv-app/LenovoConnect/LenovoConnect.apk ...
Processing priv-app/LenovoConnect/oat ...
Processing priv-app/LenovoConnect/oat/arm64 ...
Processing priv-app/LenovoConnect/oat/arm64/LenovoConnect.odex ...
Processing priv-app/LenovoConnect/oat/arm64/LenovoConnect.vdex ...
Processing priv-app/Messages/Messages.apk ...
Processing priv-app/Messages/oat ...
Processing priv-app/Messages/oat/arm64 ...
Processing priv-app/Messages/oat/arm64/Messages.odex ...
Processing priv-app/Messages/oat/arm64/Messages.vdex ...
Processing priv-app/PersonalSafety/PersonalSafety.apk ...
Processing priv-app/PersonalSafety/oat ...
Processing priv-app/PersonalSafety/oat/arm64 ...
Processing priv-app/PersonalSafety/oat/arm64/PersonalSafety.odex ...
Processing priv-app/PersonalSafety/oat/arm64/PersonalSafety.vdex ...
Processing priv-app/PrivateComputeServices/PrivateComputeServices.apk ...
Processing priv-app/PrivateComputeServices/oat ...
Processing priv-app/PrivateComputeServices/oat/arm64 ...
Processing priv-app/PrivateComputeServices/oat/arm64/PrivateComputeServices.odex ...
Processing priv-app/PrivateComputeServices/oat/arm64/PrivateComputeServices.vdex ...
Processing priv-app/SearchSelector/SearchSelector.apk ...
Processing priv-app/SearchSelector/oat ...
Processing priv-app/SearchSelector/oat/arm64 ...
Processing priv-app/SearchSelector/oat/arm64/SearchSelector.odex ...
Processing priv-app/SearchSelector/oat/arm64/SearchSelector.vdex ...
Processing priv-app/Turbo/Turbo.apk ...
Processing priv-app/Turbo/oat ...
Processing priv-app/Turbo/oat/arm64 ...
Processing priv-app/Turbo/oat/arm64/Turbo.odex ...
Processing priv-app/Turbo/oat/arm64/Turbo.vdex ...
Processing priv-app/Velvet/Velvet.apk ...
Processing priv-app/Velvet/oat ...
Processing priv-app/Velvet/oat/arm64 ...
Processing priv-app/Velvet/oat/arm64/Velvet.odex ...
Processing priv-app/Velvet/oat/arm64/Velvet.vdex ...
Processing priv-app/Wellbeing/Wellbeing.apk ...
Processing priv-app/Wellbeing/oat ...
Processing priv-app/Wellbeing/oat/arm64 ...
Processing priv-app/Wellbeing/oat/arm64/Wellbeing.odex ...
Processing priv-app/Wellbeing/oat/arm64/Wellbeing.vdex ...
Processing usr/srec ...
Processing usr/srec/en-US ...
Processing usr/srec/en-US/APP_NAME.fst ...
Processing usr/srec/en-US/APP_NAME.syms ...
Processing usr/srec/en-US/CLG.prewalk.fst ...
Processing usr/srec/en-US/CONTACT.transform.mfar ...
Processing usr/srec/en-US/CONTACT_NAME.fst ...
Processing usr/srec/en-US/CONTACT_NAME.syms ...
Processing usr/srec/en-US/SONG_NAME.fst ...
Processing usr/srec/en-US/SONG_NAME.syms ...
Processing usr/srec/en-US/TERSE_LSTM_LM.lstm_lm.main_model.uint8.data ...
Processing usr/srec/en-US/TERSE_LSTM_LM.lstm_lm.self_normalized_model.uint8.data ...
Processing usr/srec/en-US/TERSE_LSTM_LM.lstm_lm.syms ...
Processing usr/srec/en-US/am_phonemes.syms ...
Processing usr/srec/en-US/c_fst ...
Processing usr/srec/en-US/commands.abnf ...
Processing usr/srec/en-US/compile_grammar.config ...
Processing usr/srec/en-US/config.pumpkin ...
Processing usr/srec/en-US/contacts.abnf ...
Processing usr/srec/en-US/dict ...
Processing usr/srec/en-US/dictation.config ...
Processing usr/srec/en-US/dnn ...
Processing usr/srec/en-US/embedded_class_denorm.mfar ...
Processing usr/srec/en-US/embedded_normalizer.mfar ...
Processing usr/srec/en-US/en-US_app-actions_prompted-app-name_TWIDDLER_FST.fst ...
Processing usr/srec/en-US/en-US_calendar-actions_AddCalendarEvent-Prompted-FieldToChange_TWIDDLER_FST.fst ...
Processing usr/srec/en-US/en-US_confirmation_confirmation-cancellation_TWIDDLER_FST.fst ...
Processing usr/srec/en-US/en-US_gmm-actions_gmm-nav-actions_TWIDDLER_FST.fst ...
Processing usr/srec/en-US/en-US_media-actions_music-service-controllable_TWIDDLER_FST.fst ...
Processing usr/srec/en-US/en-US_monastery_GenericAction-Prompted-ContactName_TWIDDLER_FST.fst ...
Processing usr/srec/en-US/en-US_monastery_contact-disambig-static_TWIDDLER_FST.fst ...
Processing usr/srec/en-US/en-US_read-items_SearchMessageAction-Prompted-Read_TWIDDLER_FST.fst ...
Processing usr/srec/en-US/en-US_read-items_SearchMessageAction-Prompted-Skip_TWIDDLER_FST.fst ...
Processing usr/srec/en-US/en-US_time-actions_time-context_TWIDDLER_FST.fst ...
Processing usr/srec/en-US/endpointer_dictation.config ...
Processing usr/srec/en-US/endpointer_model ...
Processing usr/srec/en-US/endpointer_model.mmap ...
Processing usr/srec/en-US/endpointer_voicesearch.config ...
Processing usr/srec/en-US/ep_portable_mean_stddev ...
Processing usr/srec/en-US/ep_portable_model.uint8.mmap ...
Processing usr/srec/en-US/g2p.data ...
Processing usr/srec/en-US/g2p_fst ...
Processing usr/srec/en-US/g2p_graphemes.syms ...
Processing usr/srec/en-US/g2p_phonemes.syms ...
Processing usr/srec/en-US/grammar.config ...
Processing usr/srec/en-US/hmm_symbols ...
Processing usr/srec/en-US/hmmlist ...
Processing usr/srec/en-US/input_mean_std_dev ...
Processing usr/srec/en-US/lexicon.U.fst ...
Processing usr/srec/en-US/lstm_model.uint8.data ...
Processing usr/srec/en-US/magic_mic.config ...
Processing usr/srec/en-US/metadata ...
Processing usr/srec/en-US/monastery_config.pumpkin ...
Processing usr/srec/en-US/norm_fst ...
Processing usr/srec/en-US/offensive_word_normalizer.mfar ...
Processing usr/srec/en-US/offline_action_data.pb ...
Processing usr/srec/en-US/phonelist ...
Processing usr/srec/en-US/portable_lstm ...
Processing usr/srec/en-US/portable_meanstddev ...
Processing usr/srec/en-US/prons_exception_dictionary_file.txt ...
Processing usr/srec/en-US/pumpkin.mmap ...
Processing usr/srec/en-US/rescoring.fst.compact ...
Processing usr/srec/en-US/semantics.pumpkin ...
Processing usr/srec/en-US/verbalizer_terse.mfar ...
Processing usr/srec/en-US/voice_actions.config ...
Processing usr/srec/en-US/voice_actions_compiler.config ...
Processing usr/srec/en-US/word_confidence_classifier ...
Processing usr/srec/en-US/wordlist.syms ...
Build completed.

------
Filesystem UUID: 6d797374-6963-4000-8000-616c00000013
Filesystem total blocks: 336994 (of 4096-byte blocks)
Filesystem total inodes: 566
Filesystem total metadata blocks: 366
Filesystem total deduplicated bytes (of source files): 0
product_m3: 1380327424 B (oryginal 2792497152B) - TMPFS
/dev/root       145G   63G   82G  44% /
tmpfs           7.9G  1.3G  6.6G  17% /dev/shm
== SYSTEM_EXT: stream -> tmpfs, tree -> dysk ==
# simg2img_stream: sparse v1.0 blk=4096 chunks=7496 raw=9663676416 B
# httpzip: TB350FU_S230982_251013_ROW/image/super.img OK (140 requestow HTTP)
# liblp v10.2; slots=3; bdev=super (9663676416 B); grupy=['default', 'main_a', 'main_b']
# glowy=1310720 B; segmenty: [('odm_dlkm', 1048576, 1396736), ('product', 2097152, 2794594304), ('system', 2795503616, 6474297344), ('system_ext', 6659506176, 7416504320), ('vendor', 7416578048, 8333131776), ('vendor_dlkm', 8334082048, 8365445120)]; only=['system_ext']
P	odm_dlkm	348160
P	product	2792497152
P	system	3678793728
P	system_ext	756998144
P	vendor	916553728
P	vendor_dlkm	31363072
W	odm_dlkm	0	348160	SKIP
W	product	0	2792497152	SKIP
W	system	0	3678793728	SKIP
W	system_ext	756998144	756998144	OK
W	vendor	0	916553728	SKIP
W	vendor_dlkm	0	31363072	SKIP
# simg2img_stream: konsument zamknal pipe (OK)
  pin OK: system_ext = 756998144B
system_ext: img 721M, tree est ~1065M, dysk avail 83270M
-- diag system_ext --
/dev/shm/m3/one/system_ext.img: Linux rev 1.0 ext2 filesystem data, UUID=d42922c1-fac6-52a2-a833-0709b7154c56, volume name "system_ext" (extents) (large files) (huge files)
  MB@8: zer 148682/1048576
  MB@100: zer 288792/1048576
  MB@1000: EOF
  MB@3000: EOF
  ext4 sb: inodes=768 blocks=181877
-- e2fsck -n (odczyt, bez napraw) --
e2fsck 1.47.0 (5-Feb-2023)
system_ext: clean, 701/768 files, 181333/181877 blocks
-- debugfs ls / --
debugfs 1.47.0 (5-Feb-2023)
      2   40755 (2)      0      0    4096  1-Jan-2009 00:00 .
      2   40755 (2)      0      0    4096  1-Jan-2009 00:00 ..
     11   40700 (2)      0      0   16384  1-Jan-2009 00:00 lost+found
     12   40755 (2)      0      0    4096  1-Jan-2009 00:00 apex
     16   40755 (2)      0      0    4096  1-Jan-2009 00:00 app
     42   40751 (2)      0   2000    4096  1-Jan-2009 00:00 bin
     73   40755 (2)      0      0    4096  1-Jan-2009 00:00 etc
    174   40755 (2)      0      0    4096  1-Jan-2009 00:00 framework
    221   40755 (2)      0      0    8192  1-Jan-2009 00:00 lib
    376   40755 (2)      0      0    8192  1-Jan-2009 00:00 lib64
    548   40755 (2)      0      0    4096  1-Jan-2009 00:00 priv-app
    699   40755 (2)      0      0    4096  1-Jan-2009 00:00 usp

system_ext: fs=ext4
system_ext: ext4 (debugfs rdump)
== PURGE GMS (system_ext) ==
/tmp/m3/tree/system_ext/priv-app/GoogleFeedback
/tmp/m3/tree/system_ext/priv-app/EmergencyInfoGms
/tmp/m3/tree/system_ext/priv-app/SetupWizard
/tmp/m3/tree/system_ext/priv-app/GoogleServicesFramework
system_ext: usunieto 4 -> repack
system_ext: konteksty: /tmp/m3/tree/system_ext/etc/selinux/system_ext_file_contexts
selinux_shim: 129 wpisow kontekstowych z /tmp/m3/tree/system_ext/etc/selinux/system_ext_file_contexts
mkfs.erofs 1.8.2-local
Processing / ...
Processing apex ...
Processing app ...
Processing bin ...
Processing etc ...
Processing framework ...
Processing lib ...
Processing lib64 ...
Processing lost+found ...
Processing priv-app ...
Processing usp ...
Processing apex/com.android.vndk.v30.apex ...
Processing apex/com.android.vndk.v31.apex ...
Processing apex/com.android.vndk.v33.apex ...
Processing app/DebugLoggerUI ...
Processing app/LocationEM2 ...
Processing app/MiraVision ...
Processing app/TeeService ...
Processing app/mediatek-res ...
Processing app/DebugLoggerUI/DebugLoggerUI.apk ...
Processing app/DebugLoggerUI/oat ...
Processing app/DebugLoggerUI/oat/arm64 ...
Processing app/DebugLoggerUI/oat/arm64/DebugLoggerUI.odex ...
Processing app/DebugLoggerUI/oat/arm64/DebugLoggerUI.vdex ...
Processing app/LocationEM2/LocationEM2.apk ...
Processing app/LocationEM2/oat ...
Processing app/LocationEM2/oat/arm64 ...
Processing app/LocationEM2/oat/arm64/LocationEM2.odex ...
Processing app/LocationEM2/oat/arm64/LocationEM2.vdex ...
Processing app/MiraVision/MiraVision.apk ...
Processing app/MiraVision/oat ...
Processing app/MiraVision/oat/arm64 ...
Processing app/MiraVision/oat/arm64/MiraVision.odex ...
Processing app/MiraVision/oat/arm64/MiraVision.vdex ...
Processing app/TeeService/TeeService.apk ...
Processing app/TeeService/lib ...
Processing app/TeeService/lib/arm64 ...
Processing app/TeeService/lib/arm64/libTeeServiceJni.so ...
Processing app/mediatek-res/mediatek-res.apk ...
Processing bin/AudioSetParam ...
Processing bin/aee ...
Processing bin/aee_aed ...
Processing bin/aee_aed64 ...
Processing bin/aee_aed64_v2 ...
Processing bin/aee_core_forwarder ...
Processing bin/aee_core_forwarder_v2 ...
Processing bin/aee_dumpstate ...
Processing bin/aee_dumpstate_v2 ...
Processing bin/aee_v2 ...
Processing bin/aeedb ...
Processing bin/aeedb_v2 ...
Processing bin/batterywarning ...
Processing bin/boot_logo_updater ...
Processing bin/connsyslogger ...
Processing bin/fsck.ntfs ...
Processing bin/kpoc_charger ...
Processing bin/lbs_dbg_ext ...
Processing bin/loghidlsysservice ...
Processing bin/mediahelper ...
Processing bin/mobile_log_d ...
Processing bin/mount.ntfs ...
Processing bin/mtk_plpath_utils ...
Processing bin/netdiag ...
Processing bin/omservice ...
Processing bin/rtt ...
Processing bin/rtt_v2 ...
Processing bin/terservice ...
Processing bin/thermald ...
Processing bin/trace ...
Processing etc/NOTICE.xml.gz ...
Processing etc/OVSplitscreen ...
Processing etc/a2dp_audio_policy_configuration.xml ...
Processing etc/a2dp_in_audio_policy_configuration.xml ...
Processing etc/aee-commit ...
Processing etc/aee-config ...
Processing etc/audio_policy_configuration.xml ...
Processing etc/audio_policy_configuration_bluetooth_legacy_hal.xml ...
Processing etc/audio_policy_configuration_stub.xml ...
Processing etc/audio_policy_engine_configuration.xml ...
Processing etc/audio_policy_engine_default_stream_volumes.xml ...
Processing etc/audio_policy_engine_product_strategies.xml ...
Processing etc/audio_policy_engine_stream_volumes.xml ...
Processing etc/audio_policy_volumes.xml ...
Processing etc/bluetooth_audio_policy_configuration.xml ...
Processing etc/build.prop ...
Processing etc/compatconfig ...
Processing etc/custom.conf ...
Processing etc/default-permissions ...
Processing etc/default_volume_tables.xml ...
Processing etc/fs_config_dirs ...
Processing etc/fs_config_files ...
Processing etc/group ...
Processing etc/hearing_aid_audio_policy_configuration.xml ...
Processing etc/init ...
Processing etc/mtklog-config.prop ...
Processing etc/nr-city.xml ...
Processing etc/passwd ...
Processing etc/permissions ...
Processing etc/r_submix_audio_policy_configuration.xml ...
Processing etc/selinux ...
Processing etc/spn-conf.xml ...
Processing etc/sysconfig ...
Processing etc/usb_audio_policy_configuration.xml ...
Processing etc/vintf ...
Processing etc/OVSplitscreen/OVRelaunchBlacklist.xml ...
Processing etc/OVSplitscreen/OVSplitBlacklist.xml ...
Processing etc/compatconfig/settings-platform-compat-config.xml ...
Processing etc/default-permissions/default-permissions-com.motorola.mobiledesktop.core.xml ...
Processing etc/init/aee_aed.rc ...
Processing etc/init/aee_aed64.rc ...
Processing etc/init/aee_aed64_v2.rc ...
Processing etc/init/batterywarning.rc ...
Processing etc/init/bootlogoupdater.rc ...
Processing etc/init/consyslogger.rc ...
Processing etc/init/hw ...
Processing etc/init/init.lbs_dbg.rc ...
Processing etc/init/init.motodestktop.rc ...
Processing etc/init/init.thermald.rc ...
Processing etc/init/kpoc_charger.rc ...
Processing etc/init/loghidlsysservice.rc ...
Processing etc/init/mediaserver_dynamic.rc ...
Processing etc/init/mobile_log_d.rc ...
Processing etc/init/mtk-plpath-utils.rc ...
Processing etc/init/netdiag.rc ...
Processing etc/init/omservice.rc ...
Processing etc/init/terserver.rc ...
Processing etc/init/hw/init.aee.rc ...
Processing etc/init/hw/init.usb.rc ...
Processing etc/init/hw/meta_init.system.rc ...
Processing etc/init/hw/vendor_init_as_system.rc ...
Processing etc/permissions/androidx.window.extensions.xml ...
Processing etc/permissions/androidx.window.sidecar.xml ...
Processing etc/permissions/com.android.carrierconfig.xml ...
Processing etc/permissions/com.android.emergency.xml ...
Processing etc/permissions/com.android.hotwordenrollment.common.util.xml ...
Processing etc/permissions/com.android.settings.intelligence.xml ...
Processing etc/permissions/com.android.settings.xml ...
Processing etc/permissions/com.android.storagemanager.xml ...
Processing etc/permissions/com.dolby.daxservice.xml ...
Processing etc/permissions/com.motorola.mobiledesktop.core.xml ...
Processing etc/permissions/platform.xml ...
Processing etc/permissions/privapp-permissions-com.motorola.mobiledesktop.core.xml ...
Processing etc/permissions/system-ext-permissions-mediatek.xml ...
Processing etc/selinux/bug_map ...
Processing etc/selinux/mapping ...
Processing etc/selinux/system_ext_file_contexts ...
Processing etc/selinux/system_ext_hwservice_contexts ...
Processing etc/selinux/system_ext_mac_permissions.xml ...
Processing etc/selinux/system_ext_property_contexts ...
Processing etc/selinux/system_ext_seapp_contexts ...
Processing etc/selinux/system_ext_sepolicy.cil ...
Processing etc/selinux/system_ext_sepolicy_and_mapping.sha256 ...
Processing etc/selinux/system_ext_service_contexts ...
Processing etc/selinux/mapping/29.0.compat.cil ...
Processing etc/selinux/mapping/30.0.cil ...
Processing etc/selinux/mapping/30.0.compat.cil ...
Processing etc/selinux/mapping/31.0.cil ...
Processing etc/selinux/mapping/31.0.compat.cil ...
Processing etc/selinux/mapping/32.0.compat.cil ...
Processing etc/selinux/mapping/33.0.cil ...
Processing etc/selinux/mapping/33.0.compat.cil ...
Processing etc/selinux/mapping/34.0.cil ...
Processing etc/sysconfig/com.motorola.mobiledesktop.core-powersave.xml ...
Processing etc/sysconfig/initial-package-stopped-states-DebugLoggerUI.xml ...
Processing etc/vintf/manifest ...
Processing etc/vintf/manifest.xml ...
Processing etc/vintf/manifest/mtk-mbrainj-default.xml ...
Processing framework/CapCtrlInterface.jar ...
Processing framework/CustomPropInterface.jar ...
Processing framework/androidx.window.extensions.jar ...
Processing framework/androidx.window.sidecar.jar ...
Processing framework/com.android.hotwordenrollment.common.util.jar ...
Processing framework/log-handler.jar ...
Processing framework/mediatek-carrier-config-manager.jar ...
Processing framework/mediatek-common.jar ...
Processing framework/mediatek-framework.jar ...
Processing framework/mediatek-ims-base.jar ...
Processing framework/mediatek-ims-common.jar ...
Processing framework/mediatek-services.jar ...
Processing framework/mediatek-telecom-common.jar ...
Processing framework/mediatek-telephony-base.jar ...
Processing framework/mediatek-telephony-common.jar ...
Processing framework/oat ...
Processing framework/oat/arm ...
Processing framework/oat/arm64 ...
Processing framework/oat/arm/CapCtrlInterface.odex ...
Processing framework/oat/arm/CapCtrlInterface.vdex ...
Processing framework/oat/arm/CustomPropInterface.odex ...
Processing framework/oat/arm/CustomPropInterface.vdex ...
Processing framework/oat/arm/androidx.window.extensions.odex ...
Processing framework/oat/arm/androidx.window.extensions.vdex ...
Processing framework/oat/arm/androidx.window.sidecar.odex ...
Processing framework/oat/arm/androidx.window.sidecar.vdex ...
Processing framework/oat/arm/com.android.hotwordenrollment.common.util.odex ...
Processing framework/oat/arm/com.android.hotwordenrollment.common.util.vdex ...
Processing framework/oat/arm/log-handler.odex ...
Processing framework/oat/arm/log-handler.vdex ...
Processing framework/oat/arm/mediatek-services.odex ...
Processing framework/oat/arm/mediatek-services.vdex ...
Processing framework/oat/arm64/CapCtrlInterface.odex ...
Processing framework/oat/arm64/CapCtrlInterface.vdex ...
Processing framework/oat/arm64/CustomPropInterface.odex ...
Processing framework/oat/arm64/CustomPropInterface.vdex ...
Processing framework/oat/arm64/androidx.window.extensions.odex ...
Processing framework/oat/arm64/androidx.window.extensions.vdex ...
Processing framework/oat/arm64/androidx.window.sidecar.odex ...
Processing framework/oat/arm64/androidx.window.sidecar.vdex ...
Processing framework/oat/arm64/com.android.hotwordenrollment.common.util.odex ...
Processing framework/oat/arm64/com.android.hotwordenrollment.common.util.vdex ...
Processing framework/oat/arm64/log-handler.odex ...
Processing framework/oat/arm64/log-handler.vdex ...
Processing framework/oat/arm64/mediatek-services.odex ...
Processing framework/oat/arm64/mediatek-services.vdex ...
Processing lib/android.hardware.radio.config@1.1.so ...
Processing lib/android.hardware.radio.config@1.2.so ...
Processing lib/android.hardware.radio.config@1.3.so ...
Processing lib/android.hardware.radio@1.5.so ...
Processing lib/android.hardware.radio@1.6.so ...
Processing lib/libJpegOal.so ...
Processing lib/libMiraVision_jni.so ...
Processing lib/libPQDCjni.so ...
Processing lib/libPQjni.so ...
Processing lib/libTeeClient.so ...
Processing lib/libTeeServiceJni.so ...
Processing lib/lib_remote_simlock.so ...
Processing lib/libaed.so ...
Processing lib/libapuwareapusys.mtk.so ...
Processing lib/libapuwareapusys_v2.mtk.so ...
Processing lib/libapuwarehmp.mtk.so ...
Processing lib/libapuwareutils.mtk.so ...
Processing lib/libapuwareutils_v2.mtk.so ...
Processing lib/libapuwarexrp.mtk.so ...
Processing lib/libapuwarexrp_v2.mtk.so ...
Processing lib/libarmnn_ndk.mtk.so ...
Processing lib/libaudio_param_parser-sys.so ...
Processing lib/libaudio_param_parser-sys@8.1.so ...
Processing lib/libaudio_param_parser-sys@aidl.so ...
Processing lib/libaudiocompensationfilter.so ...
Processing lib/libaudiocomponentengine.so ...
Processing lib/libaudiotoolkit.so ...
Processing lib/libaudioutilmtk.so ...
Processing lib/libbessound_hd_mtk.so ...
Processing lib/libblisrc.so ...
Processing lib/libcmdl_ndk.mtk.so ...
Processing lib/libcompress.so ...
Processing lib/libcustom_jni.so ...
Processing lib/libcustom_prop.so ...
Processing lib/libdisp_dejitter.so ...
Processing lib/libdrmmtkutil.so ...
Processing lib/libdrmmtkwhitelist.so ...
Processing lib/libged_kpi.so ...
Processing lib/libged_sys.so ...
Processing lib/libgpud_sys.so ...
Processing lib/libgralloc_extra_sys.so ...
Processing lib/libgui_debug.so ...
Processing lib/libhdcp_helper.so ...
Processing lib/libjni_pq.so ...
Processing lib/libjpeg-alpha-oal.so ...
Processing lib/libjpeg-alpha.so ...
Processing lib/libmcv_runtime_usdk.mtk.so ...
Processing lib/libmediatek_exceptionlog.so ...
Processing lib/libmtkperf_client.so ...
Processing lib/libmvpu_cic_ci_compiler.mtk.so ...
Processing lib/libmvpu_cic_ci_compiler_25.mtk.so ...
Processing lib/libmvpu_clc_14_mvpu_debuginfo_25.mtk.so ...
Processing lib/libmvpu_clc_14_mvpu_elf_25.mtk.so ...
Processing lib/libmvpu_clc_14_mvpu_utility_25.mtk.so ...
Processing lib/libmvpu_clc_mvpu_debuginfo.mtk.so ...
Processing lib/libmvpu_clc_mvpu_elf.mtk.so ...
Processing lib/libmvpu_clc_mvpu_utility.mtk.so ...
Processing lib/libmvpu_config.mtk.so ...
Processing lib/libmvpu_engine.mtk.so ...
Processing lib/libmvpu_engine_25.mtk.so ...
Processing lib/libmvpu_engine_25_pub.mtk.so ...
Processing lib/libmvpu_engine_pub.mtk.so ...
Processing lib/libmvpu_pattern.mtk.so ...
Processing lib/libmvpu_pattern_25.mtk.so ...
Processing lib/libmvpu_pattern_25_pub.mtk.so ...
Processing lib/libmvpu_pattern_pub.mtk.so ...
Processing lib/libmvpu_runtime.mtk.so ...
Processing lib/libmvpu_runtime_25.mtk.so ...
Processing lib/libmvpu_runtime_25_pub.mtk.so ...
Processing lib/libmvpu_runtime_builtin.mtk.so ...
Processing lib/libmvpu_runtime_builtin_25.mtk.so ...
Processing lib/libmvpu_runtime_pub.mtk.so ...
Processing lib/libmvpuop25_mtk_cv.mtk.so ...
Processing lib/libmvpuop25_mtk_nn.mtk.so ...
Processing lib/libmvpuop_mtk_cv.mtk.so ...
Processing lib/libmvpuop_mtk_nn.mtk.so ...
Processing lib/libnativecheck-jni.so ...
Processing lib/libneuron_graph_delegate.mtk.so ...
Processing lib/libneuronusdk_adapter.mtk.so ...
Processing lib/libneuropilot_hal_utils.so ...
Processing lib/libnir_neon_driver_ndk.mtk.so ...
Processing lib/libperfctl.so ...
Processing lib/libpowerhalwrap.so ...
Processing lib/libpowerhalwrap_jni.so ...
Processing lib/libsf_cpupolicy.so ...
Processing lib/libsf_debug.so ...
Processing lib/libsf_perf.so ...
Processing lib/libsmartpower_jni.so ...
Processing lib/libstagefright_wfd_mtk.so ...
Processing lib/libteeservice_client.trustonic.so ...
Processing lib/libtflite_mtk.mtk.so ...
Processing lib/libtflite_mtk.so ...
Processing lib/libthroughputmode.so ...
Processing lib/libtouch_ll.so ...
Processing lib/libtouch_ll_share.so ...
Processing lib/libudf.so ...
Processing lib/libui_ext.so ...
Processing lib/libvoicerecognition.so ...
Processing lib/libvoicerecognition_jni.so ...
Processing lib/libvow_ap_train_dddd.so ...
Processing lib/libvow_ap_train_hhaa.so ...
Processing lib/libvow_ap_train_hhha.so ...
Processing lib/libvow_ap_train_hhhh.so ...
Processing lib/libvow_ap_train_nnnn.so ...
Processing lib/libvow_ap_train_trip_dddd.so ...
Processing lib/libvow_ap_train_trip_hhaa.so ...
Processing lib/libvow_ap_train_trip_hhha.so ...
Processing lib/libvow_ap_train_trip_hhhh.so ...
Processing lib/libvow_ap_train_trip_nnnn.so ...
Processing lib/libvow_ap_train_trip_znnn.so ...
Processing lib/libvow_ap_train_znnn.so ...
Processing lib/libvow_comp_train.so ...
Processing lib/libvsim-adaptor-client.so ...
Processing lib/libvsync_hint.so ...
Processing lib/libwapi_cert_jni.so ...
Processing lib/motorola.hardware.input@1.0.so ...
Processing lib/motorola.hardware.input@1.1.so ...
Processing lib/vendor.mediatek.hardware.aee-V1-ndk.so ...
Processing lib/vendor.mediatek.hardware.aee@1.0.so ...
Processing lib/vendor.mediatek.hardware.aee@1.1.so ...
Processing lib/vendor.mediatek.hardware.apuware.apusys-V2-ndk.so ...
Processing lib/vendor.mediatek.hardware.apuware.apusys@1.0.so ...
Processing lib/vendor.mediatek.hardware.apuware.apusys@2.0.so ...
Processing lib/vendor.mediatek.hardware.apuware.apusys@2.1.so ...
Processing lib/vendor.mediatek.hardware.apuware.hmp@1.0.so ...
Processing lib/vendor.mediatek.hardware.apuware.utils-V1-ndk.so ...
Processing lib/vendor.mediatek.hardware.apuware.utils@1.0.so ...
Processing lib/vendor.mediatek.hardware.apuware.utils@2.0.so ...
Processing lib/vendor.mediatek.hardware.apuware.xrp@1.0.so ...
Processing lib/vendor.mediatek.hardware.apuware.xrp@2.0.so ...
Processing lib/vendor.mediatek.hardware.audio-V1-ndk.so ...
Processing lib/vendor.mediatek.hardware.audio@7.1.so ...
Processing lib/vendor.mediatek.hardware.audio@8.1.so ...
Processing lib/vendor.mediatek.hardware.mms@1.0.so ...
Processing lib/vendor.mediatek.hardware.mms@1.1.so ...
Processing lib/vendor.mediatek.hardware.mms@1.2.so ...
Processing lib/vendor.mediatek.hardware.mms@1.3.so ...
Processing lib/vendor.mediatek.hardware.mtkpower-V1-ndk.so ...
Processing lib/vendor.mediatek.hardware.mtkpower@1.0.so ...
Processing lib/vendor.mediatek.hardware.mtkpower@1.1.so ...
Processing lib/vendor.mediatek.hardware.mtkpower@1.2.so ...
Processing lib/vendor.mediatek.hardware.mtkpower_applist-V1-ndk.so ...
Processing lib/vendor.mediatek.hardware.mtkradioex.rsu-V1-ndk.so ...
Processing lib/vendor.mediatek.hardware.mtkradioex.se-V1-ndk.so ...
Processing lib/vendor.mediatek.hardware.mtkradioex.sim-V1-ndk.so ...
Processing lib/vendor.mediatek.hardware.mtkradioex@3.0.so ...
Processing lib/vendor.mediatek.hardware.pq@2.0.so ...
Processing lib/vendor.mediatek.hardware.pq@2.1.so ...
Processing lib/vendor.mediatek.hardware.pq@2.2.so ...
Processing lib/vendor.mediatek.hardware.pq@2.3.so ...
Processing lib/vendor.mediatek.hardware.pq_aidl-V2-ndk.so ...
Processing lib/vendor.mediatek.hardware.touchll@1.0.so ...
Processing lib/vendor.trustonic.tee@1.0.so ...
Processing lib/vendor.trustonic.tee@1.1.so ...
Processing lib64/android.hardware.radio.config@1.1.so ...
Processing lib64/android.hardware.radio.config@1.2.so ...
Processing lib64/android.hardware.radio.config@1.3.so ...
Processing lib64/android.hardware.radio@1.5.so ...
Processing lib64/android.hardware.radio@1.6.so ...
Processing lib64/libJpegOal.so ...
Processing lib64/libMiraVision_jni.so ...
Processing lib64/libPQDCjni.so ...
Processing lib64/libPQjni.so ...
Processing lib64/libTeeClient.so ...
Processing lib64/libTeeServiceJni.so ...
Processing lib64/lib_remote_simlock.so ...
Processing lib64/libaed.so ...
Processing lib64/libapu_mdw_ext.mtk.so ...
Processing lib64/libapuwareapusys.mtk.so ...
Processing lib64/libapuwareapusys_v2.mtk.so ...
Processing lib64/libapuwarehmp.mtk.so ...
Processing lib64/libapuwareutils.mtk.so ...
Processing lib64/libapuwareutils_v2.mtk.so ...
Processing lib64/libapuwarexrp.mtk.so ...
Processing lib64/libapuwarexrp_v2.mtk.so ...
Processing lib64/libarmnn_ndk.mtk.so ...
Processing lib64/libaudio_param_parser-sys.so ...
Processing lib64/libaudio_param_parser-sys@8.1.so ...
Processing lib64/libaudio_param_parser-sys@aidl.so ...
Processing lib64/libaudiocompensationfilter.so ...
Processing lib64/libaudiocomponentengine.so ...
Processing lib64/libaudiopolicycustomextensions.so ...
Processing lib64/libaudiotoolkit.so ...
Processing lib64/libaudioutilmtk.so ...
Processing lib64/libbessound_hd_mtk.so ...
Processing lib64/libblisrc.so ...
Processing lib64/libcmdl_ndk.mtk.so ...
Processing lib64/libcomposer_ext.so ...
Processing lib64/libcompress.so ...
Processing lib64/libcustom_jni.so ...
Processing lib64/libcustom_prop.so ...
Processing lib64/libdisp_dejitter.so ...
Processing lib64/libdrmmtkutil.so ...
Processing lib64/libdrmmtkwhitelist.so ...
Processing lib64/libfuse-lite.so ...
Processing lib64/libged_kpi.so ...
Processing lib64/libged_sys.so ...
Processing lib64/libgpud_sys.so ...
Processing lib64/libgralloc_extra_sys.so ...
Processing lib64/libgui_debug.so ...
Processing lib64/libhdcp_helper.so ...
Processing lib64/libjni_pq.so ...
Processing lib64/libjpeg-alpha-oal.so ...
Processing lib64/libjpeg-alpha.so ...
Processing lib64/libmcv_runtime_usdk.mtk.so ...
Processing lib64/libmediatek_exceptionlog.so ...
Processing lib64/libmtk_sf_msync_2_0.so ...
Processing lib64/libmtkperf_client.so ...
Processing lib64/libmvpu_cic_ci_compiler.mtk.so ...
Processing lib64/libmvpu_cic_ci_compiler_25.mtk.so ...
Processing lib64/libmvpu_clc_14_mvpu_debuginfo_25.mtk.so ...
Processing lib64/libmvpu_clc_14_mvpu_elf_25.mtk.so ...
Processing lib64/libmvpu_clc_14_mvpu_utility_25.mtk.so ...
Processing lib64/libmvpu_clc_mvpu_debuginfo.mtk.so ...
Processing lib64/libmvpu_clc_mvpu_elf.mtk.so ...
Processing lib64/libmvpu_clc_mvpu_utility.mtk.so ...
Processing lib64/libmvpu_config.mtk.so ...
Processing lib64/libmvpu_engine.mtk.so ...
Processing lib64/libmvpu_engine_25.mtk.so ...
Processing lib64/libmvpu_engine_25_pub.mtk.so ...
Processing lib64/libmvpu_engine_pub.mtk.so ...
Processing lib64/libmvpu_pattern.mtk.so ...
Processing lib64/libmvpu_pattern_25.mtk.so ...
Processing lib64/libmvpu_pattern_25_pub.mtk.so ...
Processing lib64/libmvpu_pattern_pub.mtk.so ...
Processing lib64/libmvpu_runtime.mtk.so ...
Processing lib64/libmvpu_runtime_25.mtk.so ...
Processing lib64/libmvpu_runtime_25_pub.mtk.so ...
Processing lib64/libmvpu_runtime_builtin.mtk.so ...
Processing lib64/libmvpu_runtime_builtin_25.mtk.so ...
Processing lib64/libmvpu_runtime_pub.mtk.so ...
Processing lib64/libmvpuop25_mtk_cv.mtk.so ...
Processing lib64/libmvpuop25_mtk_nn.mtk.so ...
Processing lib64/libmvpuop_mtk_cv.mtk.so ...
Processing lib64/libmvpuop_mtk_nn.mtk.so ...
Processing lib64/libnativecheck-jni.so ...
Processing lib64/libneuron_graph_delegate.mtk.so ...
Processing lib64/libneuronusdk_adapter.mtk.so ...
Processing lib64/libneuropilot_hal_utils.so ...
Processing lib64/libnir_neon_driver_ndk.mtk.so ...
Processing lib64/libntfs-3g.so ...
Processing lib64/libovbundle.so ...
Processing lib64/libpcap_bak.so ...
Processing lib64/libperfctl.so ...
Processing lib64/libpowerhalwrap.so ...
Processing lib64/libpowerhalwrap_jni.so ...
Processing lib64/libsf_cpupolicy.so ...
Processing lib64/libsf_debug.so ...
Processing lib64/libsf_perf.so ...
Processing lib64/libshowlogo.so ...
Processing lib64/libsmartpower_jni.so ...
Processing lib64/libstagefright_wfd_mtk.so ...
Processing lib64/libteeservice_client.trustonic.so ...
Processing lib64/libterservice.so ...
Processing lib64/libtflite_mtk.mtk.so ...
Processing lib64/libtflite_mtk.so ...
Processing lib64/libthroughputmode.so ...
Processing lib64/libtouch_ll.so ...
Processing lib64/libtouch_ll_share.so ...
Processing lib64/libudf.so ...
Processing lib64/libui_ext.so ...
Processing lib64/libvoicerecognition.so ...
Processing lib64/libvoicerecognition_jni.so ...
Processing lib64/libvow_ap_train_dddd.so ...
Processing lib64/libvow_ap_train_hhaa.so ...
Processing lib64/libvow_ap_train_hhha.so ...
Processing lib64/libvow_ap_train_hhhh.so ...
Processing lib64/libvow_ap_train_nnnn.so ...
Processing lib64/libvow_ap_train_trip_dddd.so ...
Processing lib64/libvow_ap_train_trip_hhaa.so ...
Processing lib64/libvow_ap_train_trip_hhha.so ...
Processing lib64/libvow_ap_train_trip_hhhh.so ...
Processing lib64/libvow_ap_train_trip_nnnn.so ...
Processing lib64/libvow_ap_train_trip_znnn.so ...
Processing lib64/libvow_ap_train_znnn.so ...
Processing lib64/libvow_comp_train.so ...
Processing lib64/libvsim-adaptor-client.so ...
Processing lib64/libvsync_hint.so ...
Processing lib64/libwapi_cert_jni.so ...
Processing lib64/motorola.hardware.input@1.0.so ...
Processing lib64/motorola.hardware.input@1.1.so ...
Processing lib64/vendor.mediatek.framework.mtksf_ext-V3-ndk.so ...
Processing lib64/vendor.mediatek.hardware.aee-V1-ndk.so ...
Processing lib64/vendor.mediatek.hardware.aee@1.0.so ...
Processing lib64/vendor.mediatek.hardware.aee@1.1.so ...
Processing lib64/vendor.mediatek.hardware.apuware.apusys-V2-ndk.so ...
Processing lib64/vendor.mediatek.hardware.apuware.apusys@1.0.so ...
Processing lib64/vendor.mediatek.hardware.apuware.apusys@2.0.so ...
Processing lib64/vendor.mediatek.hardware.apuware.apusys@2.1.so ...
Processing lib64/vendor.mediatek.hardware.apuware.hmp@1.0.so ...
Processing lib64/vendor.mediatek.hardware.apuware.utils-V1-ndk.so ...
Processing lib64/vendor.mediatek.hardware.apuware.utils@1.0.so ...
Processing lib64/vendor.mediatek.hardware.apuware.utils@2.0.so ...
Processing lib64/vendor.mediatek.hardware.apuware.xrp@1.0.so ...
Processing lib64/vendor.mediatek.hardware.apuware.xrp@2.0.so ...
Processing lib64/vendor.mediatek.hardware.audio-V1-ndk.so ...
Processing lib64/vendor.mediatek.hardware.audio@7.1.so ...
Processing lib64/vendor.mediatek.hardware.audio@8.1.so ...
Processing lib64/vendor.mediatek.hardware.camera.atms@1.0.so ...
Processing lib64/vendor.mediatek.hardware.composer_ext-V1-ndk.so ...
Processing lib64/vendor.mediatek.hardware.composer_ext@1.0.so ...
Processing lib64/vendor.mediatek.hardware.lbs@1.0.so ...
Processing lib64/vendor.mediatek.hardware.log-V1-ndk.so ...
Processing lib64/vendor.mediatek.hardware.log@1.0.so ...
Processing lib64/vendor.mediatek.hardware.mms@1.0.so ...
Processing lib64/vendor.mediatek.hardware.mms@1.1.so ...
Processing lib64/vendor.mediatek.hardware.mms@1.2.so ...
Processing lib64/vendor.mediatek.hardware.mms@1.3.so ...
Processing lib64/vendor.mediatek.hardware.mtkpower-V1-ndk.so ...
Processing lib64/vendor.mediatek.hardware.mtkpower@1.0.so ...
Processing lib64/vendor.mediatek.hardware.mtkpower@1.1.so ...
Processing lib64/vendor.mediatek.hardware.mtkpower@1.2.so ...
Processing lib64/vendor.mediatek.hardware.mtkpower_applist-V1-ndk.so ...
Processing lib64/vendor.mediatek.hardware.mtkradioex.rsu-V1-ndk.so ...
Processing lib64/vendor.mediatek.hardware.mtkradioex.se-V1-ndk.so ...
Processing lib64/vendor.mediatek.hardware.mtkradioex.sim-V1-ndk.so ...
Processing lib64/vendor.mediatek.hardware.mtkradioex@3.0.so ...
Processing lib64/vendor.mediatek.hardware.pq@2.0.so ...
Processing lib64/vendor.mediatek.hardware.pq@2.1.so ...
Processing lib64/vendor.mediatek.hardware.pq@2.2.so ...
Processing lib64/vendor.mediatek.hardware.pq@2.3.so ...
Processing lib64/vendor.mediatek.hardware.pq_aidl-V2-ndk.so ...
Processing lib64/vendor.mediatek.hardware.touchll@1.0.so ...
Processing lib64/vendor.trustonic.tee@1.0.so ...
Processing lib64/vendor.trustonic.tee@1.1.so ...
Processing priv-app/AccessibilityMenu ...
Processing priv-app/CallRecorderService ...
Processing priv-app/CarrierConfig ...
Processing priv-app/GeofenceService ...
Processing priv-app/LPPeService ...
Processing priv-app/MtkCapCtrl ...
Processing priv-app/MtkEmergencyInfo ...
Processing priv-app/MtkGbaService ...
Processing priv-app/MtkSettings ...
Processing priv-app/MtkSettingsProvider ...
Processing priv-app/ReadyForCore ...
Processing priv-app/SettingsIntelligence ...
Processing priv-app/SmartRatSwitch ...
Processing priv-app/StorageManager ...
Processing priv-app/VoiceCommand ...
Processing priv-app/VoiceUnlock ...
Processing priv-app/WallpaperCropper ...
Processing priv-app/WapiCertManager ...
Processing priv-app/daxService ...
Processing priv-app/AccessibilityMenu/AccessibilityMenu.apk ...
Processing priv-app/AccessibilityMenu/oat ...
Processing priv-app/AccessibilityMenu/oat/arm64 ...
Processing priv-app/AccessibilityMenu/oat/arm64/AccessibilityMenu.odex ...
Processing priv-app/AccessibilityMenu/oat/arm64/AccessibilityMenu.vdex ...
Processing priv-app/CallRecorderService/CallRecorderService.apk ...
Processing priv-app/CallRecorderService/oat ...
Processing priv-app/CallRecorderService/oat/arm64 ...
Processing priv-app/CallRecorderService/oat/arm64/CallRecorderService.odex ...
Processing priv-app/CallRecorderService/oat/arm64/CallRecorderService.vdex ...
Processing priv-app/CarrierConfig/CarrierConfig.apk ...
Processing priv-app/CarrierConfig/oat ...
Processing priv-app/CarrierConfig/oat/arm64 ...
Processing priv-app/CarrierConfig/oat/arm64/CarrierConfig.odex ...
Processing priv-app/CarrierConfig/oat/arm64/CarrierConfig.vdex ...
Processing priv-app/GeofenceService/GeofenceService.apk ...
Processing priv-app/GeofenceService/oat ...
Processing priv-app/GeofenceService/oat/arm64 ...
Processing priv-app/GeofenceService/oat/arm64/GeofenceService.odex ...
Processing priv-app/GeofenceService/oat/arm64/GeofenceService.vdex ...
Processing priv-app/LPPeService/LPPeService.apk ...
Processing priv-app/LPPeService/oat ...
Processing priv-app/LPPeService/oat/arm64 ...
Processing priv-app/LPPeService/oat/arm64/LPPeService.odex ...
Processing priv-app/LPPeService/oat/arm64/LPPeService.vdex ...
Processing priv-app/MtkCapCtrl/MtkCapCtrl.apk ...
Processing priv-app/MtkCapCtrl/oat ...
Processing priv-app/MtkCapCtrl/oat/arm64 ...
Processing priv-app/MtkCapCtrl/oat/arm64/MtkCapCtrl.odex ...
Processing priv-app/MtkCapCtrl/oat/arm64/MtkCapCtrl.vdex ...
Processing priv-app/MtkEmergencyInfo/MtkEmergencyInfo.apk ...
Processing priv-app/MtkEmergencyInfo/oat ...
Processing priv-app/MtkEmergencyInfo/oat/arm64 ...
Processing priv-app/MtkEmergencyInfo/oat/arm64/MtkEmergencyInfo.odex ...
Processing priv-app/MtkEmergencyInfo/oat/arm64/MtkEmergencyInfo.vdex ...
Processing priv-app/MtkGbaService/MtkGbaService.apk ...
Processing priv-app/MtkGbaService/oat ...
Processing priv-app/MtkGbaService/oat/arm64 ...
Processing priv-app/MtkGbaService/oat/arm64/MtkGbaService.odex ...
Processing priv-app/MtkGbaService/oat/arm64/MtkGbaService.vdex ...
Processing priv-app/MtkSettings/MtkSettings.apk ...
Processing priv-app/MtkSettings/oat ...
Processing priv-app/MtkSettings/oat/arm64 ...
Processing priv-app/MtkSettings/oat/arm64/MtkSettings.odex ...
Processing priv-app/MtkSettings/oat/arm64/MtkSettings.vdex ...
Processing priv-app/MtkSettingsProvider/MtkSettingsProvider.apk ...
Processing priv-app/MtkSettingsProvider/oat ...
Processing priv-app/MtkSettingsProvider/oat/arm64 ...
Processing priv-app/MtkSettingsProvider/oat/arm64/MtkSettingsProvider.odex ...
Processing priv-app/MtkSettingsProvider/oat/arm64/MtkSettingsProvider.vdex ...
Processing priv-app/ReadyForCore/ReadyForCore.apk ...
Processing priv-app/SettingsIntelligence/SettingsIntelligence.apk ...
Processing priv-app/SettingsIntelligence/oat ...
Processing priv-app/SettingsIntelligence/oat/arm64 ...
Processing priv-app/SettingsIntelligence/oat/arm64/SettingsIntelligence.odex ...
Processing priv-app/SettingsIntelligence/oat/arm64/SettingsIntelligence.vdex ...
Processing priv-app/SmartRatSwitch/SmartRatSwitch.apk ...
Processing priv-app/SmartRatSwitch/oat ...
Processing priv-app/SmartRatSwitch/oat/arm64 ...
Processing priv-app/SmartRatSwitch/oat/arm64/SmartRatSwitch.odex ...
Processing priv-app/SmartRatSwitch/oat/arm64/SmartRatSwitch.vdex ...
Processing priv-app/StorageManager/StorageManager.apk ...
Processing priv-app/StorageManager/oat ...
Processing priv-app/StorageManager/oat/arm64 ...
Processing priv-app/StorageManager/oat/arm64/StorageManager.odex ...
Processing priv-app/StorageManager/oat/arm64/StorageManager.vdex ...
Processing priv-app/VoiceCommand/VoiceCommand.apk ...
Processing priv-app/VoiceCommand/lib ...
Processing priv-app/VoiceCommand/oat ...
Processing priv-app/VoiceCommand/lib/arm ...
Processing priv-app/VoiceCommand/lib/arm64 ...
Processing priv-app/VoiceCommand/lib/arm/libvoicerecognition_jni.so ...
Processing priv-app/VoiceCommand/lib/arm64/libvoicerecognition_jni.so ...
Processing priv-app/VoiceCommand/oat/arm ...
Processing priv-app/VoiceCommand/oat/arm64 ...
Processing priv-app/VoiceCommand/oat/arm/VoiceCommand.odex ...
Processing priv-app/VoiceCommand/oat/arm/VoiceCommand.vdex ...
Processing priv-app/VoiceCommand/oat/arm64/VoiceCommand.odex ...
Processing priv-app/VoiceCommand/oat/arm64/VoiceCommand.vdex ...
Processing priv-app/VoiceUnlock/VoiceUnlock.apk ...
Processing priv-app/VoiceUnlock/oat ...
Processing priv-app/VoiceUnlock/oat/arm64 ...
Processing priv-app/VoiceUnlock/oat/arm64/VoiceUnlock.odex ...
Processing priv-app/VoiceUnlock/oat/arm64/VoiceUnlock.vdex ...
Processing priv-app/WallpaperCropper/WallpaperCropper.apk ...
Processing priv-app/WallpaperCropper/oat ...
Processing priv-app/WallpaperCropper/oat/arm64 ...
Processing priv-app/WallpaperCropper/oat/arm64/WallpaperCropper.odex ...
Processing priv-app/WallpaperCropper/oat/arm64/WallpaperCropper.vdex ...
Processing priv-app/WapiCertManager/WapiCertManager.apk ...
Processing priv-app/WapiCertManager/lib ...
Processing priv-app/WapiCertManager/oat ...
Processing priv-app/WapiCertManager/lib/arm ...
Processing priv-app/WapiCertManager/lib/arm64 ...
Processing priv-app/WapiCertManager/lib/arm/libwapi_cert_jni.so ...
Processing priv-app/WapiCertManager/lib/arm64/libwapi_cert_jni.so ...
Processing priv-app/WapiCertManager/oat/arm ...
Processing priv-app/WapiCertManager/oat/arm64 ...
Processing priv-app/WapiCertManager/oat/arm/WapiCertManager.odex ...
Processing priv-app/WapiCertManager/oat/arm/WapiCertManager.vdex ...
Processing priv-app/WapiCertManager/oat/arm64/WapiCertManager.odex ...
Processing priv-app/WapiCertManager/oat/arm64/WapiCertManager.vdex ...
Processing priv-app/daxService/daxService.apk ...
Processing priv-app/daxService/oat ...
Processing priv-app/daxService/oat/arm64 ...
Processing priv-app/daxService/oat/arm64/daxService.odex ...
Processing priv-app/daxService/oat/arm64/daxService.vdex ...
Processing usp/usp-content-OP00.txt ...
Processing usp/usp-info.txt ...
Build completed.

------
Filesystem UUID: 6d797374-6963-4000-8000-616c00000023
Filesystem total blocks: 109358 (of 4096-byte blocks)
Filesystem total inodes: 666
Filesystem total metadata blocks: 131
Filesystem total deduplicated bytes (of source files): 0
system_ext_m3: 447930368 B (oryginal 756998144B) - TMPFS
/dev/root       145G   63G   82G  44% /
tmpfs           7.9G  1.8G  6.2G  22% /dev/shm
== VENDOR+VENDOR_DLKM+ODM_DLKM: stream -> DYSK (bez modyfikacji) ==
# simg2img_stream: sparse v1.0 blk=4096 chunks=7496 raw=9663676416 B
# httpzip: TB350FU_S230982_251013_ROW/image/super.img OK (140 requestow HTTP)
# liblp v10.2; slots=3; bdev=super (9663676416 B); grupy=['default', 'main_a', 'main_b']
# glowy=1310720 B; segmenty: [('odm_dlkm', 1048576, 1396736), ('product', 2097152, 2794594304), ('system', 2795503616, 6474297344), ('system_ext', 6659506176, 7416504320), ('vendor', 7416578048, 8333131776), ('vendor_dlkm', 8334082048, 8365445120)]; only=['odm_dlkm', 'vendor', 'vendor_dlkm']
P	odm_dlkm	348160
P	product	2792497152
P	system	3678793728
P	system_ext	756998144
P	vendor	916553728
P	vendor_dlkm	31363072
W	odm_dlkm	348160	348160	OK
W	product	0	2792497152	SKIP
W	system	0	3678793728	SKIP
W	system_ext	0	756998144	SKIP
W	vendor	916553728	916553728	OK
W	vendor_dlkm	31363072	31363072	OK
# simg2img_stream: konsument zamknal pipe (OK)
== ZAMIANA: ext_m3 tmpfs->dysk; vendor* dysk->tmpfs ==
tmpfs avail 6252M (+427M po przeniesieniu ext na dysk); vendor* razem ~954M
zamiana OK (ext na dysk, vendor* w tmpfs)
== STAN KONCOWY ==
-- dysk (/tmp/m3/img):
total 3938496
drwxr-xr-x 2 runner runner       4096 Oct  3 15:19 .
drwxr-xr-x 9 runner runner       4096 Oct  3 14:55 ..
-rw-r--r-- 1 runner runner 3585077248 Oct  3 14:55 system.img
-rw-r--r-- 1 runner runner  447930368 Oct  3 15:10 system_ext.img
-- tmpfs (/dev/shm/m3/m3):
total 2274016
drwxr-xr-x 2 runner runner        120 Oct  3 15:19 .
drwxr-xr-x 4 runner runner         80 Oct  3 14:45 ..
-rw-r--r-- 1 runner runner     348160 Oct  3 15:11 odm_dlkm.img
-rw-r--r-- 1 runner runner 1380327424 Oct  3 15:03 product.img
-rw-r--r-- 1 runner runner  916553728 Oct  3 15:19 vendor.img
-rw-r--r-- 1 runner runner   31363072 Oct  3 15:19 vendor_dlkm.img
STREAM+PURGE+INJECT+REPACK kompletny
/dev/root       145G   64G   81G  44% /
tmpfs           7.9G  2.2G  5.7G  28% /dev/shm
  system_a: 3585077248 -> 3585077248 B (/tmp/m3/img/system.img)
  system_ext_a: 447930368 -> 447930368 B (/tmp/m3/img/system_ext.img)
  product_a: 1380327424 -> 1380327424 B (/dev/shm/m3/m3/product.img)
  vendor_a: 916553728 -> 916553728 B (/dev/shm/m3/m3/vendor.img)
  vendor_dlkm_a: 31363072 -> 31363072 B (/dev/shm/m3/m3/vendor_dlkm.img)
  odm_dlkm_a: 348160 -> 348160 B (/dev/shm/m3/m3/odm_dlkm.img)
SUMA partycji _a: 6361600000 B; budzet main_a: 9661579264 B
peak estymowany: 7718084864 B (7G); avail: 86865674240 B (80G)
3601858560 /tmp/m3/img/system.img
4049793024 /tmp/m3/img/system_ext.img
5430124544 /dev/shm/m3/m3/product.img
6346682368 /dev/shm/m3/m3/vendor.img
6378049536 /dev/shm/m3/m3/vendor_dlkm.img
6378401792 /dev/shm/m3/m3/odm_dlkm.img
10-03 15:19:22.645  4542  4542 I lpmake  : builder.cpp:1093 [liblp] Partition system_a will resize from 0 bytes to 3585077248 bytes
10-03 15:19:22.645  4542  4542 I lpmake  : builder.cpp:1093 [liblp] Partition system_ext_a will resize from 0 bytes to 447930368 bytes
10-03 15:19:22.645  4542  4542 I lpmake  : builder.cpp:1093 [liblp] Partition product_a will resize from 0 bytes to 1380327424 bytes
10-03 15:19:22.645  4542  4542 I lpmake  : builder.cpp:1093 [liblp] Partition vendor_a will resize from 0 bytes to 916553728 bytes
10-03 15:19:22.645  4542  4542 I lpmake  : builder.cpp:1093 [liblp] Partition vendor_dlkm_a will resize from 0 bytes to 31363072 bytes
10-03 15:19:22.645  4542  4542 I lpmake  : builder.cpp:1093 [liblp] Partition odm_dlkm_a will resize from 0 bytes to 348160 bytes
Invalid sparse file format at header magic
Invalid sparse file format at header magic
Invalid sparse file format at header magic
Invalid sparse file format at header magic
Invalid sparse file format at header magic
Invalid sparse file format at header magic
== watcher ==
[watcher] rm system.img @ sparse=4694376448
[watcher] rm system_ext.img @ sparse=4694376448
[watcher] rm product.img @ sparse=5962985472
-rw-r--r-- 1 runner runner 6357072936 Oct  3 15:19 /tmp/m3/super_m3_sparse.img
glowa 4194304 B zrekonstruowana z 526 chunkow (device 9663676416 B)
== GEOMETRY ==
  magic: 0x616c4467
  struct_size: 52
  metadata_max_size: 65536
  metadata_slot_count: 3
  logical_block_size: 4096
== BLOCK DEVICES ==
  super: size=9663676416 (9.664 GB) align=1048576 flags=0x0
== GROUPS ==
  default: max_size=0 (0.000 GB) flags=0x0
  main_a: max_size=9661579264 (9.662 GB) flags=0x0
== PARTITIONS ==
  system_a: group=main_a attrs=0x1 extents=1
  system_ext_a: group=main_a attrs=0x1 extents=1
  product_a: group=main_a attrs=0x1 extents=1
  vendor_a: group=main_a attrs=0x1 extents=1
  vendor_dlkm_a: group=main_a attrs=0x1 extents=1
  odm_dlkm_a: group=main_a attrs=0x1 extents=1
== EXTENTS (sumy sektorow na partycje) ==
  system_a: 3585077248 B (3.585 GB)
  system_ext_a: 447930368 B (0.448 GB)
  product_a: 1380327424 B (1.380 GB)
  vendor_a: 916553728 B (0.917 GB)
  vendor_dlkm_a: 31363072 B (0.031 GB)
  odm_dlkm_a: 348160 B (0.000 GB)
GEOMETRIA zbudowanego super: ZWERYFIKOWANA (lpinfo na glowie sparse)
/dev/root       145G   66G   79G  46% /
tmpfs           7.9G   84K  7.9G   1% /dev/shm
super sparse: 6357072936 B -> 32 czastek po ~199229440 B (cel: 32)
czastek na partie (tmpfs cap ~3,2G): 16
partia ogonowa: czastki [16, 32) = 3169401896 B (offset 3187671040)
/dev/root       145G   66G   79G  46% /
tmpfs           7.9G   84K  7.9G   1% /dev/shm
czastki glowne: [0, 16) = 3187671040 B
czastek: 32 (rozmiary: 6.0G)
parts=32
chunk=199229440
size_sparse=6357072936
sha256_sparse_zlozony=1583b27dcc85b2b916eba1e558e58e0165b0cb0a884f1a44b11fe180e034578f
total 6273656
drwxr-xr-x 2 runner runner      4096 Oct  3 15:19 .
drwxr-xr-x 9 runner runner      4096 Oct  3 15:19 ..
-rw-r--r-- 1 runner runner      1495 Oct  3 15:19 FLASH-M3.md
-rw-r--r-- 1 runner runner      3251 Oct  3 15:19 SHA256SUMS.txt
-rw-r--r-- 1 runner runner  67108864 Oct  3 15:19 boot_TB350FU_S230982_251013_ROW.img
-rw-r--r-- 1 runner runner      3768 Oct  3 15:19 simg2img.py
-rwxr-xr-x 1 runner runner       201 Oct  3 15:19 sprawdz.sh
-rw-r--r-- 1 runner runner       135 Oct  3 15:20 super.manifest
-rw-r--r-- 1 runner runner 199229440 Oct  3 15:19 super_mystical3.part.00
-rw-r--r-- 1 runner runner 199229440 Oct  3 15:19 super_mystical3.part.01
-rw-r--r-- 1 runner runner 199229440 Oct  3 15:19 super_mystical3.part.02
-rw-r--r-- 1 runner runner 199229440 Oct  3 15:19 super_mystical3.part.03
-rw-r--r-- 1 runner runner 199229440 Oct  3 15:19 super_mystical3.part.04
-rw-r--r-- 1 runner runner 199229440 Oct  3 15:19 super_mystical3.part.05
-rw-r--r-- 1 runner runner 199229440 Oct  3 15:19 super_mystical3.part.06
-rw-r--r-- 1 runner runner 199229440 Oct  3 15:19 super_mystical3.part.07
-rw-r--r-- 1 runner runner 199229440 Oct  3 15:19 super_mystical3.part.08
-rw-r--r-- 1 runner runner 199229440 Oct  3 15:19 super_mystical3.part.09
-rw-r--r-- 1 runner runner 199229440 Oct  3 15:19 super_mystical3.part.10
-rw-r--r-- 1 runner runner 199229440 Oct  3 15:19 super_mystical3.part.11
-rw-r--r-- 1 runner runner 199229440 Oct  3 15:19 super_mystical3.part.12
-rw-r--r-- 1 runner runner 199229440 Oct  3 15:19 super_mystical3.part.13
-rw-r--r-- 1 runner runner 199229440 Oct  3 15:19 super_mystical3.part.14
-rw-r--r-- 1 runner runner 199229440 Oct  3 15:19 super_mystical3.part.15
-rw-r--r-- 1 runner runner 199229440 Oct  3 15:19 super_mystical3.part.16
-rw-r--r-- 1 runner runner 199229440 Oct  3 15:19 super_mystical3.part.17
-rw-r--r-- 1 runner runner 199229440 Oct  3 15:19 super_mystical3.part.18
-rw-r--r-- 1 runner runner 199229440 Oct  3 15:19 super_mystical3.part.19
-rw-r--r-- 1 runner runner 199229440 Oct  3 15:19 super_mystical3.part.20
-rw-r--r-- 1 runner runner 199229440 Oct  3 15:19 super_mystical3.part.21
-rw-r--r-- 1 runner runner 199229440 Oct  3 15:19 super_mystical3.part.22
-rw-r--r-- 1 runner runner 199229440 Oct  3 15:19 super_mystical3.part.23
-rw-r--r-- 1 runner runner 199229440 Oct  3 15:19 super_mystical3.part.24
-rw-r--r-- 1 runner runner 199229440 Oct  3 15:19 super_mystical3.part.25
-rw-r--r-- 1 runner runner 199229440 Oct  3 15:19 super_mystical3.part.26
-rw-r--r-- 1 runner runner 199229440 Oct  3 15:19 super_mystical3.part.27
-rw-r--r-- 1 runner runner 199229440 Oct  3 15:19 super_mystical3.part.28
-rw-r--r-- 1 runner runner 199229440 Oct  3 15:19 super_mystical3.part.29
-rw-r--r-- 1 runner runner 199229440 Oct  3 15:19 super_mystical3.part.30
-rw-r--r-- 1 runner runner 180960296 Oct  3 15:19 super_mystical3.part.31
-rw-r--r-- 1 runner runner      8192 Oct  3 15:19 vbmeta_disable.img
-rw-r--r-- 1 runner runner      4096 Oct  3 15:19 vbmeta_system_disable.img
-rw-r--r-- 1 runner runner      4096 Oct  3 15:19 vbmeta_vendor_disable.img
/dev/root       145G   66G   79G  46% /
tmpfs           7.9G   84K  7.9G   1% /dev/shm
https://github.com/blukeryellow-arch/Lenovo-Tab-P11-Gen-2-HyperOS-4-CN-HyperOS-4-from-Xiaomi-Pad-9-Pro-Max-/releases/tag/mysticalos-3-super
upload OK: super_mystical3.part.00
upload OK: super_mystical3.part.01
upload OK: super_mystical3.part.02
upload OK: super_mystical3.part.03
upload OK: super_mystical3.part.04
upload OK: super_mystical3.part.05
upload OK: super_mystical3.part.06
upload OK: super_mystical3.part.07
upload OK: super_mystical3.part.08
upload OK: super_mystical3.part.09
upload OK: super_mystical3.part.10
upload OK: super_mystical3.part.11
upload OK: super_mystical3.part.12
upload OK: super_mystical3.part.13
upload OK: super_mystical3.part.14
upload OK: super_mystical3.part.15
upload OK: super_mystical3.part.16
upload OK: super_mystical3.part.17
upload OK: super_mystical3.part.18
upload OK: super_mystical3.part.19
upload OK: super_mystical3.part.20
upload OK: super_mystical3.part.21
upload OK: super_mystical3.part.22
upload OK: super_mystical3.part.23
upload OK: super_mystical3.part.24
upload OK: super_mystical3.part.25
upload OK: super_mystical3.part.26
upload OK: super_mystical3.part.27
upload OK: super_mystical3.part.28
upload OK: super_mystical3.part.29
upload OK: super_mystical3.part.30
upload OK: super_mystical3.part.31
https://github.com/blukeryellow-arch/Lenovo-Tab-P11-Gen-2-HyperOS-4-CN-HyperOS-4-from-Xiaomi-Pad-9-Pro-Max-/releases/tag/mysticalos-3-super
boot_TB350FU_S230982_251013_ROW.img 67108864B [uploaded]
FLASH-M3.md 1495B [uploaded]
SHA256SUMS.txt 3251B [uploaded]
simg2img.py 3768B [uploaded]
sprawdz.sh 201B [uploaded]
super.manifest 135B [uploaded]
super_mystical3.part.00 199229440B [uploaded]
super_mystical3.part.01 199229440B [uploaded]
super_mystical3.part.02 199229440B [uploaded]
super_mystical3.part.03 199229440B [uploaded]
super_mystical3.part.04 199229440B [uploaded]
super_mystical3.part.05 199229440B [uploaded]
super_mystical3.part.06 199229440B [uploaded]
super_mystical3.part.07 199229440B [uploaded]
super_mystical3.part.08 199229440B [uploaded]
super_mystical3.part.09 199229440B [uploaded]
super_mystical3.part.10 199229440B [uploaded]
super_mystical3.part.11 199229440B [uploaded]
super_mystical3.part.12 199229440B [uploaded]
super_mystical3.part.13 199229440B [uploaded]
super_mystical3.part.14 199229440B [uploaded]
super_mystical3.part.15 199229440B [uploaded]
super_mystical3.part.16 199229440B [uploaded]
super_mystical3.part.17 199229440B [uploaded]
super_mystical3.part.18 199229440B [uploaded]
super_mystical3.part.19 199229440B [uploaded]
super_mystical3.part.20 199229440B [uploaded]
super_mystical3.part.21 199229440B [uploaded]
super_mystical3.part.22 199229440B [uploaded]
super_mystical3.part.23 199229440B [uploaded]
super_mystical3.part.24 199229440B [uploaded]
super_mystical3.part.25 199229440B [uploaded]
super_mystical3.part.26 199229440B [uploaded]
super_mystical3.part.27 199229440B [uploaded]
super_mystical3.part.28 199229440B [uploaded]
super_mystical3.part.29 199229440B [uploaded]
super_mystical3.part.30 199229440B [uploaded]
super_mystical3.part.31 180960296B [uploaded]
vbmeta_disable.img 8192B [uploaded]
vbmeta_system_disable.img 4096B [uploaded]
vbmeta_vendor_disable.img 4096B [uploaded]
=== transferarch ===
  transferarch -> https://bunnynetassets.b-cdn.net/error.png (HTTP/2 200 , len=9694)
=== gofile ===
  gofile -> https://gofile.io/d/Bc5KvdBG (HTTP/2 200 , len=3358)
=== bashupload ===
  bashupload: brak url
=== tempsh ===
  tempsh: brak url
=== oshiat ===
  oshiat -> https://curl.se/docs/sslcerts.html (HTTP/2 200 , len=12891)
=== filebin ===
  filebin: brak url
=== litterbox72 ===
  litterbox72 -> https://www.bunkerweb.io/?utm_campaign=self&utm_source=bwerror (HTTP/2 200 , len=?)
--- raport ---
### Bezposrednie linki pobierania (MysticalOS3_kit-A.tar, 3254804480 B)
## transferarch
- link: https://bunnynetassets.b-cdn.net/error.png
- probe: HTTP/2 200  | content-length: 9694 (oczekiwane 3254804480)

## gofile
- link: https://gofile.io/d/Bc5KvdBG
- probe: HTTP/2 200  | content-length: 3358 (oczekiwane 3254804480)

## bashupload: UPLOAD NIEUDANY
curl: (6) Could not resolve host: bashupload.com

## tempsh: UPLOAD NIEUDANY
<!DOCTYPE HTML PUBLIC "-//W3C//DTD HTML 3.2 Final//EN">
<title>404 Not Found</title>
<h1>Not Found</h1>

## oshiat
- link: https://curl.se/docs/sslcerts.html
- probe: HTTP/2 200  | content-length: 12891 (oczekiwane 3254804480)

## filebin: UPLOAD NIEUDANY
{
    "bin": {
        "id": "mysticalos-1791041068",

## litterbox72
- link: https://www.bunkerweb.io/?utm_campaign=self&utm_source=bwerror
- probe: HTTP/2 200  | content-length: ? (oczekiwane 3254804480)

=== transferarch ===
  transferarch -> https://bunnynetassets.b-cdn.net/error.png (HTTP/2 200 , len=9694)
=== gofile ===
  gofile -> https://gofile.io/d/Mee8tcCl (HTTP/2 200 , len=3358)
=== bashupload ===
  bashupload: brak url
=== tempsh ===
  tempsh: brak url
=== oshiat ===
  oshiat -> https://curl.se/docs/sslcerts.html (HTTP/2 200 , len=12891)
=== filebin ===
  filebin: brak url
=== litterbox72 ===
  litterbox72 -> https://www.bunkerweb.io/?utm_campaign=self&utm_source=bwerror (HTTP/2 200 , len=?)
--- raport ---
### Bezposrednie linki pobierania (MysticalOS3_kit-B.tar, 3169433600 B)
## transferarch
- link: https://bunnynetassets.b-cdn.net/error.png
- probe: HTTP/2 200  | content-length: 9694 (oczekiwane 3169433600)

## gofile
- link: https://gofile.io/d/Mee8tcCl
- probe: HTTP/2 200  | content-length: 3358 (oczekiwane 3169433600)

## bashupload: UPLOAD NIEUDANY
curl: (6) Could not resolve host: bashupload.com

## tempsh: UPLOAD NIEUDANY
<!DOCTYPE HTML PUBLIC "-//W3C//DTD HTML 3.2 Final//EN">
<title>404 Not Found</title>
<h1>Not Found</h1>

## oshiat
- link: https://curl.se/docs/sslcerts.html
- probe: HTTP/2 200  | content-length: 12891 (oczekiwane 3169433600)

## filebin: UPLOAD NIEUDANY
{
    "bin": {
        "id": "mysticalos-1791041810",

## litterbox72
- link: https://www.bunkerweb.io/?utm_campaign=self&utm_source=bwerror
- probe: HTTP/2 200  | content-length: ? (oczekiwane 3169433600)

