+ FC=/tmp/gsitree/system/etc/selinux/plat_file_contexts
+ /tmp/erofs-c/mkfs.erofs -zlz4 -T 0 -U 6d797374-6963-4000-8000-616c00000001 --file-contexts=/tmp/gsitree/system/etc/selinux/plat_file_contexts /tmp/mystical-system.img /tmp/gsitree
selinux_shim: 901 wpisow kontekstowych z /tmp/gsitree/system/etc/selinux/plat_file_contexts
mkfs.erofs 1.8.2-local
Processing / ...
Processing adb_keys ...
Processing apex ...
Processing bin ...
Processing bootstrap-apex ...
Processing bugreports ...
Processing cache ...
Processing config ...
Processing d ...
Processing data ...
Processing data_mirror ...
Processing debug_ramdisk ...
Processing dev ...
Processing etc ...
Processing init ...
Processing init.environ.rc ...
Processing linkerconfig ...
Processing lost+found ...
Processing metadata ...
Processing mnt ...
Processing odm ...
Processing odm_dlkm ...
Processing oem ...
Processing postinstall ...
Processing proc ...
Processing product ...
Processing sdcard ...
Processing second_stage_resources ...
Processing storage ...
Processing sys ...
Processing system ...
Processing system_dlkm ...
Processing system_ext ...
Processing tmp ...
Processing vendor ...
Processing vendor_dlkm ...
Processing odm/apex ...
Processing odm/app ...
Processing odm/bin ...
Processing odm/etc ...
Processing odm/firmware ...
Processing odm/framework ...
Processing odm/lib ...
Processing odm/lib64 ...
Processing odm/overlay ...
Processing odm/priv-app ...
Processing odm/usr ...
Processing odm_dlkm/etc ...
Processing system/apex ...
Processing system/app ...
Processing system/bin ...
Processing system/build.prop ...
Processing system/etc ...
Processing system/fonts ...
Processing system/framework ...
Processing system/lib ...
Processing system/lib64 ...
Processing system/priv-app ...
Processing system/product ...
Processing system/system_ext ...
Processing system/usr ...
Processing system/vendor ...
Processing system/apex/com.android.adbd.capex ...
Processing system/apex/com.android.adservices.capex ...
Processing system/apex/com.android.apex.cts.shim.apex ...
Processing system/apex/com.android.appsearch.capex ...
Processing system/apex/com.android.art.capex ...
Processing system/apex/com.android.bt.capex ...
Processing system/apex/com.android.cellbroadcast.capex ...
Processing system/apex/com.android.configinfrastructure.capex ...
Processing system/apex/com.android.conscrypt.capex ...
Processing system/apex/com.android.crashrecovery.capex ...
Processing system/apex/com.android.devicelock.apex ...
Processing system/apex/com.android.extservices.capex ...
Processing system/apex/com.android.healthfitness.apex ...
Processing system/apex/com.android.i18n.apex ...
Processing system/apex/com.android.ipsec.capex ...
Processing system/apex/com.android.media.capex ...
Processing system/apex/com.android.media.swcodec.capex ...
Processing system/apex/com.android.mediaprovider.capex ...
Processing system/apex/com.android.neuralnetworks.capex ...
Processing system/apex/com.android.nfcservices.capex ...
Processing system/apex/com.android.npumanager.capex ...
Processing system/apex/com.android.ondevicepersonalization.capex ...
Processing system/apex/com.android.os.statsd.apex ...
Processing system/apex/com.android.permission.capex ...
Processing system/apex/com.android.profiling.capex ...
Processing system/apex/com.android.resolv.capex ...
Processing system/apex/com.android.rkpd.apex ...
Processing system/apex/com.android.runtime.apex ...
Processing system/apex/com.android.scheduling.capex ...
Processing system/apex/com.android.sdkext.apex ...
Processing system/apex/com.android.telephonycore.capex ...
Processing system/apex/com.android.tethering.capex ...
Processing system/apex/com.android.tzdata.apex ...
Processing system/apex/com.android.uprobestats.capex ...
Processing system/apex/com.android.uwb.capex ...
Processing system/apex/com.android.virt.apex ...
Processing system/apex/com.android.webapp.capex ...
Processing system/apex/com.android.wifi.capex ...
Processing system/app/AppSearchAiSealConfig ...
Processing system/app/AuroraStore ...
Processing system/app/BasicDreams ...
Processing system/app/BluetoothMidiService ...
Processing system/app/BookmarkProvider ...
Processing system/app/CameraExtensionsProxy ...
Processing system/app/CaptivePortalLogin ...
Processing system/app/CarrierDefaultApp ...
Processing system/app/CertInstaller ...
Processing system/app/CompanionDeviceManager ...
Processing system/app/EasterEgg ...
Processing system/app/ExtShared ...
Processing system/app/HTMLViewer ...
Processing system/app/KeyChain ...
Processing system/app/PacProcessor ...
Processing system/app/PartnerBookmarksProvider ...
Processing system/app/PrintRecommendationService ...
Processing system/app/PrintSpooler ...
Processing system/app/SecureElement ...
Processing system/app/SimAppDialog ...
Processing system/app/Stk ...
Processing system/app/Traceur ...
Processing system/app/WallpaperBackup ...
Processing system/app/AppSearchAiSealConfig/AppSearchAiSealConfig.apk ...
Processing system/app/AuroraStore/AuroraStore.apk ...
Processing system/app/BasicDreams/BasicDreams.apk ...
Processing system/app/BasicDreams/oat ...
Processing system/app/BasicDreams/oat/arm64 ...
Processing system/app/BasicDreams/oat/arm64/BasicDreams.odex ...
Processing system/app/BasicDreams/oat/arm64/BasicDreams.vdex ...
Processing system/app/BluetoothMidiService/BluetoothMidiService.apk ...
Processing system/app/BluetoothMidiService/oat ...
Processing system/app/BluetoothMidiService/oat/arm64 ...
Processing system/app/BluetoothMidiService/oat/arm64/BluetoothMidiService.odex ...
Processing system/app/BluetoothMidiService/oat/arm64/BluetoothMidiService.vdex ...
Processing system/app/BookmarkProvider/BookmarkProvider.apk ...
Processing system/app/BookmarkProvider/oat ...
Processing system/app/BookmarkProvider/oat/arm64 ...
Processing system/app/BookmarkProvider/oat/arm64/BookmarkProvider.odex ...
Processing system/app/BookmarkProvider/oat/arm64/BookmarkProvider.vdex ...
Processing system/app/CameraExtensionsProxy/CameraExtensionsProxy.apk ...
Processing system/app/CameraExtensionsProxy/oat ...
Processing system/app/CameraExtensionsProxy/oat/arm64 ...
Processing system/app/CameraExtensionsProxy/oat/arm64/CameraExtensionsProxy.odex ...
Processing system/app/CameraExtensionsProxy/oat/arm64/CameraExtensionsProxy.vdex ...
Processing system/app/CaptivePortalLogin/CaptivePortalLogin.apk ...
Processing system/app/CaptivePortalLogin/oat ...
Processing system/app/CaptivePortalLogin/oat/arm64 ...
Processing system/app/CaptivePortalLogin/oat/arm64/CaptivePortalLogin.odex ...
Processing system/app/CaptivePortalLogin/oat/arm64/CaptivePortalLogin.vdex ...
Processing system/app/CarrierDefaultApp/CarrierDefaultApp.apk ...
Processing system/app/CarrierDefaultApp/oat ...
Processing system/app/CarrierDefaultApp/oat/arm64 ...
Processing system/app/CarrierDefaultApp/oat/arm64/CarrierDefaultApp.odex ...
Processing system/app/CarrierDefaultApp/oat/arm64/CarrierDefaultApp.vdex ...
Processing system/app/CertInstaller/CertInstaller.apk ...
Processing system/app/CertInstaller/oat ...
Processing system/app/CertInstaller/oat/arm64 ...
Processing system/app/CertInstaller/oat/arm64/CertInstaller.odex ...
Processing system/app/CertInstaller/oat/arm64/CertInstaller.vdex ...
Processing system/app/CompanionDeviceManager/CompanionDeviceManager.apk ...
Processing system/app/CompanionDeviceManager/oat ...
Processing system/app/CompanionDeviceManager/oat/arm64 ...
Processing system/app/CompanionDeviceManager/oat/arm64/CompanionDeviceManager.odex ...
Processing system/app/CompanionDeviceManager/oat/arm64/CompanionDeviceManager.vdex ...
Processing system/app/EasterEgg/EasterEgg.apk ...
Processing system/app/EasterEgg/oat ...
Processing system/app/EasterEgg/oat/arm64 ...
Processing system/app/EasterEgg/oat/arm64/EasterEgg.odex ...
Processing system/app/EasterEgg/oat/arm64/EasterEgg.vdex ...
Processing system/app/ExtShared/ExtShared.apk ...
Processing system/app/ExtShared/oat ...
Processing system/app/ExtShared/oat/arm64 ...
Processing system/app/ExtShared/oat/arm64/ExtShared.odex ...
Processing system/app/ExtShared/oat/arm64/ExtShared.vdex ...
Processing system/app/HTMLViewer/HTMLViewer.apk ...
Processing system/app/HTMLViewer/oat ...
Processing system/app/HTMLViewer/oat/arm64 ...
Processing system/app/HTMLViewer/oat/arm64/HTMLViewer.odex ...
Processing system/app/HTMLViewer/oat/arm64/HTMLViewer.vdex ...
Processing system/app/KeyChain/KeyChain.apk ...
Processing system/app/KeyChain/oat ...
Processing system/app/KeyChain/oat/arm64 ...
Processing system/app/KeyChain/oat/arm64/KeyChain.odex ...
Processing system/app/KeyChain/oat/arm64/KeyChain.vdex ...
Processing system/app/PacProcessor/PacProcessor.apk ...
Processing system/app/PacProcessor/oat ...
Processing system/app/PacProcessor/oat/arm64 ...
Processing system/app/PacProcessor/oat/arm64/PacProcessor.odex ...
Processing system/app/PacProcessor/oat/arm64/PacProcessor.vdex ...
Processing system/app/PartnerBookmarksProvider/PartnerBookmarksProvider.apk ...
Processing system/app/PartnerBookmarksProvider/oat ...
Processing system/app/PartnerBookmarksProvider/oat/arm64 ...
Processing system/app/PartnerBookmarksProvider/oat/arm64/PartnerBookmarksProvider.odex ...
Processing system/app/PartnerBookmarksProvider/oat/arm64/PartnerBookmarksProvider.vdex ...
Processing system/app/PrintRecommendationService/PrintRecommendationService.apk ...
Processing system/app/PrintRecommendationService/oat ...
Processing system/app/PrintRecommendationService/oat/arm64 ...
Processing system/app/PrintRecommendationService/oat/arm64/PrintRecommendationService.odex ...
Processing system/app/PrintRecommendationService/oat/arm64/PrintRecommendationService.vdex ...
Processing system/app/PrintSpooler/PrintSpooler.apk ...
Processing system/app/PrintSpooler/lib ...
Processing system/app/PrintSpooler/oat ...
Processing system/app/PrintSpooler/lib/arm64 ...
Processing system/app/PrintSpooler/lib/arm64/libprintspooler_jni.so ...
Processing system/app/PrintSpooler/oat/arm64 ...
Processing system/app/PrintSpooler/oat/arm64/PrintSpooler.odex ...
Processing system/app/PrintSpooler/oat/arm64/PrintSpooler.vdex ...
Processing system/app/SecureElement/SecureElement.apk ...
Processing system/app/SecureElement/oat ...
Processing system/app/SecureElement/oat/arm64 ...
Processing system/app/SecureElement/oat/arm64/SecureElement.odex ...
Processing system/app/SecureElement/oat/arm64/SecureElement.vdex ...
Processing system/app/SimAppDialog/SimAppDialog.apk ...
Processing system/app/SimAppDialog/oat ...
Processing system/app/SimAppDialog/oat/arm64 ...
Processing system/app/SimAppDialog/oat/arm64/SimAppDialog.odex ...
Processing system/app/SimAppDialog/oat/arm64/SimAppDialog.vdex ...
Processing system/app/Stk/Stk.apk ...
Processing system/app/Stk/oat ...
Processing system/app/Stk/oat/arm64 ...
Processing system/app/Stk/oat/arm64/Stk.odex ...
Processing system/app/Stk/oat/arm64/Stk.vdex ...
Processing system/app/Traceur/Traceur.apk ...
Processing system/app/Traceur/oat ...
Processing system/app/Traceur/oat/arm64 ...
Processing system/app/Traceur/oat/arm64/Traceur.odex ...
Processing system/app/Traceur/oat/arm64/Traceur.vdex ...
Processing system/app/WallpaperBackup/WallpaperBackup.apk ...
Processing system/app/WallpaperBackup/oat ...
Processing system/app/WallpaperBackup/oat/arm64 ...
Processing system/app/WallpaperBackup/oat/arm64/WallpaperBackup.odex ...
Processing system/app/WallpaperBackup/oat/arm64/WallpaperBackup.vdex ...
Processing system/bin/[ ...
Processing system/bin/abb ...
Processing system/bin/abx ...
Processing system/bin/abx2xml ...
Processing system/bin/aconfigd-system ...
Processing system/bin/acpi ...
Processing system/bin/aflags ...
Processing system/bin/aisealhostservice ...
Processing system/bin/alloctop ...
Processing system/bin/am ...
Processing system/bin/aoad ...
Processing system/bin/apexd ...
Processing system/bin/apexd-lsof.sh ...
Processing system/bin/app_process ...
Processing system/bin/app_process32 ...
Processing system/bin/app_process64 ...
Processing system/bin/appops ...
Processing system/bin/appwidget ...
Processing system/bin/atrace ...
Processing system/bin/audioserver ...
Processing system/bin/auditctl ...
Processing system/bin/awk ...
Processing system/bin/base64 ...
Processing system/bin/basename ...
Processing system/bin/bc ...
Processing system/bin/bcc ...
Processing system/bin/blank_screen ...
Processing system/bin/blkdiscard ...
Processing system/bin/blkid ...
Processing system/bin/blockdev ...
Processing system/bin/bmgr ...
Processing system/bin/bootanimation ...
Processing system/bin/bootstat ...
Processing system/bin/bootstrap ...
Processing system/bin/boringssl_self_test32 ...
Processing system/bin/boringssl_self_test64 ...
Processing system/bin/bpfloader ...
Processing system/bin/bpftool ...
Processing system/bin/brctl ...
Processing system/bin/bu ...
Processing system/bin/bugreport ...
Processing system/bin/bugreport_procdump ...
Processing system/bin/bugreportz ...
Processing system/bin/bzip2 ...
Processing system/bin/cal ...
Processing system/bin/cameraserver ...
Processing system/bin/casefolding_remover ...
Processing system/bin/cat ...
Processing system/bin/charger ...
Processing system/bin/chattr ...
Processing system/bin/chcon ...
Processing system/bin/chgrp ...
Processing system/bin/chmod ...
Processing system/bin/chown ...
Processing system/bin/chroot ...
Processing system/bin/chrt ...
Processing system/bin/cksum ...
Processing system/bin/clear ...
Processing system/bin/cmd ...
Processing system/bin/cmp ...
Processing system/bin/comm ...
Processing system/bin/content ...
Processing system/bin/cp ...
Processing system/bin/cpio ...
Processing system/bin/cppreopts.sh ...
Processing system/bin/cpu-target-features ...
Processing system/bin/cpustatsd ...
Processing system/bin/credstore ...
Processing system/bin/cut ...
Processing system/bin/date ...
Processing system/bin/dd ...
Processing system/bin/debuggerd ...
Processing system/bin/defrag.f2fs ...
Processing system/bin/device_config ...
Processing system/bin/devmem ...
Processing system/bin/df ...
Processing system/bin/diff ...
Processing system/bin/dirname ...
Processing system/bin/dmabuf_dump ...
Processing system/bin/dmctl ...
Processing system/bin/dmesg ...
Processing system/bin/dmesgd ...
Processing system/bin/dnsmasq ...
Processing system/bin/dos2unix ...
Processing system/bin/dpm ...
Processing system/bin/drmserver32 ...
Processing system/bin/drmserver64 ...
Processing system/bin/du ...
Processing system/bin/dump.erofs ...
Processing system/bin/dump.f2fs ...
Processing system/bin/dumpstate ...
Processing system/bin/dumpsys ...
Processing system/bin/e2freefrag ...
Processing system/bin/e2fsck ...
Processing system/bin/e2fsdroid ...
Processing system/bin/echo ...
Processing system/bin/egrep ...
Processing system/bin/env ...
Processing system/bin/ethtool ...
Processing system/bin/evemu-record ...
Processing system/bin/expand ...
Processing system/bin/expr ...
Processing system/bin/extra_free_kbytes.sh ...
Processing system/bin/fallocate ...
Processing system/bin/false ...
Processing system/bin/fgrep ...
Processing system/bin/file ...
Processing system/bin/find ...
Processing system/bin/flags_health_check ...
Processing system/bin/flock ...
Processing system/bin/fmt ...
Processing system/bin/free ...
Processing system/bin/fsck.erofs ...
Processing system/bin/fsck.exfat ...
Processing system/bin/fsck.f2fs ...
Processing system/bin/fsck_msdos ...
Processing system/bin/fsync ...
Processing system/bin/gatekeeperd ...
Processing system/bin/getconf ...
Processing system/bin/getenforce ...
Processing system/bin/getevent ...
Processing system/bin/getfattr ...
Processing system/bin/getopt ...
Processing system/bin/getprop ...
Processing system/bin/gpiodetect ...
Processing system/bin/gpiofind ...
Processing system/bin/gpioget ...
Processing system/bin/gpioinfo ...
Processing system/bin/gpioset ...
Processing system/bin/gpu_counter_producer ...
Processing system/bin/gpuservice ...
Processing system/bin/grep ...
Processing system/bin/groups ...
Processing system/bin/gsi_tool ...
Processing system/bin/gsid ...
Processing system/bin/gunzip ...
Processing system/bin/gzip ...
Processing system/bin/head ...
Processing system/bin/heapprofd ...
Processing system/bin/hid ...
Processing system/bin/hidservice ...
Processing system/bin/hostname ...
Processing system/bin/hw ...
Processing system/bin/hwclock ...
Processing system/bin/hwservicemanager ...
Processing system/bin/i2cdetect ...
Processing system/bin/i2cdump ...
Processing system/bin/i2cget ...
Processing system/bin/i2cset ...
Processing system/bin/i2ctransfer ...
Processing system/bin/iconv ...
Processing system/bin/id ...
Processing system/bin/idmap2 ...
Processing system/bin/idmap2d ...
Processing system/bin/ifconfig ...
Processing system/bin/ime ...
Processing system/bin/incident ...
Processing system/bin/incident-helper-cmd ...
Processing system/bin/incident_helper ...
Processing system/bin/incidentd ...
Processing system/bin/init ...
Processing system/bin/inotifyd ...
Processing system/bin/input ...
Processing system/bin/insmod ...
Processing system/bin/install ...
Processing system/bin/installd ...
Processing system/bin/ionice ...
Processing system/bin/iorenice ...
Processing system/bin/ip ...
Processing system/bin/ip-wrapper-1.0 ...
Processing system/bin/ip6tables ...
Processing system/bin/ip6tables-restore ...
Processing system/bin/ip6tables-save ...
Processing system/bin/ip6tables-wrapper-1.0 ...
Processing system/bin/iptables ...
Processing system/bin/iptables-restore ...
Processing system/bin/iptables-save ...
Processing system/bin/iptables-wrapper-1.0 ...
Processing system/bin/kcmdlinectrl ...
Processing system/bin/kcmdlinemodprobe ...
Processing system/bin/keystore2 ...
Processing system/bin/keystore_cli_v2 ...
Processing system/bin/kill ...
Processing system/bin/killall ...
Processing system/bin/ld.mc ...
Processing system/bin/ldd ...
Processing system/bin/librank ...
Processing system/bin/linker ...
Processing system/bin/linker64 ...
Processing system/bin/linker_asan ...
Processing system/bin/linker_asan64 ...
Processing system/bin/linker_hwasan64 ...
Processing system/bin/llkd ...
Processing system/bin/lmkd ...
Processing system/bin/ln ...
Processing system/bin/load_policy ...
Processing system/bin/locksettings ...
Processing system/bin/log ...
Processing system/bin/logcat ...
Processing system/bin/logd ...
Processing system/bin/logger ...
Processing system/bin/logname ...
Processing system/bin/logwrapper ...
Processing system/bin/losetup ...
Processing system/bin/lpdump ...
Processing system/bin/lpdumpd ...
Processing system/bin/ls ...
Processing system/bin/lsattr ...
Processing system/bin/lshal ...
Processing system/bin/lsmod ...
Processing system/bin/lsof ...
Processing system/bin/lspci ...
Processing system/bin/lsusb ...
Processing system/bin/make_f2fs ...
Processing system/bin/md5sum ...
Processing system/bin/mediacodeclist_generator ...
Processing system/bin/mediaextractor ...
Processing system/bin/mediametrics ...
Processing system/bin/mediaserver32 ...
Processing system/bin/mediaserver64 ...
Processing system/bin/memeater ...
Processing system/bin/microcom ...
Processing system/bin/migrate_legacy_obb_data ...
Processing system/bin/misctrl ...
Processing system/bin/mkdir ...
Processing system/bin/mke2fs ...
Processing system/bin/mkfifo ...
Processing system/bin/mkfs.erofs ...
Processing system/bin/mkfs.exfat ...
Processing system/bin/mkfs.ext2 ...
Processing system/bin/mkfs.ext3 ...
Processing system/bin/mkfs.ext4 ...
Processing system/bin/mknod ...
Processing system/bin/mkswap ...
Processing system/bin/mktemp ...
Processing system/bin/mmd ...
Processing system/bin/mmd_setup ...
Processing system/bin/modinfo ...
Processing system/bin/modprobe ...
Processing system/bin/monkey ...
Processing system/bin/more ...
Processing system/bin/mount ...
Processing system/bin/mountpoint ...
Processing system/bin/mtectrl ...
Processing system/bin/mv ...
Processing system/bin/nc ...
Processing system/bin/ndc ...
Processing system/bin/ndc-wrapper-1.0 ...
Processing system/bin/netcat ...
Processing system/bin/netd ...
Processing system/bin/netstat ...
Processing system/bin/netutils-wrapper-1.0 ...
Processing system/bin/newfs_msdos ...
Processing system/bin/nice ...
Processing system/bin/nl ...
Processing system/bin/nohup ...
Processing system/bin/nproc ...
Processing system/bin/nsenter ...
Processing system/bin/od ...
Processing system/bin/odsign ...
Processing system/bin/omapi ...
Processing system/bin/otapreopt_script ...
Processing system/bin/paste ...
Processing system/bin/patch ...
Processing system/bin/pbtombstone ...
Processing system/bin/perfetto ...
Processing system/bin/pgrep ...
Processing system/bin/pidof ...
Processing system/bin/ping ...
Processing system/bin/ping6 ...
Processing system/bin/pintool ...
Processing system/bin/pkill ...
Processing system/bin/pm ...
Processing system/bin/pmap ...
Processing system/bin/pmgd ...
Processing system/bin/prefetch ...
Processing system/bin/preloads_copy.sh ...
Processing system/bin/preopt2cachename ...
Processing system/bin/printenv ...
Processing system/bin/printf ...
Processing system/bin/prng_seeder ...
Processing system/bin/procrank ...
Processing system/bin/profcollectctl ...
Processing system/bin/profcollectd ...
Processing system/bin/ps ...
Processing system/bin/pwd ...
Processing system/bin/readelf ...
Processing system/bin/readlink ...
Processing system/bin/realpath ...
Processing system/bin/reboot ...
Processing system/bin/recovery-persist ...
Processing system/bin/recovery-refresh ...
Processing system/bin/renice ...
Processing system/bin/requestsync ...
Processing system/bin/resize.f2fs ...
Processing system/bin/resize2fs ...
Processing system/bin/restorecon ...
Processing system/bin/rm ...
Processing system/bin/rmdir ...
Processing system/bin/rmmod ...
Processing system/bin/rss_hwm_reset ...
Processing system/bin/rtcwake ...
Processing system/bin/run-as ...
Processing system/bin/runcon ...
Processing system/bin/schedtest ...
Processing system/bin/screencap ...
Processing system/bin/screenrecord ...
Processing system/bin/sdcard ...
Processing system/bin/secdiscard ...
Processing system/bin/secilc ...
Processing system/bin/sed ...
Processing system/bin/sendevent ...
Processing system/bin/sensorservice ...
Processing system/bin/seq ...
Processing system/bin/service ...
Processing system/bin/servicemanager ...
Processing system/bin/setenforce ...
Processing system/bin/setfattr ...
Processing system/bin/setprop ...
Processing system/bin/setsid ...
Processing system/bin/settaskprofile ...
Processing system/bin/settings ...
Processing system/bin/sfdo ...
Processing system/bin/sgdisk ...
Processing system/bin/sh ...
Processing system/bin/sha1sum ...
Processing system/bin/sha224sum ...
Processing system/bin/sha256sum ...
Processing system/bin/sha384sum ...
Processing system/bin/sha512sum ...
Processing system/bin/showmap ...
Processing system/bin/simpleperf ...
Processing system/bin/simpleperf_app_runner ...
Processing system/bin/sleep ...
Processing system/bin/sload_f2fs ...
Processing system/bin/sm ...
Processing system/bin/snapuserd ...
Processing system/bin/sort ...
Processing system/bin/split ...
Processing system/bin/ss ...
Processing system/bin/start ...
Processing system/bin/stat ...
Processing system/bin/stop ...
Processing system/bin/storaged ...
Processing system/bin/strings ...
Processing system/bin/stty ...
Processing system/bin/surfaceflinger ...
Processing system/bin/svc ...
Processing system/bin/swapoff ...
Processing system/bin/swapon ...
Processing system/bin/sync ...
Processing system/bin/sysctl ...
Processing system/bin/tac ...
Processing system/bin/tail ...
Processing system/bin/tar ...
Processing system/bin/taskset ...
Processing system/bin/tc ...
Processing system/bin/tc-wrapper-1.0 ...
Processing system/bin/tcpdump ...
Processing system/bin/tee ...
Processing system/bin/telecom ...
Processing system/bin/test ...
Processing system/bin/time ...
Processing system/bin/timeout ...
Processing system/bin/tombstoned ...
Processing system/bin/toolbox ...
Processing system/bin/top ...
Processing system/bin/touch ...
Processing system/bin/toybox ...
Processing system/bin/tr ...
Processing system/bin/traced ...
Processing system/bin/traced_perf ...
Processing system/bin/traced_probes ...
Processing system/bin/tradeinmode ...
Processing system/bin/trigger_perfetto ...
Processing system/bin/true ...
Processing system/bin/truncate ...
Processing system/bin/tty ...
Processing system/bin/tune2fs ...
Processing system/bin/uclampset ...
Processing system/bin/ueventd ...
Processing system/bin/uiautomator ...
Processing system/bin/uinput ...
Processing system/bin/ulimit ...
Processing system/bin/umount ...
Processing system/bin/uname ...
Processing system/bin/uncrypt ...
Processing system/bin/uniq ...
Processing system/bin/unix2dos ...
Processing system/bin/unlink ...
Processing system/bin/unshare ...
Processing system/bin/unzip ...
Processing system/bin/update_engine ...
Processing system/bin/update_verifier ...
Processing system/bin/uptime ...
Processing system/bin/usbd ...
Processing system/bin/usleep ...
Processing system/bin/uudecode ...
Processing system/bin/uuencode ...
Processing system/bin/uuidgen ...
Processing system/bin/vdc ...
Processing system/bin/vi ...
Processing system/bin/vintf ...
Processing system/bin/virtual_camera ...
Processing system/bin/vmstat ...
Processing system/bin/vold ...
Processing system/bin/vold_prepare_subdirs ...
Processing system/bin/vr ...
Processing system/bin/watch ...
Processing system/bin/watchdogd ...
Processing system/bin/wc ...
Processing system/bin/which ...
Processing system/bin/whoami ...
Processing system/bin/wificond ...
Processing system/bin/wm ...
Processing system/bin/xargs ...
Processing system/bin/xml2abx ...
Processing system/bin/xxd ...
Processing system/bin/yes ...
Processing system/bin/zcat ...
Processing system/bin/zipinfo ...
Processing system/bin/ziptool ...
Processing system/bin/zygote_cli ...
Processing system/bin/zygote_next ...
Processing system/bin/bootstrap/linker ...
Processing system/bin/bootstrap/linker64 ...
Processing system/bin/bootstrap/linker_asan ...
Processing system/bin/bootstrap/linker_asan64 ...
Processing system/bin/bootstrap/linker_hwasan64 ...
Processing system/bin/hw/android.system.suspend-service ...
Processing system/etc/NOTICE.xml.gz ...
Processing system/etc/aconfig ...
Processing system/etc/aconfig_flags.pb ...
Processing system/etc/advanced-protection-config ...
Processing system/etc/apexd ...
Processing system/etc/audio_effects.xml ...
Processing system/etc/boot-image.bprof ...
Processing system/etc/boot-image.prof ...
Processing system/etc/boot-image.prof.fsv_meta ...
Processing system/etc/bpf ...
Processing system/etc/build_flags.json ...
Processing system/etc/cgroups.json ...
Processing system/etc/classpaths ...
Processing system/etc/compatconfig ...
Processing system/etc/core.protolog.pb ...
Processing system/etc/default-permissions ...
Processing system/etc/default_screenshot.png ...
Processing system/etc/dirty-image-objects ...
Processing system/etc/dirty-image-objects.fsv_meta ...
Processing system/etc/displayconfig ...
Processing system/etc/event-log-tags ...
Processing system/etc/font_fallback.xml ...
Processing system/etc/fonts.xml ...
Processing system/etc/fs_config_dirs ...
Processing system/etc/fs_config_files ...
Processing system/etc/fstab.postinstall ...
Processing system/etc/ftrace_synthetic_events.conf ...
Processing system/etc/gps_debug.conf ...
Processing system/etc/group ...
Processing system/etc/hal_uuid_map_config.xml ...
Processing system/etc/hosts ...
Processing system/etc/init ...
Processing system/etc/kernel ...
Processing system/etc/libnfc-nci.conf ...
Processing system/etc/linker.config.pb ...
Processing system/etc/llndk.libraries.txt ...
Processing system/etc/media_profiles_V1_0.dtd ...
Processing system/etc/memory-limiter-config.xml ...
Processing system/etc/mke2fs.conf ...
Processing system/etc/mkshrc ...
Processing system/etc/motion_predictor_config.xml ...
Processing system/etc/motion_predictor_model.tflite ...
Processing system/etc/openxr ...
Processing system/etc/parameter-framework ...
Processing system/etc/passwd ...
Processing system/etc/perfetto ...
Processing system/etc/permissions ...
Processing system/etc/preloaded-classes ...
Processing system/etc/preloaded-classes.fsv_meta ...
Processing system/etc/public.libraries.txt ...
Processing system/etc/res ...
Processing system/etc/sanitizer.libraries.txt ...
Processing system/etc/seccomp_policy ...
Processing system/etc/security ...
Processing system/etc/selinux ...
Processing system/etc/sysconfig ...
Processing system/etc/task_profiles.json ...
Processing system/etc/tracing_descriptors.gz ...
Processing system/etc/ueventd.rc ...
Processing system/etc/vintf ...
Processing system/etc/xtables.lock ...
Processing system/etc/aconfig/flag.info ...
Processing system/etc/aconfig/flag.map ...
Processing system/etc/aconfig/flag.val ...
Processing system/etc/aconfig/package.map ...
Processing system/etc/advanced-protection-config/advanced-protection-config.xml ...
Processing system/etc/apexd/empty_erofs.img ...
Processing system/etc/bpf/cpustats ...
Processing system/etc/bpf/cputimeinstate ...
Processing system/etc/bpf/dmabuf ...
Processing system/etc/bpf/fuseMedia.bpf ...
Processing system/etc/bpf/gpuMem.bpf ...
Processing system/etc/bpf/gpuWork.bpf ...
Processing system/etc/bpf/kernelWakelockDuration.bpf ...
Processing system/etc/bpf/kernelstats ...
Processing system/etc/bpf/lock_contention ...
Processing system/etc/bpf/memevents ...
Processing system/etc/bpf/wakeupsources ...
Processing system/etc/bpf/wattson ...
Processing system/etc/bpf/cpustats/cpustats.bpf ...
Processing system/etc/bpf/cputimeinstate/timeInState.bpf ...
Processing system/etc/bpf/dmabuf/dmabufIter.bpf ...
Processing system/etc/bpf/kernelstats/cmaAllocation.bpf ...
Processing system/etc/bpf/kernelstats/compaction.bpf ...
Processing system/etc/bpf/kernelstats/directReclaim.bpf ...
Processing system/etc/bpf/kernelstats/dmabufStats.bpf ...
Processing system/etc/bpf/kernelstats/kswapdLatency.bpf ...
Processing system/etc/bpf/lock_contention/bpfLockContention.bpf ...
Processing system/etc/bpf/memevents/bpfMemEvents.bpf ...
Processing system/etc/bpf/wakeupsources/wakeupsourcesIter.bpf ...
Processing system/etc/bpf/wattson/wattson.bpf ...
Processing system/etc/classpaths/bootclasspath.pb ...
Processing system/etc/classpaths/bootclasspath.pb.fsv_meta ...
Processing system/etc/classpaths/systemserverclasspath.pb ...
Processing system/etc/classpaths/systemserverclasspath.pb.fsv_meta ...
Processing system/etc/compatconfig/SystemUI-compat-config.xml ...
Processing system/etc/compatconfig/TeleService-platform-compat-config.xml ...
Processing system/etc/compatconfig/calendar-provider-compat-config.xml ...
Processing system/etc/compatconfig/contacts-provider-platform-compat-config.xml ...
Processing system/etc/compatconfig/documents-ui-compat-config.xml ...
Processing system/etc/compatconfig/framework-location-compat-config.xml ...
Processing system/etc/compatconfig/framework-ondeviceintelligence-platform-compat-config.xml ...
Processing system/etc/compatconfig/framework-platform-compat-config.xml ...
Processing system/etc/compatconfig/icu4j-platform-compat-config.xml ...
Processing system/etc/compatconfig/services-platform-compat-config.xml ...
Processing system/etc/default-permissions/default-permissions_bips.xml ...
Processing system/etc/default-permissions/default-permissions_printrecommendationservice.xml ...
Processing system/etc/default-permissions/mystical.xml ...
Processing system/etc/displayconfig/default_television.xml ...
Processing system/etc/init/aconfigd.rc ...
Processing system/etc/init/aisealhostservice.rc ...
Processing system/etc/init/android.system.suspend-service.rc ...
Processing system/etc/init/aoad.rc ...
Processing system/etc/init/apexd.rc ...
Processing system/etc/init/atrace.rc ...
Processing system/etc/init/audioserver.rc ...
Processing system/etc/init/blank_screen.rc ...
Processing system/etc/init/bootanim.rc ...
Processing system/etc/init/bootstat.rc ...
Processing system/etc/init/cameraserver.rc ...
Processing system/etc/init/casefolding_remover.rc ...
Processing system/etc/init/config ...
Processing system/etc/init/cppreopts.rc ...
Processing system/etc/init/cpustats.rc ...
Processing system/etc/init/credstore.rc ...
Processing system/etc/init/dmesgd.rc ...
Processing system/etc/init/drmserver_dynamic.rc ...
Processing system/etc/init/dumpstate.rc ...
Processing system/etc/init/flags_health_check.rc ...
Processing system/etc/init/gatekeeperd.rc ...
Processing system/etc/init/gpuservice.rc ...
Processing system/etc/init/gsid.rc ...
Processing system/etc/init/heapprofd.rc ...
Processing system/etc/init/hidservice.rc ...
Processing system/etc/init/hw ...
Processing system/etc/init/idmap2d.rc ...
Processing system/etc/init/incidentd.rc ...
Processing system/etc/init/init-perfetto.rc ...
Processing system/etc/init/init.zapts.rc ...
Processing system/etc/init/installd.rc ...
Processing system/etc/init/kcmdlinectrl.rc ...
Processing system/etc/init/kcmdlinemodprobe.rc ...
Processing system/etc/init/keystore2.rc ...
Processing system/etc/init/llkd.rc ...
Processing system/etc/init/lmkd.rc ...
Processing system/etc/init/logd.rc ...
Processing system/etc/init/lpdumpd.rc ...
Processing system/etc/init/media.codeclist.generator.rc ...
Processing system/etc/init/mediaextractor.rc ...
Processing system/etc/init/mediametrics.rc ...
Processing system/etc/init/mediaserver_dynamic.rc ...
Processing system/etc/init/misctrl.rc ...
Processing system/etc/init/mmd.rc ...
Processing system/etc/init/mtectrl.rc ...
Processing system/etc/init/netbpfload.rc ...
Processing system/etc/init/netd.rc ...
Processing system/etc/init/odsign.rc ...
Processing system/etc/init/omapi.rc ...
Processing system/etc/init/perfetto.rc ...
Processing system/etc/init/pmgd.rc ...
Processing system/etc/init/prefetch.rc ...
Processing system/etc/init/prng_seeder.rc ...
Processing system/etc/init/profcollectd.rc ...
Processing system/etc/init/recovery-persist.rc ...
Processing system/etc/init/recovery-refresh.rc ...
Processing system/etc/init/rss_hwm_reset.rc ...
Processing system/etc/init/servicemanager.rc ...
Processing system/etc/init/simpleperf.rc ...
Processing system/etc/init/snapuserd.rc ...
Processing system/etc/init/storaged.rc ...
Processing system/etc/init/surfaceflinger.rc ...
Processing system/etc/init/tombstoned.rc ...
Processing system/etc/init/traced_perf.rc ...
Processing system/etc/init/tradeinmode.rc ...
Processing system/etc/init/uncrypt.rc ...
Processing system/etc/init/update_engine.rc ...
Processing system/etc/init/update_verifier.rc ...
Processing system/etc/init/usbd.rc ...
Processing system/etc/init/virtual_camera.hal.rc ...
Processing system/etc/init/vold.rc ...
Processing system/etc/init/wifi.rc ...
Processing system/etc/init/zygote_next64.rc ...
Processing system/etc/init/hw/drmserver.zygote64.rc ...
Processing system/etc/init/hw/drmserver.zygote64_32.rc ...
Processing system/etc/init/hw/init.rc ...
Processing system/etc/init/hw/init.usb.configfs.rc ...
Processing system/etc/init/hw/init.usb.rc ...
Processing system/etc/init/hw/init.zygote32.rc ...
Processing system/etc/init/hw/init.zygote64.rc ...
Processing system/etc/init/hw/init.zygote64_32.rc ...
Processing system/etc/init/hw/mediaserver.zygote64.rc ...
Processing system/etc/init/hw/mediaserver.zygote64_32.rc ...
Processing system/etc/kernel/approved-ogki-builds.xml ...
Processing system/etc/kernel/kernel-lifetimes.xml ...
Processing system/etc/openxr/1 ...
Processing system/etc/openxr/1/active_runtime.json ...
Processing system/etc/parameter-framework/ParameterFrameworkConfigurationCap.xml ...
Processing system/etc/parameter-framework/Structure ...
Processing system/etc/parameter-framework/Structure/Policy ...
Processing system/etc/parameter-framework/Structure/Policy/CapClass.xml ...
Processing system/etc/parameter-framework/Structure/Policy/CapProductStrategies.xml ...
Processing system/etc/parameter-framework/Structure/Policy/CapSubsystem-CommonTypes.xml ...
Processing system/etc/parameter-framework/Structure/Policy/CapSubsystem.xml ...
Processing system/etc/perfetto/persistent_cfg.pbtxt ...
Processing system/etc/permissions/NetworkStack.xml ...
Processing system/etc/permissions/android.software.credentials.xml ...
Processing system/etc/permissions/android.software.live_wallpaper.xml ...
Processing system/etc/permissions/android.software.webview.xml ...
Processing system/etc/permissions/android.software.window_magnification.xml ...
Processing system/etc/permissions/android.test.base.xml ...
Processing system/etc/permissions/android.test.mock.xml ...
Processing system/etc/permissions/android.test.runner.xml ...
Processing system/etc/permissions/com.android.documentsui.xml ...
Processing system/etc/permissions/com.android.future.usb.accessory.xml ...
Processing system/etc/permissions/com.android.intentresolver.xml ...
Processing system/etc/permissions/com.android.location.provider.xml ...
Processing system/etc/permissions/com.android.media.remotedisplay.xml ...
Processing system/etc/permissions/com.android.mediadrm.signer.xml ...
Processing system/etc/permissions/com.android.nfc_extras.xml ...
Processing system/etc/permissions/javax.obex.xml ...
Processing system/etc/permissions/org.apache.http.legacy.xml ...
Processing system/etc/permissions/platform.xml ...
Processing system/etc/permissions/privapp-permissions-mystical.xml ...
Processing system/etc/res/images ...
Processing system/etc/res/images/charger ...
Processing system/etc/res/images/charger/battery_fail.png ...
Processing system/etc/res/images/charger/battery_scale.png ...
Processing system/etc/seccomp_policy/code_coverage.arm.policy ...
Processing system/etc/seccomp_policy/code_coverage.arm64.policy ...
Processing system/etc/seccomp_policy/crash_dump.arm.policy ...
Processing system/etc/seccomp_policy/crash_dump.arm64.policy ...
Processing system/etc/seccomp_policy/mediacodec.policy ...
Processing system/etc/seccomp_policy/mediaextractor.policy ...
Processing system/etc/security/cacerts ...
Processing system/etc/security/fsverity ...
Processing system/etc/security/otacerts.zip ...
Processing system/etc/security/cacerts/01419da9.0 ...
Processing system/etc/security/cacerts/04f60c28.0 ...
Processing system/etc/security/cacerts/073bfcc5.0 ...
Processing system/etc/security/cacerts/0d69c7e1.0 ...
Processing system/etc/security/cacerts/10531352.0 ...
Processing system/etc/security/cacerts/128f4b91.0 ...
Processing system/etc/security/cacerts/1b0f7e5c.0 ...
Processing system/etc/security/cacerts/1df5a75f.0 ...
Processing system/etc/security/cacerts/1e1eab7c.0 ...
Processing system/etc/security/cacerts/1e44ef15.0 ...
Processing system/etc/security/cacerts/1e8e7201.0 ...
Processing system/etc/security/cacerts/1f58a078.0 ...
Processing system/etc/security/cacerts/252252d2.0 ...
Processing system/etc/security/cacerts/2add47b6.0 ...
Processing system/etc/security/cacerts/2c63f966.0 ...
Processing system/etc/security/cacerts/2cc2056d.0 ...
Processing system/etc/security/cacerts/2d21b73c.0 ...
Processing system/etc/security/cacerts/2d9dafe4.0 ...
Processing system/etc/security/cacerts/302904dd.0 ...
Processing system/etc/security/cacerts/304d27c3.0 ...
Processing system/etc/security/cacerts/31188b5e.0 ...
Processing system/etc/security/cacerts/33ee480d.0 ...
Processing system/etc/security/cacerts/3428dc64.0 ...
Processing system/etc/security/cacerts/35105088.0 ...
Processing system/etc/security/cacerts/3afde786.0 ...
Processing system/etc/security/cacerts/3c899c73.0 ...
Processing system/etc/security/cacerts/3c9a4d3b.0 ...
Processing system/etc/security/cacerts/41a3f684.0 ...
Processing system/etc/security/cacerts/47b283f6.0 ...
Processing system/etc/security/cacerts/48a195d8.0 ...
Processing system/etc/security/cacerts/4be590e0.0 ...
Processing system/etc/security/cacerts/4c3982f2.0 ...
Processing system/etc/security/cacerts/52b525c7.0 ...
Processing system/etc/security/cacerts/53a1b57a.0 ...
Processing system/etc/security/cacerts/583ac115.0 ...
Processing system/etc/security/cacerts/583d0756.0 ...
Processing system/etc/security/cacerts/5acf816d.0 ...
Processing system/etc/security/cacerts/5d139d02.0 ...
Processing system/etc/security/cacerts/5f47b495.0 ...
Processing system/etc/security/cacerts/5f9a69fa.0 ...
Processing system/etc/security/cacerts/5fdd185d.0 ...
Processing system/etc/security/cacerts/60afe812.0 ...
Processing system/etc/security/cacerts/6187b673.0 ...
Processing system/etc/security/cacerts/64316a39.0 ...
Processing system/etc/security/cacerts/6b03dec0.0 ...
Processing system/etc/security/cacerts/6b483515.0 ...
Processing system/etc/security/cacerts/6c85d883.0 ...
Processing system/etc/security/cacerts/7892ad52.0 ...
Processing system/etc/security/cacerts/7a7c655d.0 ...
Processing system/etc/security/cacerts/7e067d03.0 ...
Processing system/etc/security/cacerts/82223c44.0 ...
Processing system/etc/security/cacerts/83e9984f.0 ...
Processing system/etc/security/cacerts/85cde254.0 ...
Processing system/etc/security/cacerts/869fbf79.0 ...
Processing system/etc/security/cacerts/8761519c.0 ...
Processing system/etc/security/cacerts/8794b4e3.0 ...
Processing system/etc/security/cacerts/88950faa.0 ...
Processing system/etc/security/cacerts/89c02a45.0 ...
Processing system/etc/security/cacerts/8d6437c3.0 ...
Processing system/etc/security/cacerts/8d81b251.0 ...
Processing system/etc/security/cacerts/8f6cd7bb.0 ...
Processing system/etc/security/cacerts/9282e51c.0 ...
Processing system/etc/security/cacerts/93851c9e.0 ...
Processing system/etc/security/cacerts/9479c8c3.0 ...
Processing system/etc/security/cacerts/9576d26b.0 ...
Processing system/etc/security/cacerts/9591a472.0 ...
Processing system/etc/security/cacerts/95aff9e3.0 ...
Processing system/etc/security/cacerts/985c1f52.0 ...
Processing system/etc/security/cacerts/98aaf404.0 ...
Processing system/etc/security/cacerts/99e1b953.0 ...
Processing system/etc/security/cacerts/9d6523ce.0 ...
Processing system/etc/security/cacerts/a2c66da8.0 ...
Processing system/etc/security/cacerts/a716d4ed.0 ...
Processing system/etc/security/cacerts/a81e292b.0 ...
Processing system/etc/security/cacerts/a9d40e02.0 ...
Processing system/etc/security/cacerts/ab59055e.0 ...
Processing system/etc/security/cacerts/b0ed035a.0 ...
Processing system/etc/security/cacerts/b30d5fda.0 ...
Processing system/etc/security/cacerts/b74d2bd5.0 ...
Processing system/etc/security/cacerts/b7b40cb7.0 ...
Processing system/etc/security/cacerts/b7db1890.0 ...
Processing system/etc/security/cacerts/b872f2b4.0 ...
Processing system/etc/security/cacerts/b92fd57f.0 ...
Processing system/etc/security/cacerts/b936d1c6.0 ...
Processing system/etc/security/cacerts/bc3f2570.0 ...
Processing system/etc/security/cacerts/bd43e1dd.0 ...
Processing system/etc/security/cacerts/c44cc0c0.0 ...
Processing system/etc/security/cacerts/c491639e.0 ...
Processing system/etc/security/cacerts/c7f1359b.0 ...
Processing system/etc/security/cacerts/c90bc37d.0 ...
Processing system/etc/security/cacerts/cb1c3204.0 ...
Processing system/etc/security/cacerts/cbb3f32b.0 ...
Processing system/etc/security/cacerts/d06393bb.0 ...
Processing system/etc/security/cacerts/d16a5865.0 ...
Processing system/etc/security/cacerts/d18e9066.0 ...
Processing system/etc/security/cacerts/d39b0a2c.0 ...
Processing system/etc/security/cacerts/d41b5e2a.0 ...
Processing system/etc/security/cacerts/d4c339cb.0 ...
Processing system/etc/security/cacerts/d59297b8.0 ...
Processing system/etc/security/cacerts/d7746a63.0 ...
Processing system/etc/security/cacerts/d96b65e2.0 ...
Processing system/etc/security/cacerts/da7377f6.0 ...
Processing system/etc/security/cacerts/dbff3a01.0 ...
Processing system/etc/security/cacerts/dc99f41e.0 ...
Processing system/etc/security/cacerts/dfc0fe80.0 ...
Processing system/etc/security/cacerts/e071171e.0 ...
Processing system/etc/security/cacerts/e13665f9.0 ...
Processing system/etc/security/cacerts/e442e424.0 ...
Processing system/etc/security/cacerts/e7c037b4.0 ...
Processing system/etc/security/cacerts/e8651083.0 ...
Processing system/etc/security/cacerts/ed39abd0.0 ...
Processing system/etc/security/cacerts/ee37c333.0 ...
Processing system/etc/security/cacerts/ee532fd5.0 ...
Processing system/etc/security/cacerts/f013ecaf.0 ...
Processing system/etc/security/cacerts/f058632f.0 ...
Processing system/etc/security/cacerts/f459871d.0 ...
Processing system/etc/security/cacerts/f8fc53da.0 ...
Processing system/etc/security/cacerts/fb5fa911.0 ...
Processing system/etc/security/cacerts/fd08c599.0 ...
Processing system/etc/security/cacerts/ffa7f1eb.0 ...
Processing system/etc/security/fsverity/BuildManifest.apk ...
Processing system/etc/security/fsverity/BuildManifest.apk.idsig ...
Processing system/etc/selinux/bug_map ...
Processing system/etc/selinux/mapping ...
Processing system/etc/selinux/plat_file_contexts ...
Processing system/etc/selinux/plat_hwservice_contexts ...
Processing system/etc/selinux/plat_keystore2_key_contexts ...
Processing system/etc/selinux/plat_mac_permissions.xml ...
Processing system/etc/selinux/plat_property_contexts ...
Processing system/etc/selinux/plat_seapp_contexts ...
Processing system/etc/selinux/plat_sepolicy.cil ...
Processing system/etc/selinux/plat_sepolicy_and_mapping.sha256 ...
Processing system/etc/selinux/plat_sepolicy_genfs_202504.cil ...
Processing system/etc/selinux/plat_sepolicy_genfs_202604.cil ...
Processing system/etc/selinux/plat_sepolicy_genfs_202704.cil ...
Processing system/etc/selinux/plat_service_contexts ...
Processing system/etc/selinux/plat_tee_service_contexts ...
Processing system/etc/selinux/mapping/202404.cil ...
Processing system/etc/selinux/mapping/202404.compat.cil ...
Processing system/etc/selinux/mapping/202504.cil ...
Processing system/etc/selinux/mapping/202504.compat.cil ...
Processing system/etc/selinux/mapping/202604.cil ...
Processing system/etc/selinux/mapping/31.0.cil ...
Processing system/etc/selinux/mapping/31.0.compat.cil ...
Processing system/etc/selinux/mapping/32.0.cil ...
Processing system/etc/selinux/mapping/32.0.compat.cil ...
Processing system/etc/selinux/mapping/33.0.cil ...
Processing system/etc/selinux/mapping/33.0.compat.cil ...
Processing system/etc/selinux/mapping/34.0.cil ...
Processing system/etc/selinux/mapping/34.0.compat.cil ...
Processing system/etc/sysconfig/app-lock-exempt.xml ...
Processing system/etc/sysconfig/enhanced-confirmation.xml ...
Processing system/etc/sysconfig/framework-sysconfig.xml ...
Processing system/etc/sysconfig/hiddenapi-package-whitelist.xml ...
Processing system/etc/sysconfig/initial-package-stopped-states.xml ...
Processing system/etc/sysconfig/package-shareduid-allowlist.xml ...
Processing system/etc/sysconfig/preinstalled-packages-merged-system.xml ...
Processing system/etc/vintf/compatibility_matrix.202404.xml ...
Processing system/etc/vintf/compatibility_matrix.202504.xml ...
Processing system/etc/vintf/compatibility_matrix.202604.xml ...
Processing system/etc/vintf/compatibility_matrix.7.xml ...
Processing system/etc/vintf/compatibility_matrix.8.xml ...
Processing system/etc/vintf/compatibility_matrix.device.xml ...
Processing system/etc/vintf/manifest ...
Processing system/etc/vintf/manifest.xml ...
Processing system/etc/vintf/manifest/android.frameworks.stats-service.xml ...
Processing system/etc/vintf/manifest/android.system.keystore2-service.xml ...
Processing system/etc/vintf/manifest/android.system.net.netd-service.xml ...
Processing system/etc/vintf/manifest/android.system.suspend-service.xml ...
Processing system/etc/vintf/manifest/android.system.vold-service.xml ...
Processing system/etc/vintf/manifest/manifest_android.frameworks.cameraservice.service.xml ...
Processing system/etc/vintf/manifest/manifest_media_c2_software.xml ...
Processing system/etc/vintf/manifest/manifest_services_android.frameworks.devicestate.xml ...
Processing system/etc/vintf/manifest/manifest_services_android.frameworks.location.xml ...
Processing system/etc/vintf/manifest/manifest_services_android.frameworks.vibrator.xml ...
Processing system/etc/vintf/manifest/omapi.xml ...
Processing system/fonts/AndroidClock.ttf ...
Processing system/fonts/CarroisGothicSC-Regular.ttf ...
Processing system/fonts/ComingSoon.ttf ...
Processing system/fonts/CutiveMono.ttf ...
Processing system/fonts/DancingScript-Regular.ttf ...
Processing system/fonts/DroidSans-Bold.ttf ...
Processing system/fonts/DroidSans.ttf ...
Processing system/fonts/DroidSansMono.ttf ...
Processing system/fonts/MiClockTibetan-Thin.ttf ...
Processing system/fonts/MiHaus.ttf ...
Processing system/fonts/MiSansArabicVF.ttf ...
Processing system/fonts/MiSansBengaliVF.ttf ...
Processing system/fonts/MiSansCondensed2T.ttf ...
Processing system/fonts/MiSansDevanagariVF.ttf ...
Processing system/fonts/MiSansGujaratiVF.ttf ...
Processing system/fonts/MiSansJapaneseVF.ttf ...
Processing system/fonts/MiSansKannadaVF.ttf ...
Processing system/fonts/MiSansKhmerVF.ttf ...
Processing system/fonts/MiSansKoreanVF.ttf ...
Processing system/fonts/MiSansLatinVF.ttf ...
Processing system/fonts/MiSansMalayalamVF.ttf ...
Processing system/fonts/MiSansOdiaVF.ttf ...
Processing system/fonts/MiSansRCF.ttf ...
Processing system/fonts/MiSansRoundedF.ttf ...
Processing system/fonts/MiSansSquareF.ttf ...
Processing system/fonts/MiSansTCVF.ttf ...
Processing system/fonts/MiSansTamilVF.ttf ...
Processing system/fonts/MiSansTeluguVF.ttf ...
Processing system/fonts/MiSansTibetanVF.ttf ...
Processing system/fonts/MiSansVF.ttf ...
Processing system/fonts/MiSerif.ttf ...
Processing system/fonts/MiSerifSCVF.ttf ...
Processing system/fonts/MiSerifTCVF.ttf ...
Processing system/fonts/NotoColorEmoji.ttf ...
Processing system/fonts/NotoColorEmojiFlags.ttf ...
Processing system/fonts/NotoNaskhArabic-Bold.ttf ...
Processing system/fonts/NotoNaskhArabic-Regular.ttf ...
Processing system/fonts/NotoNaskhArabicUI-Bold.ttf ...
Processing system/fonts/NotoNaskhArabicUI-Regular.ttf ...
Processing system/fonts/NotoSansAdlam-VF.ttf ...
Processing system/fonts/NotoSansAhom-Regular.otf ...
Processing system/fonts/NotoSansAnatolianHieroglyphs-Regular.otf ...
Processing system/fonts/NotoSansArmenian-VF.ttf ...
Processing system/fonts/NotoSansAvestan-Regular.ttf ...
Processing system/fonts/NotoSansBalinese-Regular.ttf ...
Processing system/fonts/NotoSansBamum-Regular.ttf ...
Processing system/fonts/NotoSansBassaVah-Regular.otf ...
Processing system/fonts/NotoSansBatak-Regular.ttf ...
Processing system/fonts/NotoSansBengali-VF.ttf ...
Processing system/fonts/NotoSansBengaliUI-VF.ttf ...
Processing system/fonts/NotoSansBhaiksuki-Regular.otf ...
Processing system/fonts/NotoSansBrahmi-Regular.ttf ...
Processing system/fonts/NotoSansBuginese-Regular.ttf ...
Processing system/fonts/NotoSansBuhid-Regular.ttf ...
Processing system/fonts/NotoSansCJK-Regular.ttc ...
Processing system/fonts/NotoSansCanadianAboriginal-Regular.ttf ...
Processing system/fonts/NotoSansCarian-Regular.ttf ...
Processing system/fonts/NotoSansChakma-Regular.otf ...
Processing system/fonts/NotoSansCham-Bold.ttf ...
Processing system/fonts/NotoSansCham-Regular.ttf ...
Processing system/fonts/NotoSansCherokee-Regular.ttf ...
Processing system/fonts/NotoSansCoptic-Regular.ttf ...
Processing system/fonts/NotoSansCuneiform-Regular.ttf ...
Processing system/fonts/NotoSansCypriot-Regular.ttf ...
Processing system/fonts/NotoSansDeseret-Regular.ttf ...
Processing system/fonts/NotoSansDevanagari-VF.ttf ...
Processing system/fonts/NotoSansDevanagariUI-VF.ttf ...
Processing system/fonts/NotoSansEgyptianHieroglyphs-Regular.ttf ...
Processing system/fonts/NotoSansElbasan-Regular.otf ...
Processing system/fonts/NotoSansEthiopic-VF.ttf ...
Processing system/fonts/NotoSansGeorgian-VF.ttf ...
Processing system/fonts/NotoSansGlagolitic-Regular.ttf ...
Processing system/fonts/NotoSansGothic-Regular.ttf ...
Processing system/fonts/NotoSansGrantha-Regular.ttf ...
Processing system/fonts/NotoSansGujarati-Bold.ttf ...
Processing system/fonts/NotoSansGujarati-Regular.ttf ...
Processing system/fonts/NotoSansGujaratiUI-Bold.ttf ...
Processing system/fonts/NotoSansGujaratiUI-Regular.ttf ...
Processing system/fonts/NotoSansGunjalaGondi-Regular.otf ...
Processing system/fonts/NotoSansGurmukhi-VF.ttf ...
Processing system/fonts/NotoSansGurmukhiUI-VF.ttf ...
Processing system/fonts/NotoSansHanifiRohingya-Regular.otf ...
Processing system/fonts/NotoSansHanunoo-Regular.ttf ...
Processing system/fonts/NotoSansHatran-Regular.otf ...
Processing system/fonts/NotoSansHebrew-Bold.ttf ...
Processing system/fonts/NotoSansHebrew-Regular.ttf ...
Processing system/fonts/NotoSansImperialAramaic-Regular.ttf ...
Processing system/fonts/NotoSansInscriptionalPahlavi-Regular.ttf ...
Processing system/fonts/NotoSansInscriptionalParthian-Regular.ttf ...
Processing system/fonts/NotoSansJavanese-Regular.otf ...
Processing system/fonts/NotoSansKaithi-Regular.ttf ...
Processing system/fonts/NotoSansKannada-VF.ttf ...
Processing system/fonts/NotoSansKannadaUI-VF.ttf ...
Processing system/fonts/NotoSansKayahLi-Regular.ttf ...
Processing system/fonts/NotoSansKharoshthi-Regular.ttf ...
Processing system/fonts/NotoSansKhmer-VF.ttf ...
Processing system/fonts/NotoSansKhmerUI-Bold.ttf ...
Processing system/fonts/NotoSansKhmerUI-Regular.ttf ...
Processing system/fonts/NotoSansKhojki-Regular.otf ...
Processing system/fonts/NotoSansLao-Bold.ttf ...
Processing system/fonts/NotoSansLao-Regular.ttf ...
Processing system/fonts/NotoSansLaoUI-Bold.ttf ...
Processing system/fonts/NotoSansLaoUI-Regular.ttf ...
Processing system/fonts/NotoSansLepcha-Regular.ttf ...
Processing system/fonts/NotoSansLimbu-Regular.ttf ...
Processing system/fonts/NotoSansLinearA-Regular.otf ...
Processing system/fonts/NotoSansLinearB-Regular.ttf ...
Processing system/fonts/NotoSansLisu-Regular.ttf ...
Processing system/fonts/NotoSansLycian-Regular.ttf ...
Processing system/fonts/NotoSansLydian-Regular.ttf ...
Processing system/fonts/NotoSansMalayalam-VF.ttf ...
Processing system/fonts/NotoSansMalayalamUI-VF.ttf ...
Processing system/fonts/NotoSansMandaic-Regular.ttf ...
Processing system/fonts/NotoSansManichaean-Regular.otf ...
Processing system/fonts/NotoSansMarchen-Regular.otf ...
Processing system/fonts/NotoSansMasaramGondi-Regular.otf ...
Processing system/fonts/NotoSansMedefaidrin-VF.ttf ...
Processing system/fonts/NotoSansMeeteiMayek-Regular.ttf ...
Processing system/fonts/NotoSansMeroitic-Regular.otf ...
Processing system/fonts/NotoSansMiao-Regular.otf ...
Processing system/fonts/NotoSansModi-Regular.ttf ...
Processing system/fonts/NotoSansMongolian-Regular.ttf ...
Processing system/fonts/NotoSansMro-Regular.otf ...
Processing system/fonts/NotoSansMultani-Regular.otf ...
Processing system/fonts/NotoSansMyanmar-Bold.otf ...
Processing system/fonts/NotoSansMyanmar-Medium.otf ...
Processing system/fonts/NotoSansMyanmar-Regular.otf ...
Processing system/fonts/NotoSansMyanmarUI-Bold.otf ...
Processing system/fonts/NotoSansMyanmarUI-Medium.otf ...
Processing system/fonts/NotoSansMyanmarUI-Regular.otf ...
Processing system/fonts/NotoSansNKo-Regular.ttf ...
Processing system/fonts/NotoSansNabataean-Regular.otf ...
Processing system/fonts/NotoSansNewTaiLue-Regular.ttf ...
Processing system/fonts/NotoSansNewa-Regular.otf ...
Processing system/fonts/NotoSansOgham-Regular.ttf ...
Processing system/fonts/NotoSansOlChiki-Regular.ttf ...
Processing system/fonts/NotoSansOldItalic-Regular.ttf ...
Processing system/fonts/NotoSansOldNorthArabian-Regular.otf ...
Processing system/fonts/NotoSansOldPermic-Regular.otf ...
Processing system/fonts/NotoSansOldPersian-Regular.ttf ...
Processing system/fonts/NotoSansOldSouthArabian-Regular.ttf ...
Processing system/fonts/NotoSansOldTurkic-Regular.ttf ...
Processing system/fonts/NotoSansOriya-Bold.ttf ...
Processing system/fonts/NotoSansOriya-Regular.ttf ...
Processing system/fonts/NotoSansOriyaUI-Bold.ttf ...
Processing system/fonts/NotoSansOriyaUI-Regular.ttf ...
Processing system/fonts/NotoSansOsage-Regular.ttf ...
Processing system/fonts/NotoSansOsmanya-Regular.ttf ...
Processing system/fonts/NotoSansPahawhHmong-Regular.otf ...
Processing system/fonts/NotoSansPalmyrene-Regular.otf ...
Processing system/fonts/NotoSansPauCinHau-Regular.otf ...
Processing system/fonts/NotoSansPhagsPa-Regular.ttf ...
Processing system/fonts/NotoSansPhoenician-Regular.ttf ...
Processing system/fonts/NotoSansRejang-Regular.ttf ...
Processing system/fonts/NotoSansRunic-Regular.ttf ...
Processing system/fonts/NotoSansSamaritan-Regular.ttf ...
Processing system/fonts/NotoSansSaurashtra-Regular.ttf ...
Processing system/fonts/NotoSansSharada-Regular.otf ...
Processing system/fonts/NotoSansShavian-Regular.ttf ...
Processing system/fonts/NotoSansSinhala-VF.ttf ...
Processing system/fonts/NotoSansSinhalaUI-VF.ttf ...
Processing system/fonts/NotoSansSoraSompeng-Regular.otf ...
Processing system/fonts/NotoSansSoyombo-VF.ttf ...
Processing system/fonts/NotoSansSundanese-Regular.ttf ...
Processing system/fonts/NotoSansSylotiNagri-Regular.ttf ...
Processing system/fonts/NotoSansSymbols-Regular-Subsetted.ttf ...
Processing system/fonts/NotoSansSymbols-Regular-Subsetted2.ttf ...
Processing system/fonts/NotoSansSyriacEastern-Regular.ttf ...
Processing system/fonts/NotoSansSyriacEstrangela-Regular.ttf ...
Processing system/fonts/NotoSansSyriacWestern-Regular.ttf ...
Processing system/fonts/NotoSansTagalog-Regular.ttf ...
Processing system/fonts/NotoSansTagbanwa-Regular.ttf ...
Processing system/fonts/NotoSansTaiLe-Regular.ttf ...
Processing system/fonts/NotoSansTaiTham-Regular.ttf ...
Processing system/fonts/NotoSansTaiViet-Regular.ttf ...
Processing system/fonts/NotoSansTakri-VF.ttf ...
Processing system/fonts/NotoSansTamil-VF.ttf ...
Processing system/fonts/NotoSansTamilUI-VF.ttf ...
Processing system/fonts/NotoSansTelugu-VF.ttf ...
Processing system/fonts/NotoSansTeluguUI-VF.ttf ...
Processing system/fonts/NotoSansThaana-Bold.ttf ...
Processing system/fonts/NotoSansThaana-Regular.ttf ...
Processing system/fonts/NotoSansThai-Bold.ttf ...
Processing system/fonts/NotoSansThai-Regular.ttf ...
Processing system/fonts/NotoSansThaiUI-Bold.ttf ...
Processing system/fonts/NotoSansThaiUI-Regular.ttf ...
Processing system/fonts/NotoSansTifinagh-Regular.otf ...
Processing system/fonts/NotoSansUgaritic-Regular.ttf ...
Processing system/fonts/NotoSansVai-Regular.ttf ...
Processing system/fonts/NotoSansWancho-Regular.otf ...
Processing system/fonts/NotoSansWarangCiti-Regular.otf ...
Processing system/fonts/NotoSansYi-Regular.ttf ...
Processing system/fonts/NotoSerif-Bold.ttf ...
Processing system/fonts/NotoSerif-BoldItalic.ttf ...
Processing system/fonts/NotoSerif-Italic.ttf ...
Processing system/fonts/NotoSerif-Regular.ttf ...
Processing system/fonts/NotoSerifArmenian-VF.ttf ...
Processing system/fonts/NotoSerifBengali-VF.ttf ...
Processing system/fonts/NotoSerifCJK-Regular.ttc ...
Processing system/fonts/NotoSerifDevanagari-VF.ttf ...
Processing system/fonts/NotoSerifDogra-Regular.ttf ...
Processing system/fonts/NotoSerifEthiopic-VF.ttf ...
Processing system/fonts/NotoSerifGeorgian-VF.ttf ...
Processing system/fonts/NotoSerifGujarati-VF.ttf ...
Processing system/fonts/NotoSerifGurmukhi-VF.ttf ...
Processing system/fonts/NotoSerifHebrew-Bold.ttf ...
Processing system/fonts/NotoSerifHebrew-Regular.ttf ...
Processing system/fonts/NotoSerifHentaigana.ttf ...
Processing system/fonts/NotoSerifKannada-VF.ttf ...
Processing system/fonts/NotoSerifKhmer-Bold.otf ...
Processing system/fonts/NotoSerifKhmer-Regular.ttf ...
Processing system/fonts/NotoSerifLao-Bold.ttf ...
Processing system/fonts/NotoSerifLao-Regular.ttf ...
Processing system/fonts/NotoSerifMalayalam-VF.ttf ...
Processing system/fonts/NotoSerifMyanmar-Bold.otf ...
Processing system/fonts/NotoSerifMyanmar-Regular.otf ...
Processing system/fonts/NotoSerifNyiakengPuachueHmong-VF.ttf ...
Processing system/fonts/NotoSerifSinhala-VF.ttf ...
Processing system/fonts/NotoSerifTamil-VF.ttf ...
Processing system/fonts/NotoSerifTelugu-VF.ttf ...
Processing system/fonts/NotoSerifThai-Bold.ttf ...
Processing system/fonts/NotoSerifThai-Regular.ttf ...
Processing system/fonts/NotoSerifTibetan-VF.ttf ...
Processing system/fonts/NotoSerifYezidi-VF.ttf ...
Processing system/fonts/Roboto-Regular.ttf ...
Processing system/fonts/RobotoFlex-Regular.ttf ...
Processing system/fonts/RobotoStatic-Regular.ttf ...
Processing system/fonts/SourceSansPro-Bold.ttf ...
Processing system/fonts/SourceSansPro-BoldItalic.ttf ...
Processing system/fonts/SourceSansPro-Italic.ttf ...
Processing system/fonts/SourceSansPro-Regular.ttf ...
Processing system/fonts/SourceSansPro-SemiBold.ttf ...
Processing system/fonts/SourceSansPro-SemiBoldItalic.ttf ...
Processing system/framework/abx.jar ...
Processing system/framework/abx.jar.fsv_meta ...
Processing system/framework/am.jar ...
Processing system/framework/am.jar.fsv_meta ...
Processing system/framework/android.hidl.base-V1.0-java.jar ...
Processing system/framework/android.hidl.base-V1.0-java.jar.fsv_meta ...
Processing system/framework/android.hidl.manager-V1.0-java.jar ...
Processing system/framework/android.hidl.manager-V1.0-java.jar.fsv_meta ...
Processing system/framework/android.test.base.jar ...
Processing system/framework/android.test.base.jar.fsv_meta ...
Processing system/framework/android.test.mock.jar ...
Processing system/framework/android.test.mock.jar.fsv_meta ...
Processing system/framework/android.test.runner.jar ...
Processing system/framework/android.test.runner.jar.fsv_meta ...
Processing system/framework/arm ...
Processing system/framework/arm64 ...
Processing system/framework/bmgr.jar ...
Processing system/framework/bmgr.jar.fsv_meta ...
Processing system/framework/boot-apache-xml.vdex ...
Processing system/framework/boot-apache-xml.vdex.fsv_meta ...
Processing system/framework/boot-bouncycastle.vdex ...
Processing system/framework/boot-bouncycastle.vdex.fsv_meta ...
Processing system/framework/boot-core-icu4j.vdex ...
Processing system/framework/boot-core-icu4j.vdex.fsv_meta ...
Processing system/framework/boot-core-libart.vdex ...
Processing system/framework/boot-core-libart.vdex.fsv_meta ...
Processing system/framework/boot-ext.vdex ...
Processing system/framework/boot-ext.vdex.fsv_meta ...
Processing system/framework/boot-framework-adservices.vdex ...
Processing system/framework/boot-framework-adservices.vdex.fsv_meta ...
Processing system/framework/boot-framework-graphics.vdex ...
Processing system/framework/boot-framework-graphics.vdex.fsv_meta ...
Processing system/framework/boot-framework-location.vdex ...
Processing system/framework/boot-framework-location.vdex.fsv_meta ...
Processing system/framework/boot-framework-ondeviceintelligence-platform.vdex ...
Processing system/framework/boot-framework-ondeviceintelligence-platform.vdex.fsv_meta ...
Processing system/framework/boot-framework.vdex ...
Processing system/framework/boot-framework.vdex.fsv_meta ...
Processing system/framework/boot-ims-common.vdex ...
Processing system/framework/boot-ims-common.vdex.fsv_meta ...
Processing system/framework/boot-okhttp.vdex ...
Processing system/framework/boot-okhttp.vdex.fsv_meta ...
Processing system/framework/boot-telephony-common.vdex ...
Processing system/framework/boot-telephony-common.vdex.fsv_meta ...
Processing system/framework/boot-voip-common.vdex ...
Processing system/framework/boot-voip-common.vdex.fsv_meta ...
Processing system/framework/boot.vdex ...
Processing system/framework/boot.vdex.fsv_meta ...
Processing system/framework/bu.jar ...
Processing system/framework/bu.jar.fsv_meta ...
Processing system/framework/com.android.future.usb.accessory.jar ...
Processing system/framework/com.android.future.usb.accessory.jar.fsv_meta ...
Processing system/framework/com.android.location.provider.jar ...
Processing system/framework/com.android.location.provider.jar.fsv_meta ...
Processing system/framework/com.android.media.remotedisplay.jar ...
Processing system/framework/com.android.media.remotedisplay.jar.fsv_meta ...
Processing system/framework/com.android.mediadrm.signer.jar ...
Processing system/framework/com.android.mediadrm.signer.jar.fsv_meta ...
Processing system/framework/com.android.nfc_extras.jar ...
Processing system/framework/com.android.nfc_extras.jar.fsv_meta ...
Processing system/framework/content.jar ...
Processing system/framework/content.jar.fsv_meta ...
Processing system/framework/ext.jar ...
Processing system/framework/ext.jar.fsv_meta ...
Processing system/framework/framework-graphics.jar ...
Processing system/framework/framework-graphics.jar.fsv_meta ...
Processing system/framework/framework-location.jar ...
Processing system/framework/framework-location.jar.fsv_meta ...
Processing system/framework/framework-ondeviceintelligence-platform.jar ...
Processing system/framework/framework-ondeviceintelligence-platform.jar.fsv_meta ...
Processing system/framework/framework-res.apk ...
Processing system/framework/framework-res.apk.fsv_meta ...
Processing system/framework/framework.jar ...
Processing system/framework/framework.jar.fsv_meta ...
Processing system/framework/hid.jar ...
Processing system/framework/hid.jar.fsv_meta ...
Processing system/framework/ims-common.jar ...
Processing system/framework/ims-common.jar.fsv_meta ...
Processing system/framework/incident-helper-cmd.jar ...
Processing system/framework/incident-helper-cmd.jar.fsv_meta ...
Processing system/framework/javax.obex.jar ...
Processing system/framework/javax.obex.jar.fsv_meta ...
Processing system/framework/monkey.jar ...
Processing system/framework/monkey.jar.fsv_meta ...
Processing system/framework/oat ...
Processing system/framework/org.apache.http.legacy.jar ...
Processing system/framework/org.apache.http.legacy.jar.fsv_meta ...
Processing system/framework/org.apache.http.legacy.jar.prof ...
Processing system/framework/org.apache.http.legacy.jar.prof.fsv_meta ...
Processing system/framework/requestsync.jar ...
Processing system/framework/requestsync.jar.fsv_meta ...
Processing system/framework/services.jar ...
Processing system/framework/services.jar.fsv_meta ...
Processing system/framework/services.jar.prof ...
Processing system/framework/services.jar.prof.fsv_meta ...
Processing system/framework/sm.jar ...
Processing system/framework/sm.jar.fsv_meta ...
Processing system/framework/svc.jar ...
Processing system/framework/svc.jar.fsv_meta ...
Processing system/framework/telecom.jar ...
Processing system/framework/telecom.jar.fsv_meta ...
Processing system/framework/telephony-common.jar ...
Processing system/framework/telephony-common.jar.fsv_meta ...
Processing system/framework/tradeinmode.jar ...
Processing system/framework/tradeinmode.jar.fsv_meta ...
Processing system/framework/uiautomator.jar ...
Processing system/framework/uiautomator.jar.fsv_meta ...
Processing system/framework/uinput.jar ...
Processing system/framework/uinput.jar.fsv_meta ...
Processing system/framework/voip-common.jar ...
Processing system/framework/voip-common.jar.fsv_meta ...
Processing system/framework/vr.jar ...
Processing system/framework/vr.jar.fsv_meta ...
Processing system/framework/arm/boot-apache-xml.art ...
Processing system/framework/arm/boot-apache-xml.art.fsv_meta ...
Processing system/framework/arm/boot-apache-xml.oat ...
Processing system/framework/arm/boot-apache-xml.oat.fsv_meta ...
Processing system/framework/arm/boot-apache-xml.vdex ...
Processing system/framework/arm/boot-apache-xml.vdex.fsv_meta ...
Processing system/framework/arm/boot-bouncycastle.art ...
Processing system/framework/arm/boot-bouncycastle.art.fsv_meta ...
Processing system/framework/arm/boot-bouncycastle.oat ...
Processing system/framework/arm/boot-bouncycastle.oat.fsv_meta ...
Processing system/framework/arm/boot-bouncycastle.vdex ...
Processing system/framework/arm/boot-bouncycastle.vdex.fsv_meta ...
Processing system/framework/arm/boot-core-icu4j.art ...
Processing system/framework/arm/boot-core-icu4j.art.fsv_meta ...
Processing system/framework/arm/boot-core-icu4j.oat ...
Processing system/framework/arm/boot-core-icu4j.oat.fsv_meta ...
Processing system/framework/arm/boot-core-icu4j.vdex ...
Processing system/framework/arm/boot-core-icu4j.vdex.fsv_meta ...
Processing system/framework/arm/boot-core-libart.art ...
Processing system/framework/arm/boot-core-libart.art.fsv_meta ...
Processing system/framework/arm/boot-core-libart.oat ...
Processing system/framework/arm/boot-core-libart.oat.fsv_meta ...
Processing system/framework/arm/boot-core-libart.vdex ...
Processing system/framework/arm/boot-core-libart.vdex.fsv_meta ...
Processing system/framework/arm/boot-ext.art ...
Processing system/framework/arm/boot-ext.art.fsv_meta ...
Processing system/framework/arm/boot-ext.oat ...
Processing system/framework/arm/boot-ext.oat.fsv_meta ...
Processing system/framework/arm/boot-ext.vdex ...
Processing system/framework/arm/boot-ext.vdex.fsv_meta ...
Processing system/framework/arm/boot-framework-adservices.art ...
Processing system/framework/arm/boot-framework-adservices.art.fsv_meta ...
Processing system/framework/arm/boot-framework-adservices.oat ...
Processing system/framework/arm/boot-framework-adservices.oat.fsv_meta ...
Processing system/framework/arm/boot-framework-adservices.vdex ...
Processing system/framework/arm/boot-framework-adservices.vdex.fsv_meta ...
Processing system/framework/arm/boot-framework-graphics.art ...
Processing system/framework/arm/boot-framework-graphics.art.fsv_meta ...
Processing system/framework/arm/boot-framework-graphics.oat ...
Processing system/framework/arm/boot-framework-graphics.oat.fsv_meta ...
Processing system/framework/arm/boot-framework-graphics.vdex ...
Processing system/framework/arm/boot-framework-graphics.vdex.fsv_meta ...
Processing system/framework/arm/boot-framework-location.art ...
Processing system/framework/arm/boot-framework-location.art.fsv_meta ...
Processing system/framework/arm/boot-framework-location.oat ...
Processing system/framework/arm/boot-framework-location.oat.fsv_meta ...
Processing system/framework/arm/boot-framework-location.vdex ...
Processing system/framework/arm/boot-framework-location.vdex.fsv_meta ...
Processing system/framework/arm/boot-framework-ondeviceintelligence-platform.art ...
Processing system/framework/arm/boot-framework-ondeviceintelligence-platform.art.fsv_meta ...
Processing system/framework/arm/boot-framework-ondeviceintelligence-platform.oat ...
Processing system/framework/arm/boot-framework-ondeviceintelligence-platform.oat.fsv_meta ...
Processing system/framework/arm/boot-framework-ondeviceintelligence-platform.vdex ...
Processing system/framework/arm/boot-framework-ondeviceintelligence-platform.vdex.fsv_meta ...
Processing system/framework/arm/boot-framework.art ...
Processing system/framework/arm/boot-framework.art.fsv_meta ...
Processing system/framework/arm/boot-framework.oat ...
Processing system/framework/arm/boot-framework.oat.fsv_meta ...
Processing system/framework/arm/boot-framework.vdex ...
Processing system/framework/arm/boot-framework.vdex.fsv_meta ...
Processing system/framework/arm/boot-ims-common.art ...
Processing system/framework/arm/boot-ims-common.art.fsv_meta ...
Processing system/framework/arm/boot-ims-common.oat ...
Processing system/framework/arm/boot-ims-common.oat.fsv_meta ...
Processing system/framework/arm/boot-ims-common.vdex ...
Processing system/framework/arm/boot-ims-common.vdex.fsv_meta ...
Processing system/framework/arm/boot-okhttp.art ...
Processing system/framework/arm/boot-okhttp.art.fsv_meta ...
Processing system/framework/arm/boot-okhttp.oat ...
Processing system/framework/arm/boot-okhttp.oat.fsv_meta ...
Processing system/framework/arm/boot-okhttp.vdex ...
Processing system/framework/arm/boot-okhttp.vdex.fsv_meta ...
Processing system/framework/arm/boot-telephony-common.art ...
Processing system/framework/arm/boot-telephony-common.art.fsv_meta ...
Processing system/framework/arm/boot-telephony-common.oat ...
Processing system/framework/arm/boot-telephony-common.oat.fsv_meta ...
Processing system/framework/arm/boot-telephony-common.vdex ...
Processing system/framework/arm/boot-telephony-common.vdex.fsv_meta ...
Processing system/framework/arm/boot-voip-common.art ...
Processing system/framework/arm/boot-voip-common.art.fsv_meta ...
Processing system/framework/arm/boot-voip-common.oat ...
Processing system/framework/arm/boot-voip-common.oat.fsv_meta ...
Processing system/framework/arm/boot-voip-common.vdex ...
Processing system/framework/arm/boot-voip-common.vdex.fsv_meta ...
Processing system/framework/arm/boot.art ...
Processing system/framework/arm/boot.art.fsv_meta ...
Processing system/framework/arm/boot.oat ...
Processing system/framework/arm/boot.oat.fsv_meta ...
Processing system/framework/arm/boot.vdex ...
Processing system/framework/arm/boot.vdex.fsv_meta ...
Processing system/framework/arm64/boot-apache-xml.art ...
Processing system/framework/arm64/boot-apache-xml.art.fsv_meta ...
Processing system/framework/arm64/boot-apache-xml.oat ...
Processing system/framework/arm64/boot-apache-xml.oat.fsv_meta ...
Processing system/framework/arm64/boot-apache-xml.vdex ...
Processing system/framework/arm64/boot-apache-xml.vdex.fsv_meta ...
Processing system/framework/arm64/boot-bouncycastle.art ...
Processing system/framework/arm64/boot-bouncycastle.art.fsv_meta ...
Processing system/framework/arm64/boot-bouncycastle.oat ...
Processing system/framework/arm64/boot-bouncycastle.oat.fsv_meta ...
Processing system/framework/arm64/boot-bouncycastle.vdex ...
Processing system/framework/arm64/boot-bouncycastle.vdex.fsv_meta ...
Processing system/framework/arm64/boot-core-icu4j.art ...
Processing system/framework/arm64/boot-core-icu4j.art.fsv_meta ...
Processing system/framework/arm64/boot-core-icu4j.oat ...
Processing system/framework/arm64/boot-core-icu4j.oat.fsv_meta ...
Processing system/framework/arm64/boot-core-icu4j.vdex ...
Processing system/framework/arm64/boot-core-icu4j.vdex.fsv_meta ...
Processing system/framework/arm64/boot-core-libart.art ...
Processing system/framework/arm64/boot-core-libart.art.fsv_meta ...
Processing system/framework/arm64/boot-core-libart.oat ...
Processing system/framework/arm64/boot-core-libart.oat.fsv_meta ...
Processing system/framework/arm64/boot-core-libart.vdex ...
Processing system/framework/arm64/boot-core-libart.vdex.fsv_meta ...
Processing system/framework/arm64/boot-ext.art ...
Processing system/framework/arm64/boot-ext.art.fsv_meta ...
Processing system/framework/arm64/boot-ext.oat ...
Processing system/framework/arm64/boot-ext.oat.fsv_meta ...
Processing system/framework/arm64/boot-ext.vdex ...
Processing system/framework/arm64/boot-ext.vdex.fsv_meta ...
Processing system/framework/arm64/boot-framework-adservices.art ...
Processing system/framework/arm64/boot-framework-adservices.art.fsv_meta ...
Processing system/framework/arm64/boot-framework-adservices.oat ...
Processing system/framework/arm64/boot-framework-adservices.oat.fsv_meta ...
Processing system/framework/arm64/boot-framework-adservices.vdex ...
Processing system/framework/arm64/boot-framework-adservices.vdex.fsv_meta ...
Processing system/framework/arm64/boot-framework-graphics.art ...
Processing system/framework/arm64/boot-framework-graphics.art.fsv_meta ...
Processing system/framework/arm64/boot-framework-graphics.oat ...
Processing system/framework/arm64/boot-framework-graphics.oat.fsv_meta ...
Processing system/framework/arm64/boot-framework-graphics.vdex ...
Processing system/framework/arm64/boot-framework-graphics.vdex.fsv_meta ...
Processing system/framework/arm64/boot-framework-location.art ...
Processing system/framework/arm64/boot-framework-location.art.fsv_meta ...
Processing system/framework/arm64/boot-framework-location.oat ...
Processing system/framework/arm64/boot-framework-location.oat.fsv_meta ...
Processing system/framework/arm64/boot-framework-location.vdex ...
Processing system/framework/arm64/boot-framework-location.vdex.fsv_meta ...
Processing system/framework/arm64/boot-framework-ondeviceintelligence-platform.art ...
Processing system/framework/arm64/boot-framework-ondeviceintelligence-platform.art.fsv_meta ...
Processing system/framework/arm64/boot-framework-ondeviceintelligence-platform.oat ...
Processing system/framework/arm64/boot-framework-ondeviceintelligence-platform.oat.fsv_meta ...
Processing system/framework/arm64/boot-framework-ondeviceintelligence-platform.vdex ...
Processing system/framework/arm64/boot-framework-ondeviceintelligence-platform.vdex.fsv_meta ...
Processing system/framework/arm64/boot-framework.art ...
Processing system/framework/arm64/boot-framework.art.fsv_meta ...
Processing system/framework/arm64/boot-framework.oat ...
Processing system/framework/arm64/boot-framework.oat.fsv_meta ...
Processing system/framework/arm64/boot-framework.vdex ...
Processing system/framework/arm64/boot-framework.vdex.fsv_meta ...
Processing system/framework/arm64/boot-ims-common.art ...
Processing system/framework/arm64/boot-ims-common.art.fsv_meta ...
Processing system/framework/arm64/boot-ims-common.oat ...
Processing system/framework/arm64/boot-ims-common.oat.fsv_meta ...
Processing system/framework/arm64/boot-ims-common.vdex ...
Processing system/framework/arm64/boot-ims-common.vdex.fsv_meta ...
Processing system/framework/arm64/boot-okhttp.art ...
Processing system/framework/arm64/boot-okhttp.art.fsv_meta ...
Processing system/framework/arm64/boot-okhttp.oat ...
Processing system/framework/arm64/boot-okhttp.oat.fsv_meta ...
Processing system/framework/arm64/boot-okhttp.vdex ...
Processing system/framework/arm64/boot-okhttp.vdex.fsv_meta ...
Processing system/framework/arm64/boot-telephony-common.art ...
Processing system/framework/arm64/boot-telephony-common.art.fsv_meta ...
Processing system/framework/arm64/boot-telephony-common.oat ...
Processing system/framework/arm64/boot-telephony-common.oat.fsv_meta ...
Processing system/framework/arm64/boot-telephony-common.vdex ...
Processing system/framework/arm64/boot-telephony-common.vdex.fsv_meta ...
Processing system/framework/arm64/boot-voip-common.art ...
Processing system/framework/arm64/boot-voip-common.art.fsv_meta ...
Processing system/framework/arm64/boot-voip-common.oat ...
Processing system/framework/arm64/boot-voip-common.oat.fsv_meta ...
Processing system/framework/arm64/boot-voip-common.vdex ...
Processing system/framework/arm64/boot-voip-common.vdex.fsv_meta ...
Processing system/framework/arm64/boot.art ...
Processing system/framework/arm64/boot.art.fsv_meta ...
Processing system/framework/arm64/boot.oat ...
Processing system/framework/arm64/boot.oat.fsv_meta ...
Processing system/framework/arm64/boot.vdex ...
Processing system/framework/arm64/boot.vdex.fsv_meta ...
Processing system/framework/oat/arm ...
Processing system/framework/oat/arm64 ...
Processing system/framework/oat/arm/abx.odex ...
Processing system/framework/oat/arm/abx.odex.fsv_meta ...
Processing system/framework/oat/arm/abx.vdex ...
Processing system/framework/oat/arm/abx.vdex.fsv_meta ...
Processing system/framework/oat/arm/am.odex ...
Processing system/framework/oat/arm/am.odex.fsv_meta ...
Processing system/framework/oat/arm/am.vdex ...
Processing system/framework/oat/arm/am.vdex.fsv_meta ...
Processing system/framework/oat/arm/android.hidl.base-V1.0-java.odex ...
Processing system/framework/oat/arm/android.hidl.base-V1.0-java.odex.fsv_meta ...
Processing system/framework/oat/arm/android.hidl.base-V1.0-java.vdex ...
Processing system/framework/oat/arm/android.hidl.base-V1.0-java.vdex.fsv_meta ...
Processing system/framework/oat/arm/android.hidl.manager-V1.0-java.odex ...
Processing system/framework/oat/arm/android.hidl.manager-V1.0-java.odex.fsv_meta ...
Processing system/framework/oat/arm/android.hidl.manager-V1.0-java.vdex ...
Processing system/framework/oat/arm/android.hidl.manager-V1.0-java.vdex.fsv_meta ...
Processing system/framework/oat/arm/android.test.base.odex ...
Processing system/framework/oat/arm/android.test.base.odex.fsv_meta ...
Processing system/framework/oat/arm/android.test.base.vdex ...
Processing system/framework/oat/arm/android.test.base.vdex.fsv_meta ...
Processing system/framework/oat/arm/android.test.mock.odex ...
Processing system/framework/oat/arm/android.test.mock.odex.fsv_meta ...
Processing system/framework/oat/arm/android.test.mock.vdex ...
Processing system/framework/oat/arm/android.test.mock.vdex.fsv_meta ...
Processing system/framework/oat/arm/android.test.runner.odex ...
Processing system/framework/oat/arm/android.test.runner.odex.fsv_meta ...
Processing system/framework/oat/arm/android.test.runner.vdex ...
Processing system/framework/oat/arm/android.test.runner.vdex.fsv_meta ...
Processing system/framework/oat/arm/bmgr.odex ...
Processing system/framework/oat/arm/bmgr.odex.fsv_meta ...
Processing system/framework/oat/arm/bmgr.vdex ...
Processing system/framework/oat/arm/bmgr.vdex.fsv_meta ...
Processing system/framework/oat/arm/bu.odex ...
Processing system/framework/oat/arm/bu.odex.fsv_meta ...
Processing system/framework/oat/arm/bu.vdex ...
Processing system/framework/oat/arm/bu.vdex.fsv_meta ...
Processing system/framework/oat/arm/com.android.future.usb.accessory.odex ...
Processing system/framework/oat/arm/com.android.future.usb.accessory.odex.fsv_meta ...
Processing system/framework/oat/arm/com.android.future.usb.accessory.vdex ...
Processing system/framework/oat/arm/com.android.future.usb.accessory.vdex.fsv_meta ...
Processing system/framework/oat/arm/com.android.location.provider.odex ...
Processing system/framework/oat/arm/com.android.location.provider.odex.fsv_meta ...
Processing system/framework/oat/arm/com.android.location.provider.vdex ...
Processing system/framework/oat/arm/com.android.location.provider.vdex.fsv_meta ...
Processing system/framework/oat/arm/com.android.media.remotedisplay.odex ...
Processing system/framework/oat/arm/com.android.media.remotedisplay.odex.fsv_meta ...
Processing system/framework/oat/arm/com.android.media.remotedisplay.vdex ...
Processing system/framework/oat/arm/com.android.media.remotedisplay.vdex.fsv_meta ...
Processing system/framework/oat/arm/com.android.mediadrm.signer.odex ...
Processing system/framework/oat/arm/com.android.mediadrm.signer.odex.fsv_meta ...
Processing system/framework/oat/arm/com.android.mediadrm.signer.vdex ...
Processing system/framework/oat/arm/com.android.mediadrm.signer.vdex.fsv_meta ...
Processing system/framework/oat/arm/com.android.nfc_extras.odex ...
Processing system/framework/oat/arm/com.android.nfc_extras.odex.fsv_meta ...
Processing system/framework/oat/arm/com.android.nfc_extras.vdex ...
Processing system/framework/oat/arm/com.android.nfc_extras.vdex.fsv_meta ...
Processing system/framework/oat/arm/content.odex ...
Processing system/framework/oat/arm/content.odex.fsv_meta ...
Processing system/framework/oat/arm/content.vdex ...
Processing system/framework/oat/arm/content.vdex.fsv_meta ...
Processing system/framework/oat/arm/hid.odex ...
Processing system/framework/oat/arm/hid.odex.fsv_meta ...
Processing system/framework/oat/arm/hid.vdex ...
Processing system/framework/oat/arm/hid.vdex.fsv_meta ...
Processing system/framework/oat/arm/incident-helper-cmd.odex ...
Processing system/framework/oat/arm/incident-helper-cmd.odex.fsv_meta ...
Processing system/framework/oat/arm/incident-helper-cmd.vdex ...
Processing system/framework/oat/arm/incident-helper-cmd.vdex.fsv_meta ...
Processing system/framework/oat/arm/javax.obex.odex ...
Processing system/framework/oat/arm/javax.obex.odex.fsv_meta ...
Processing system/framework/oat/arm/javax.obex.vdex ...
Processing system/framework/oat/arm/javax.obex.vdex.fsv_meta ...
Processing system/framework/oat/arm/monkey.odex ...
Processing system/framework/oat/arm/monkey.odex.fsv_meta ...
Processing system/framework/oat/arm/monkey.vdex ...
Processing system/framework/oat/arm/monkey.vdex.fsv_meta ...
Processing system/framework/oat/arm/org.apache.http.legacy.odex ...
Processing system/framework/oat/arm/org.apache.http.legacy.odex.fsv_meta ...
Processing system/framework/oat/arm/org.apache.http.legacy.vdex ...
Processing system/framework/oat/arm/org.apache.http.legacy.vdex.fsv_meta ...
Processing system/framework/oat/arm/requestsync.odex ...
Processing system/framework/oat/arm/requestsync.odex.fsv_meta ...
Processing system/framework/oat/arm/requestsync.vdex ...
Processing system/framework/oat/arm/requestsync.vdex.fsv_meta ...
Processing system/framework/oat/arm/sm.odex ...
Processing system/framework/oat/arm/sm.odex.fsv_meta ...
Processing system/framework/oat/arm/sm.vdex ...
Processing system/framework/oat/arm/sm.vdex.fsv_meta ...
Processing system/framework/oat/arm/svc.odex ...
Processing system/framework/oat/arm/svc.odex.fsv_meta ...
Processing system/framework/oat/arm/svc.vdex ...
Processing system/framework/oat/arm/svc.vdex.fsv_meta ...
Processing system/framework/oat/arm/telecom.odex ...
Processing system/framework/oat/arm/telecom.odex.fsv_meta ...
Processing system/framework/oat/arm/telecom.vdex ...
Processing system/framework/oat/arm/telecom.vdex.fsv_meta ...
Processing system/framework/oat/arm/uiautomator.odex ...
Processing system/framework/oat/arm/uiautomator.odex.fsv_meta ...
Processing system/framework/oat/arm/uiautomator.vdex ...
Processing system/framework/oat/arm/uiautomator.vdex.fsv_meta ...
Processing system/framework/oat/arm/uinput.odex ...
Processing system/framework/oat/arm/uinput.odex.fsv_meta ...
Processing system/framework/oat/arm/uinput.vdex ...
Processing system/framework/oat/arm/uinput.vdex.fsv_meta ...
Processing system/framework/oat/arm/vr.odex ...
Processing system/framework/oat/arm/vr.odex.fsv_meta ...
Processing system/framework/oat/arm/vr.vdex ...
Processing system/framework/oat/arm/vr.vdex.fsv_meta ...
Processing system/framework/oat/arm64/abx.odex ...
Processing system/framework/oat/arm64/abx.odex.fsv_meta ...
Processing system/framework/oat/arm64/abx.vdex ...
Processing system/framework/oat/arm64/abx.vdex.fsv_meta ...
Processing system/framework/oat/arm64/am.odex ...
Processing system/framework/oat/arm64/am.odex.fsv_meta ...
Processing system/framework/oat/arm64/am.vdex ...
Processing system/framework/oat/arm64/am.vdex.fsv_meta ...
Processing system/framework/oat/arm64/android.hidl.base-V1.0-java.odex ...
Processing system/framework/oat/arm64/android.hidl.base-V1.0-java.odex.fsv_meta ...
Processing system/framework/oat/arm64/android.hidl.base-V1.0-java.vdex ...
Processing system/framework/oat/arm64/android.hidl.base-V1.0-java.vdex.fsv_meta ...
Processing system/framework/oat/arm64/android.hidl.manager-V1.0-java.odex ...
Processing system/framework/oat/arm64/android.hidl.manager-V1.0-java.odex.fsv_meta ...
Processing system/framework/oat/arm64/android.hidl.manager-V1.0-java.vdex ...
Processing system/framework/oat/arm64/android.hidl.manager-V1.0-java.vdex.fsv_meta ...
Processing system/framework/oat/arm64/android.test.base.odex ...
Processing system/framework/oat/arm64/android.test.base.odex.fsv_meta ...
Processing system/framework/oat/arm64/android.test.base.vdex ...
Processing system/framework/oat/arm64/android.test.base.vdex.fsv_meta ...
Processing system/framework/oat/arm64/android.test.mock.odex ...
Processing system/framework/oat/arm64/android.test.mock.odex.fsv_meta ...
Processing system/framework/oat/arm64/android.test.mock.vdex ...
Processing system/framework/oat/arm64/android.test.mock.vdex.fsv_meta ...
Processing system/framework/oat/arm64/android.test.runner.odex ...
Processing system/framework/oat/arm64/android.test.runner.odex.fsv_meta ...
Processing system/framework/oat/arm64/android.test.runner.vdex ...
Processing system/framework/oat/arm64/android.test.runner.vdex.fsv_meta ...
Processing system/framework/oat/arm64/apex@com.android.adservices@javalib@service-adservices.jar@classes.odex ...
Processing system/framework/oat/arm64/apex@com.android.adservices@javalib@service-adservices.jar@classes.odex.fsv_meta ...
Processing system/framework/oat/arm64/apex@com.android.adservices@javalib@service-adservices.jar@classes.vdex ...
Processing system/framework/oat/arm64/apex@com.android.adservices@javalib@service-adservices.jar@classes.vdex.fsv_meta ...
Processing system/framework/oat/arm64/apex@com.android.adservices@javalib@service-sdksandbox.jar@classes.odex ...
Processing system/framework/oat/arm64/apex@com.android.adservices@javalib@service-sdksandbox.jar@classes.odex.fsv_meta ...
Processing system/framework/oat/arm64/apex@com.android.adservices@javalib@service-sdksandbox.jar@classes.vdex ...
Processing system/framework/oat/arm64/apex@com.android.adservices@javalib@service-sdksandbox.jar@classes.vdex.fsv_meta ...
Processing system/framework/oat/arm64/apex@com.android.appsearch@javalib@service-appsearch.jar@classes.art ...
Processing system/framework/oat/arm64/apex@com.android.appsearch@javalib@service-appsearch.jar@classes.art.fsv_meta ...
Processing system/framework/oat/arm64/apex@com.android.appsearch@javalib@service-appsearch.jar@classes.odex ...
Processing system/framework/oat/arm64/apex@com.android.appsearch@javalib@service-appsearch.jar@classes.odex.fsv_meta ...
Processing system/framework/oat/arm64/apex@com.android.appsearch@javalib@service-appsearch.jar@classes.vdex ...
Processing system/framework/oat/arm64/apex@com.android.appsearch@javalib@service-appsearch.jar@classes.vdex.fsv_meta ...
Processing system/framework/oat/arm64/apex@com.android.art@javalib@service-art.jar@classes.art ...
Processing system/framework/oat/arm64/apex@com.android.art@javalib@service-art.jar@classes.art.fsv_meta ...
Processing system/framework/oat/arm64/apex@com.android.art@javalib@service-art.jar@classes.odex ...
Processing system/framework/oat/arm64/apex@com.android.art@javalib@service-art.jar@classes.odex.fsv_meta ...
Processing system/framework/oat/arm64/apex@com.android.art@javalib@service-art.jar@classes.vdex ...
Processing system/framework/oat/arm64/apex@com.android.art@javalib@service-art.jar@classes.vdex.fsv_meta ...
Processing system/framework/oat/arm64/apex@com.android.bt@javalib@service-bluetooth.jar@classes.odex ...
Processing system/framework/oat/arm64/apex@com.android.bt@javalib@service-bluetooth.jar@classes.odex.fsv_meta ...
Processing system/framework/oat/arm64/apex@com.android.bt@javalib@service-bluetooth.jar@classes.vdex ...
Processing system/framework/oat/arm64/apex@com.android.bt@javalib@service-bluetooth.jar@classes.vdex.fsv_meta ...
Processing system/framework/oat/arm64/apex@com.android.configinfrastructure@javalib@service-configinfrastructure.jar@classes.odex ...
Processing system/framework/oat/arm64/apex@com.android.configinfrastructure@javalib@service-configinfrastructure.jar@classes.odex.fsv_meta ...
Processing system/framework/oat/arm64/apex@com.android.configinfrastructure@javalib@service-configinfrastructure.jar@classes.vdex ...
Processing system/framework/oat/arm64/apex@com.android.configinfrastructure@javalib@service-configinfrastructure.jar@classes.vdex.fsv_meta ...
Processing system/framework/oat/arm64/apex@com.android.crashrecovery@javalib@service-crashrecovery.jar@classes.odex ...
Processing system/framework/oat/arm64/apex@com.android.crashrecovery@javalib@service-crashrecovery.jar@classes.odex.fsv_meta ...
Processing system/framework/oat/arm64/apex@com.android.crashrecovery@javalib@service-crashrecovery.jar@classes.vdex ...
Processing system/framework/oat/arm64/apex@com.android.crashrecovery@javalib@service-crashrecovery.jar@classes.vdex.fsv_meta ...
Processing system/framework/oat/arm64/apex@com.android.devicelock@javalib@service-devicelock.jar@classes.odex ...
Processing system/framework/oat/arm64/apex@com.android.devicelock@javalib@service-devicelock.jar@classes.odex.fsv_meta ...
Processing system/framework/oat/arm64/apex@com.android.devicelock@javalib@service-devicelock.jar@classes.vdex ...
Processing system/framework/oat/arm64/apex@com.android.devicelock@javalib@service-devicelock.jar@classes.vdex.fsv_meta ...
Processing system/framework/oat/arm64/apex@com.android.healthfitness@javalib@service-healthfitness.jar@classes.odex ...
Processing system/framework/oat/arm64/apex@com.android.healthfitness@javalib@service-healthfitness.jar@classes.odex.fsv_meta ...
Processing system/framework/oat/arm64/apex@com.android.healthfitness@javalib@service-healthfitness.jar@classes.vdex ...
Processing system/framework/oat/arm64/apex@com.android.healthfitness@javalib@service-healthfitness.jar@classes.vdex.fsv_meta ...
Processing system/framework/oat/arm64/apex@com.android.media@javalib@service-media-s.jar@classes.odex ...
Processing system/framework/oat/arm64/apex@com.android.media@javalib@service-media-s.jar@classes.odex.fsv_meta ...
Processing system/framework/oat/arm64/apex@com.android.media@javalib@service-media-s.jar@classes.vdex ...
Processing system/framework/oat/arm64/apex@com.android.media@javalib@service-media-s.jar@classes.vdex.fsv_meta ...
Processing system/framework/oat/arm64/apex@com.android.npumanager@javalib@service-npumanager.jar@classes.odex ...
Processing system/framework/oat/arm64/apex@com.android.npumanager@javalib@service-npumanager.jar@classes.odex.fsv_meta ...
Processing system/framework/oat/arm64/apex@com.android.npumanager@javalib@service-npumanager.jar@classes.vdex ...
Processing system/framework/oat/arm64/apex@com.android.npumanager@javalib@service-npumanager.jar@classes.vdex.fsv_meta ...
Processing system/framework/oat/arm64/apex@com.android.ondevicepersonalization@javalib@service-ondevicepersonalization.jar@classes.odex ...
Processing system/framework/oat/arm64/apex@com.android.ondevicepersonalization@javalib@service-ondevicepersonalization.jar@classes.odex.fsv_meta ...
Processing system/framework/oat/arm64/apex@com.android.ondevicepersonalization@javalib@service-ondevicepersonalization.jar@classes.vdex ...
Processing system/framework/oat/arm64/apex@com.android.ondevicepersonalization@javalib@service-ondevicepersonalization.jar@classes.vdex.fsv_meta ...
Processing system/framework/oat/arm64/apex@com.android.os.statsd@javalib@service-statsd.jar@classes.odex ...
Processing system/framework/oat/arm64/apex@com.android.os.statsd@javalib@service-statsd.jar@classes.odex.fsv_meta ...
Processing system/framework/oat/arm64/apex@com.android.os.statsd@javalib@service-statsd.jar@classes.vdex ...
Processing system/framework/oat/arm64/apex@com.android.os.statsd@javalib@service-statsd.jar@classes.vdex.fsv_meta ...
Processing system/framework/oat/arm64/apex@com.android.permission@javalib@service-permission.jar@classes.odex ...
Processing system/framework/oat/arm64/apex@com.android.permission@javalib@service-permission.jar@classes.odex.fsv_meta ...
Processing system/framework/oat/arm64/apex@com.android.permission@javalib@service-permission.jar@classes.vdex ...
Processing system/framework/oat/arm64/apex@com.android.permission@javalib@service-permission.jar@classes.vdex.fsv_meta ...
Processing system/framework/oat/arm64/apex@com.android.profiling@javalib@service-anomaly-detector.jar@classes.odex ...
Processing system/framework/oat/arm64/apex@com.android.profiling@javalib@service-anomaly-detector.jar@classes.odex.fsv_meta ...
Processing system/framework/oat/arm64/apex@com.android.profiling@javalib@service-anomaly-detector.jar@classes.vdex ...
Processing system/framework/oat/arm64/apex@com.android.profiling@javalib@service-anomaly-detector.jar@classes.vdex.fsv_meta ...
Processing system/framework/oat/arm64/apex@com.android.profiling@javalib@service-profiling.jar@classes.odex ...
Processing system/framework/oat/arm64/apex@com.android.profiling@javalib@service-profiling.jar@classes.odex.fsv_meta ...
Processing system/framework/oat/arm64/apex@com.android.profiling@javalib@service-profiling.jar@classes.vdex ...
Processing system/framework/oat/arm64/apex@com.android.profiling@javalib@service-profiling.jar@classes.vdex.fsv_meta ...
Processing system/framework/oat/arm64/apex@com.android.rkpd@javalib@service-rkp.jar@classes.odex ...
Processing system/framework/oat/arm64/apex@com.android.rkpd@javalib@service-rkp.jar@classes.odex.fsv_meta ...
Processing system/framework/oat/arm64/apex@com.android.rkpd@javalib@service-rkp.jar@classes.vdex ...
Processing system/framework/oat/arm64/apex@com.android.rkpd@javalib@service-rkp.jar@classes.vdex.fsv_meta ...
Processing system/framework/oat/arm64/apex@com.android.scheduling@javalib@service-scheduling.jar@classes.odex ...
Processing system/framework/oat/arm64/apex@com.android.scheduling@javalib@service-scheduling.jar@classes.odex.fsv_meta ...
Processing system/framework/oat/arm64/apex@com.android.scheduling@javalib@service-scheduling.jar@classes.vdex ...
Processing system/framework/oat/arm64/apex@com.android.scheduling@javalib@service-scheduling.jar@classes.vdex.fsv_meta ...
Processing system/framework/oat/arm64/apex@com.android.telephonycore@javalib@service-telecom.jar@classes.art ...
Processing system/framework/oat/arm64/apex@com.android.telephonycore@javalib@service-telecom.jar@classes.art.fsv_meta ...
Processing system/framework/oat/arm64/apex@com.android.telephonycore@javalib@service-telecom.jar@classes.odex ...
Processing system/framework/oat/arm64/apex@com.android.telephonycore@javalib@service-telecom.jar@classes.odex.fsv_meta ...
Processing system/framework/oat/arm64/apex@com.android.telephonycore@javalib@service-telecom.jar@classes.vdex ...
Processing system/framework/oat/arm64/apex@com.android.telephonycore@javalib@service-telecom.jar@classes.vdex.fsv_meta ...
Processing system/framework/oat/arm64/apex@com.android.tethering@javalib@service-connectivity.jar@classes.art ...
Processing system/framework/oat/arm64/apex@com.android.tethering@javalib@service-connectivity.jar@classes.art.fsv_meta ...
Processing system/framework/oat/arm64/apex@com.android.tethering@javalib@service-connectivity.jar@classes.odex ...
Processing system/framework/oat/arm64/apex@com.android.tethering@javalib@service-connectivity.jar@classes.odex.fsv_meta ...
Processing system/framework/oat/arm64/apex@com.android.tethering@javalib@service-connectivity.jar@classes.vdex ...
Processing system/framework/oat/arm64/apex@com.android.tethering@javalib@service-connectivity.jar@classes.vdex.fsv_meta ...
Processing system/framework/oat/arm64/apex@com.android.uprobestats@javalib@service-uprobestats-bridge.jar@classes.odex ...
Processing system/framework/oat/arm64/apex@com.android.uprobestats@javalib@service-uprobestats-bridge.jar@classes.odex.fsv_meta ...
Processing system/framework/oat/arm64/apex@com.android.uprobestats@javalib@service-uprobestats-bridge.jar@classes.vdex ...
Processing system/framework/oat/arm64/apex@com.android.uprobestats@javalib@service-uprobestats-bridge.jar@classes.vdex.fsv_meta ...
Processing system/framework/oat/arm64/apex@com.android.uwb@javalib@service-ranging.jar@classes.odex ...
Processing system/framework/oat/arm64/apex@com.android.uwb@javalib@service-ranging.jar@classes.odex.fsv_meta ...
Processing system/framework/oat/arm64/apex@com.android.uwb@javalib@service-ranging.jar@classes.vdex ...
Processing system/framework/oat/arm64/apex@com.android.uwb@javalib@service-ranging.jar@classes.vdex.fsv_meta ...
Processing system/framework/oat/arm64/apex@com.android.uwb@javalib@service-uwb.jar@classes.odex ...
Processing system/framework/oat/arm64/apex@com.android.uwb@javalib@service-uwb.jar@classes.odex.fsv_meta ...
Processing system/framework/oat/arm64/apex@com.android.uwb@javalib@service-uwb.jar@classes.vdex ...
Processing system/framework/oat/arm64/apex@com.android.uwb@javalib@service-uwb.jar@classes.vdex.fsv_meta ...
Processing system/framework/oat/arm64/apex@com.android.virt@javalib@service-virtualization.jar@classes.odex ...
Processing system/framework/oat/arm64/apex@com.android.virt@javalib@service-virtualization.jar@classes.odex.fsv_meta ...
Processing system/framework/oat/arm64/apex@com.android.virt@javalib@service-virtualization.jar@classes.vdex ...
Processing system/framework/oat/arm64/apex@com.android.virt@javalib@service-virtualization.jar@classes.vdex.fsv_meta ...
Processing system/framework/oat/arm64/apex@com.android.wifi@javalib@service-wifi.jar@classes.art ...
Processing system/framework/oat/arm64/apex@com.android.wifi@javalib@service-wifi.jar@classes.art.fsv_meta ...
Processing system/framework/oat/arm64/apex@com.android.wifi@javalib@service-wifi.jar@classes.odex ...
Processing system/framework/oat/arm64/apex@com.android.wifi@javalib@service-wifi.jar@classes.odex.fsv_meta ...
Processing system/framework/oat/arm64/apex@com.android.wifi@javalib@service-wifi.jar@classes.vdex ...
Processing system/framework/oat/arm64/apex@com.android.wifi@javalib@service-wifi.jar@classes.vdex.fsv_meta ...
Processing system/framework/oat/arm64/bmgr.odex ...
Processing system/framework/oat/arm64/bmgr.odex.fsv_meta ...
Processing system/framework/oat/arm64/bmgr.vdex ...
Processing system/framework/oat/arm64/bmgr.vdex.fsv_meta ...
Processing system/framework/oat/arm64/bu.odex ...
Processing system/framework/oat/arm64/bu.odex.fsv_meta ...
Processing system/framework/oat/arm64/bu.vdex ...
Processing system/framework/oat/arm64/bu.vdex.fsv_meta ...
Processing system/framework/oat/arm64/com.android.future.usb.accessory.odex ...
Processing system/framework/oat/arm64/com.android.future.usb.accessory.odex.fsv_meta ...
Processing system/framework/oat/arm64/com.android.future.usb.accessory.vdex ...
Processing system/framework/oat/arm64/com.android.future.usb.accessory.vdex.fsv_meta ...
Processing system/framework/oat/arm64/com.android.location.provider.odex ...
Processing system/framework/oat/arm64/com.android.location.provider.odex.fsv_meta ...
Processing system/framework/oat/arm64/com.android.location.provider.vdex ...
Processing system/framework/oat/arm64/com.android.location.provider.vdex.fsv_meta ...
Processing system/framework/oat/arm64/com.android.media.remotedisplay.odex ...
Processing system/framework/oat/arm64/com.android.media.remotedisplay.odex.fsv_meta ...
Processing system/framework/oat/arm64/com.android.media.remotedisplay.vdex ...
Processing system/framework/oat/arm64/com.android.media.remotedisplay.vdex.fsv_meta ...
Processing system/framework/oat/arm64/com.android.mediadrm.signer.odex ...
Processing system/framework/oat/arm64/com.android.mediadrm.signer.odex.fsv_meta ...
Processing system/framework/oat/arm64/com.android.mediadrm.signer.vdex ...
Processing system/framework/oat/arm64/com.android.mediadrm.signer.vdex.fsv_meta ...
Processing system/framework/oat/arm64/com.android.nfc_extras.odex ...
Processing system/framework/oat/arm64/com.android.nfc_extras.odex.fsv_meta ...
Processing system/framework/oat/arm64/com.android.nfc_extras.vdex ...
Processing system/framework/oat/arm64/com.android.nfc_extras.vdex.fsv_meta ...
Processing system/framework/oat/arm64/content.odex ...
Processing system/framework/oat/arm64/content.odex.fsv_meta ...
Processing system/framework/oat/arm64/content.vdex ...
Processing system/framework/oat/arm64/content.vdex.fsv_meta ...
Processing system/framework/oat/arm64/hid.odex ...
Processing system/framework/oat/arm64/hid.odex.fsv_meta ...
Processing system/framework/oat/arm64/hid.vdex ...
Processing system/framework/oat/arm64/hid.vdex.fsv_meta ...
Processing system/framework/oat/arm64/incident-helper-cmd.odex ...
Processing system/framework/oat/arm64/incident-helper-cmd.odex.fsv_meta ...
Processing system/framework/oat/arm64/incident-helper-cmd.vdex ...
Processing system/framework/oat/arm64/incident-helper-cmd.vdex.fsv_meta ...
Processing system/framework/oat/arm64/javax.obex.odex ...
Processing system/framework/oat/arm64/javax.obex.odex.fsv_meta ...
Processing system/framework/oat/arm64/javax.obex.vdex ...
Processing system/framework/oat/arm64/javax.obex.vdex.fsv_meta ...
Processing system/framework/oat/arm64/monkey.odex ...
Processing system/framework/oat/arm64/monkey.odex.fsv_meta ...
Processing system/framework/oat/arm64/monkey.vdex ...
Processing system/framework/oat/arm64/monkey.vdex.fsv_meta ...
Processing system/framework/oat/arm64/org.apache.http.legacy.odex ...
Processing system/framework/oat/arm64/org.apache.http.legacy.odex.fsv_meta ...
Processing system/framework/oat/arm64/org.apache.http.legacy.vdex ...
Processing system/framework/oat/arm64/org.apache.http.legacy.vdex.fsv_meta ...
Processing system/framework/oat/arm64/requestsync.odex ...
Processing system/framework/oat/arm64/requestsync.odex.fsv_meta ...
Processing system/framework/oat/arm64/requestsync.vdex ...
Processing system/framework/oat/arm64/requestsync.vdex.fsv_meta ...
Processing system/framework/oat/arm64/services.art ...
Processing system/framework/oat/arm64/services.art.fsv_meta ...
Processing system/framework/oat/arm64/services.odex ...
Processing system/framework/oat/arm64/services.odex.fsv_meta ...
Processing system/framework/oat/arm64/services.vdex ...
Processing system/framework/oat/arm64/services.vdex.fsv_meta ...
Processing system/framework/oat/arm64/sm.odex ...
Processing system/framework/oat/arm64/sm.odex.fsv_meta ...
Processing system/framework/oat/arm64/sm.vdex ...
Processing system/framework/oat/arm64/sm.vdex.fsv_meta ...
Processing system/framework/oat/arm64/svc.odex ...
Processing system/framework/oat/arm64/svc.odex.fsv_meta ...
Processing system/framework/oat/arm64/svc.vdex ...
Processing system/framework/oat/arm64/svc.vdex.fsv_meta ...
Processing system/framework/oat/arm64/telecom.odex ...
Processing system/framework/oat/arm64/telecom.odex.fsv_meta ...
Processing system/framework/oat/arm64/telecom.vdex ...
Processing system/framework/oat/arm64/telecom.vdex.fsv_meta ...
Processing system/framework/oat/arm64/uiautomator.odex ...
Processing system/framework/oat/arm64/uiautomator.odex.fsv_meta ...
Processing system/framework/oat/arm64/uiautomator.vdex ...
Processing system/framework/oat/arm64/uiautomator.vdex.fsv_meta ...
Processing system/framework/oat/arm64/uinput.odex ...
Processing system/framework/oat/arm64/uinput.odex.fsv_meta ...
Processing system/framework/oat/arm64/uinput.vdex ...
Processing system/framework/oat/arm64/uinput.vdex.fsv_meta ...
Processing system/framework/oat/arm64/vr.odex ...
Processing system/framework/oat/arm64/vr.odex.fsv_meta ...
Processing system/framework/oat/arm64/vr.vdex ...
Processing system/framework/oat/arm64/vr.vdex.fsv_meta ...
Processing system/lib/aaudio-aidl-cpp.so ...
Processing system/lib/aconfig_libgui_flags_c_lib.so ...
Processing system/lib/aconfig_mediacodec_flags_c_lib.so ...
Processing system/lib/aconfig_text_flags_c_lib.so ...
Processing system/lib/adb_jni_pairing_server_flags_cc_lib.so ...
Processing system/lib/android.companion.virtual.virtualdevice_aidl-cpp.so ...
Processing system/lib/android.database.sqlite-aconfig-cc.so ...
Processing system/lib/android.frameworks.sensorservice-V1-ndk.so ...
Processing system/lib/android.frameworks.sensorservice@1.0.so ...
Processing system/lib/android.frameworks.stats-V3-ndk.so ...
Processing system/lib/android.gui.arect-ndk.so ...
Processing system/lib/android.gui.size-ndk.so ...
Processing system/lib/android.hardware.atrace@1.0.so ...
Processing system/lib/android.hardware.audio.common-V6-ndk.so ...
Processing system/lib/android.hardware.audio.common-util.so ...
Processing system/lib/android.hardware.audio.common@2.0.so ...
Processing system/lib/android.hardware.audio.common@6.0-util.so ...
Processing system/lib/android.hardware.audio.common@6.0.so ...
Processing system/lib/android.hardware.audio.core-V5-ndk.so ...
Processing system/lib/android.hardware.audio.core.sounddose-V5-ndk.so ...
Processing system/lib/android.hardware.audio.effect-V5-ndk.so ...
Processing system/lib/android.hardware.audio.effect@6.0-util.so ...
Processing system/lib/android.hardware.audio.effect@6.0.so ...
Processing system/lib/android.hardware.audio.sounddose-V5-ndk.so ...
Processing system/lib/android.hardware.audio@6.0-util.so ...
Processing system/lib/android.hardware.audio@6.0.so ...
Processing system/lib/android.hardware.broadcastradio@1.0.so ...
Processing system/lib/android.hardware.broadcastradio@1.1.so ...
Processing system/lib/android.hardware.camera.common@1.0.so ...
Processing system/lib/android.hardware.camera.device@3.2.so ...
Processing system/lib/android.hardware.cas.native@1.0.so ...
Processing system/lib/android.hardware.cas@1.0.so ...
Processing system/lib/android.hardware.common-V2-cpp.so ...
Processing system/lib/android.hardware.common-V2-ndk.so ...
Processing system/lib/android.hardware.common.fmq-V1-cpp.so ...
Processing system/lib/android.hardware.common.fmq-V1-ndk.so ...
Processing system/lib/android.hardware.contexthub-V5-ndk.so ...
Processing system/lib/android.hardware.contexthub@1.0.so ...
Processing system/lib/android.hardware.drm-V2-ndk.so ...
Processing system/lib/android.hardware.drm.common-V1-ndk.so ...
Processing system/lib/android.hardware.drm@1.0.so ...
Processing system/lib/android.hardware.drm@1.1.so ...
Processing system/lib/android.hardware.drm@1.2.so ...
Processing system/lib/android.hardware.drm@1.3.so ...
Processing system/lib/android.hardware.drm@1.4.so ...
Processing system/lib/android.hardware.gnss-V7-cpp.so ...
Processing system/lib/android.hardware.gnss.measurement_corrections@1.0.so ...
Processing system/lib/android.hardware.gnss.measurement_corrections@1.1.so ...
Processing system/lib/android.hardware.gnss.visibility_control@1.0.so ...
Processing system/lib/android.hardware.gnss@1.0.so ...
Processing system/lib/android.hardware.gnss@1.1.so ...
Processing system/lib/android.hardware.gnss@2.0.so ...
Processing system/lib/android.hardware.gnss@2.1.so ...
Processing system/lib/android.hardware.graphics.allocator-V2-ndk.so ...
Processing system/lib/android.hardware.graphics.allocator@2.0.so ...
Processing system/lib/android.hardware.graphics.allocator@3.0.so ...
Processing system/lib/android.hardware.graphics.allocator@4.0.so ...
Processing system/lib/android.hardware.graphics.bufferqueue@1.0.so ...
Processing system/lib/android.hardware.graphics.bufferqueue@2.0.so ...
Processing system/lib/android.hardware.graphics.common-V7-ndk.so ...
Processing system/lib/android.hardware.graphics.common@1.0.so ...
Processing system/lib/android.hardware.graphics.common@1.1.so ...
Processing system/lib/android.hardware.graphics.common@1.2.so ...
Processing system/lib/android.hardware.graphics.composer3-V6-ndk.so ...
Processing system/lib/android.hardware.graphics.mapper@2.0.so ...
Processing system/lib/android.hardware.graphics.mapper@2.1.so ...
Processing system/lib/android.hardware.graphics.mapper@3.0.so ...
Processing system/lib/android.hardware.graphics.mapper@4.0.so ...
Processing system/lib/android.hardware.health-V5-ndk.so ...
Processing system/lib/android.hardware.health@1.0.so ...
Processing system/lib/android.hardware.health@2.0.so ...
Processing system/lib/android.hardware.input.common-V1-ndk.so ...
Processing system/lib/android.hardware.input.processor-V1-ndk.so ...
Processing system/lib/android.hardware.media.bufferpool2-V2-ndk.so ...
Processing system/lib/android.hardware.media.bufferpool@2.0.so ...
Processing system/lib/android.hardware.media.c2-V2-ndk.so ...
Processing system/lib/android.hardware.media.c2@1.0.so ...
Processing system/lib/android.hardware.media.c2@1.1.so ...
Processing system/lib/android.hardware.media.c2@1.2.so ...
Processing system/lib/android.hardware.media.omx@1.0.so ...
Processing system/lib/android.hardware.media@1.0.so ...
Processing system/lib/android.hardware.memtrack-V1-ndk.so ...
Processing system/lib/android.hardware.power-V7-ndk.so ...
Processing system/lib/android.hardware.power.stats-V1-cpp.so ...
Processing system/lib/android.hardware.power.stats-V1-ndk.so ...
Processing system/lib/android.hardware.power.stats@1.0.so ...
Processing system/lib/android.hardware.power@1.0.so ...
Processing system/lib/android.hardware.power@1.1.so ...
Processing system/lib/android.hardware.power@1.2.so ...
Processing system/lib/android.hardware.power@1.3.so ...
Processing system/lib/android.hardware.renderscript@1.0.so ...
Processing system/lib/android.hardware.secure_element@1.0.so ...
Processing system/lib/android.hardware.sensors-V3-ndk.so ...
Processing system/lib/android.hardware.sensors@1.0.so ...
Processing system/lib/android.hardware.sensors@2.0.so ...
Processing system/lib/android.hardware.sensors@2.1.so ...
Processing system/lib/android.hardware.thermal-V3-ndk.so ...
Processing system/lib/android.hardware.thermal@1.0.so ...
Processing system/lib/android.hardware.tv.input-V4-ndk.so ...
Processing system/lib/android.hardware.tv.input@1.0.so ...
Processing system/lib/android.hardware.tv.tuner-V3-ndk.so ...
Processing system/lib/android.hardware.usb.flags-aconfig-cc-lib.so ...
Processing system/lib/android.hardware.vibrator-V5-ndk.so ...
Processing system/lib/android.hidl.allocator@1.0.so ...
Processing system/lib/android.hidl.memory.token@1.0.so ...
Processing system/lib/android.hidl.memory@1.0.so ...
Processing system/lib/android.hidl.safe_union@1.0.so ...
Processing system/lib/android.hidl.token@1.0-utils.so ...
Processing system/lib/android.hidl.token@1.0.so ...
Processing system/lib/android.media.audio-aconfig-cc.so ...
Processing system/lib/android.media.audio.common.types-V6-cpp.so ...
Processing system/lib/android.media.audio.common.types-V6-ndk.so ...
Processing system/lib/android.media.audio.eraser.types-V3-ndk.so ...
Processing system/lib/android.media.audiopolicy-aconfig-cc.so ...
Processing system/lib/android.os.flags-aconfig-cc.so ...
Processing system/lib/android.os.vibrator.flags-aconfig-cc.so ...
Processing system/lib/android.server.display.flags-aconfig-cc.so ...
Processing system/lib/android.system.suspend-V1-ndk.so ...
Processing system/lib/android.system.suspend.control-V1-cpp.so ...
Processing system/lib/android.system.suspend.control.internal-cpp.so ...
Processing system/lib/android_location_flags_c_lib.so ...
Processing system/lib/attentionmanager_native_aidl-cpp.so ...
Processing system/lib/audio-permission-aidl-cpp.so ...
Processing system/lib/audioclient-types-aidl-cpp.so ...
Processing system/lib/audioflinger-aidl-cpp.so ...
Processing system/lib/audiopolicy-aidl-cpp.so ...
Processing system/lib/audiopolicy-types-aidl-cpp.so ...
Processing system/lib/av-audio-types-aidl-ndk.so ...
Processing system/lib/av-types-aidl-cpp.so ...
Processing system/lib/bootstrap ...
Processing system/lib/camera_platform_flags_c_lib.so ...
Processing system/lib/capture_state_listener-aidl-cpp.so ...
Processing system/lib/chre_flags_c_lib.so ...
Processing system/lib/com.android.media.aaudio-aconfig-cc.so ...
Processing system/lib/com.android.media.audio-aconfig-cc.so ...
Processing system/lib/com.android.media.audioclient-aconfig-cc.so ...
Processing system/lib/com.android.media.audioserver-aconfig-cc.so ...
Processing system/lib/com.android.server.inputflinger-ndk.so ...
Processing system/lib/com.android.window.flags.window-aconfig_flags_c_lib.so ...
Processing system/lib/contexthub_data_flow.so ...
Processing system/lib/drm ...
Processing system/lib/dropboxmanager_aidl-cpp.so ...
Processing system/lib/dynamic_instrumentation_manager_aidl-cpp.so ...
Processing system/lib/effect-aidl-cpp.so ...
Processing system/lib/framework-permission-aidl-cpp.so ...
Processing system/lib/graphicbuffersource-aidl-ndk.so ...
Processing system/lib/graphicsenv_flags_c_lib.so ...
Processing system/lib/heapprofd_client.so ...
Processing system/lib/heapprofd_client_api.so ...
Processing system/lib/hwui_flags_cc_lib.so ...
Processing system/lib/ld-android.so ...
Processing system/lib/lib-camera-compatibility-info-api.so ...
Processing system/lib/lib-platform-compat-native-api.so ...
Processing system/lib/libEGL.so ...
Processing system/lib/libEGL_angle.so ...
Processing system/lib/libETC1.so ...
Processing system/lib/libFFTEm.so ...
Processing system/lib/libGLESv1_CM.so ...
Processing system/lib/libGLESv1_CM_angle.so ...
Processing system/lib/libGLESv2.so ...
Processing system/lib/libGLESv2_angle.so ...
Processing system/lib/libGLESv3.so ...
Processing system/lib/libOpenMAXAL.so ...
Processing system/lib/libOpenSLES.so ...
Processing system/lib/libRS.so ...
Processing system/lib/libRSCacheDir.so ...
Processing system/lib/libRSCpuRef.so ...
Processing system/lib/libRSDriver.so ...
Processing system/lib/libRS_internal.so ...
Processing system/lib/libSurfaceFlingerProp.so ...
Processing system/lib/libaaudio.so ...
Processing system/lib/libaaudio_internal_builder.so ...
Processing system/lib/libaaudio_internal_core.so ...
Processing system/lib/libaaudio_internal_fifo.so ...
Processing system/lib/libaaudio_internal_legacy.so ...
Processing system/lib/libaaudio_internal_mmap.so ...
Processing system/lib/libaaudio_internal_utils.so ...
Processing system/lib/libaconfig_storage_read_api_cc.so ...
Processing system/lib/libactivitymanager_aidl.so ...
Processing system/lib/libadbd_auth.so ...
Processing system/lib/libadbd_fs.so ...
Processing system/lib/libalarm_jni.so ...
Processing system/lib/libamidi.so ...
Processing system/lib/libandroid.so ...
Processing system/lib/libandroid_hardware_common_V2.dylib.so ...
Processing system/lib/libandroid_hardware_common_fmq_V1.dylib.so ...
Processing system/lib/libandroid_hardware_hid.dylib.so ...
Processing system/lib/libandroid_native_denylist.so ...
Processing system/lib/libandroid_net.so ...
Processing system/lib/libandroid_runtime.so ...
Processing system/lib/libandroid_servers.so ...
Processing system/lib/libandroidfw.so ...
Processing system/lib/libapexsupport.so ...
Processing system/lib/libappfuse.so ...
Processing system/lib/libarchivestager.so ...
Processing system/lib/libartpalette-system.so ...
Processing system/lib/libasyncio.so ...
Processing system/lib/libattention_native.so ...
Processing system/lib/libaudio-resampler.so ...
Processing system/lib/libaudio_aidl_conversion_common_cpp_system.so ...
Processing system/lib/libaudio_aidl_conversion_common_ndk_cpp_system.so ...
Processing system/lib/libaudio_aidl_conversion_common_ndk_system.so ...
Processing system/lib/libaudio_aidl_conversion_core_ndk_system.so ...
Processing system/lib/libaudio_aidl_conversion_effect_ndk_system.so ...
Processing system/lib/libaudioaidlcommon.so ...
Processing system/lib/libaudiobase.so ...
Processing system/lib/libaudioclient.so ...
Processing system/lib/libaudioclient_aidl_conversion.so ...
Processing system/lib/libaudioeffect_jni.so ...
Processing system/lib/libaudiofoundation.so ...
Processing system/lib/libaudiohal.so ...
Processing system/lib/libaudiohal@6.0.so ...
Processing system/lib/libaudiohal@7.0.so ...
Processing system/lib/libaudiohal@7.1.so ...
Processing system/lib/libaudiohal@aidl.so ...
Processing system/lib/libaudiohal_deathhandler.so ...
Processing system/lib/libaudiomanager.so ...
Processing system/lib/libaudioparameterparser.so ...
Processing system/lib/libaudiopolicy.so ...
Processing system/lib/libaudiopolicycomponents.so ...
Processing system/lib/libaudiopolicyengineconfigurable.so ...
Processing system/lib/libaudioutils.so ...
Processing system/lib/libbase.so ...
Processing system/lib/libbattery.so ...
Processing system/lib/libbatterystats_aidl.so ...
Processing system/lib/libbcinfo.so ...
Processing system/lib/libbinder.so ...
Processing system/lib/libbinder_ndk.so ...
Processing system/lib/libbinder_ndk_compat_bindgen.dylib.so ...
Processing system/lib/libbinder_ndk_sys.dylib.so ...
Processing system/lib/libbinder_rpc_unstable.so ...
Processing system/lib/libbinder_rs.dylib.so ...
Processing system/lib/libbinder_rs_ndk_compat.dylib.so ...
Processing system/lib/libbinderdebug.so ...
Processing system/lib/libbindernetlink.so ...
Processing system/lib/libblas.so ...
Processing system/lib/libbpf_bcc.so ...
Processing system/lib/libbpf_minimal.so ...
Processing system/lib/libbytes.dylib.so ...
Processing system/lib/libc++.so ...
Processing system/lib/libc.so ...
Processing system/lib/libcamera2ndk.so ...
Processing system/lib/libcamera_client.so ...
Processing system/lib/libcamera_metadata.so ...
Processing system/lib/libcameracompatbilityinfo.so ...
Processing system/lib/libcap.so ...
Processing system/lib/libcfg_if.dylib.so ...
Processing system/lib/libcgrouprc.so ...
Processing system/lib/libchrome.so ...
Processing system/lib/libclang_rt.asan-arm-android.so ...
Processing system/lib/libclang_rt.ubsan_standalone-arm-android.so ...
Processing system/lib/libclcore.bc ...
Processing system/lib/libclcore_debug.bc ...
Processing system/lib/libclcore_debug_g.bc ...
Processing system/lib/libclcore_g.bc ...
Processing system/lib/libclcore_neon.bc ...
Processing system/lib/libcodec2.so ...
Processing system/lib/libcodec2_aidl_client.so ...
Processing system/lib/libcodec2_client.so ...
Processing system/lib/libcodec2_hal_common.so ...
Processing system/lib/libcodec2_hidl_client@1.0.so ...
Processing system/lib/libcodec2_vndk.so ...
Processing system/lib/libcombine.dylib.so ...
Processing system/lib/libcompiler_rt.so ...
Processing system/lib/libcore_jni_flags_c.so ...
Processing system/lib/libcrypto.so ...
Processing system/lib/libcutils.so ...
Processing system/lib/libdataloader.so ...
Processing system/lib/libdatasource.so ...
Processing system/lib/libdebuggerd_client.so ...
Processing system/lib/libdebugstore_cxx.so ...
Processing system/lib/libdl.so ...
Processing system/lib/libdl_android.so ...
Processing system/lib/libdmabufheap.so ...
Processing system/lib/libdng_sdk.so ...
Processing system/lib/libdowncast_rs.dylib.so ...
Processing system/lib/libdrm.so ...
Processing system/lib/libdrmframework.so ...
Processing system/lib/libdrmframework_jni.so ...
Processing system/lib/libdrmframeworkcommon.so ...
Processing system/lib/libeffectsconfig.so ...
Processing system/lib/libegl_flags.so ...
Processing system/lib/libelfutils.so ...
Processing system/lib/libexpat.so ...
Processing system/lib/libexpresslog.so ...
Processing system/lib/libfdtrack.so ...
Processing system/lib/libfilterfw.so ...
Processing system/lib/libfilterpack_imageproc.so ...
Processing system/lib/libfmq.so ...
Processing system/lib/libfmq_bindgen.dylib.so ...
Processing system/lib/libfmq_rust.dylib.so ...
Processing system/lib/libft2.so ...
Processing system/lib/libgatekeeper.so ...
Processing system/lib/libgralloctypes.so ...
Processing system/lib/libgraphicsenv.so ...
Processing system/lib/libgui.so ...
Processing system/lib/libguiflags.so ...
Processing system/lib/libhardware.so ...
Processing system/lib/libhardware_legacy.so ...
Processing system/lib/libharfbuzz_ng.so ...
Processing system/lib/libharfbuzz_subset.so ...
Processing system/lib/libhid_jni.so ...
Processing system/lib/libhidlallocatorutils.so ...
Processing system/lib/libhidlbase.so ...
Processing system/lib/libhidlmemory.so ...
Processing system/lib/libhidltransport.so ...
Processing system/lib/libhwbinder.so ...
Processing system/lib/libhwui.so ...
Processing system/lib/libidmap2.so ...
Processing system/lib/libimage_io.so ...
Processing system/lib/libimg_utils.so ...
Processing system/lib/libincfs.so ...
Processing system/lib/libincident.so ...
Processing system/lib/libincidentpriv.so ...
Processing system/lib/libinput.so ...
Processing system/lib/libinputflinger.so ...
Processing system/lib/libinputreporter.so ...
Processing system/lib/libinputservice.so ...
Processing system/lib/libion.so ...
Processing system/lib/libiprouteutil.so ...
Processing system/lib/libjni.dylib.so ...
Processing system/lib/libjni_sys.dylib.so ...
Processing system/lib/libjnigraphics.so ...
Processing system/lib/libjpeg.so ...
Processing system/lib/libjpegdecoder.so ...
Processing system/lib/libjpegencoder.so ...
Processing system/lib/libjsoncpp.so ...
Processing system/lib/libjxl.so ...
Processing system/lib/libkll.so ...
Processing system/lib/liblibc.dylib.so ...
Processing system/lib/liblog.so ...
Processing system/lib/liblog_rust.dylib.so ...
Processing system/lib/liblogwrap.so ...
Processing system/lib/liblz4.so ...
Processing system/lib/liblzma.so ...
Processing system/lib/libm.so ...
Processing system/lib/libmedia.so ...
Processing system/lib/libmedia_codeclist.so ...
Processing system/lib/libmedia_codeclist_capabilities.so ...
Processing system/lib/libmedia_helper.so ...
Processing system/lib/libmedia_jni.so ...
Processing system/lib/libmedia_jni_utils.so ...
Processing system/lib/libmedia_omx.so ...
Processing system/lib/libmedia_omx_client.so ...
Processing system/lib/libmediadrm.so ...
Processing system/lib/libmediadrmmetrics_consumer.so ...
Processing system/lib/libmediadrmmetrics_full.so ...
Processing system/lib/libmediadrmmetrics_lite.so ...
Processing system/lib/libmediametrics.so ...
Processing system/lib/libmediandk.so ...
Processing system/lib/libmediandk_utils.so ...
Processing system/lib/libmediaplayerservice.so ...
Processing system/lib/libmediautils.so ...
Processing system/lib/libmediautils_delayed.so ...
Processing system/lib/libmemchr.dylib.so ...
Processing system/lib/libmemevents.so ...
Processing system/lib/libmeminfo.so ...
Processing system/lib/libmemorybudgetmanager.so ...
Processing system/lib/libmemtrack.so ...
Processing system/lib/libmemtrackproxy.so ...
Processing system/lib/libmemunreachable.so ...
Processing system/lib/libminikin.so ...
Processing system/lib/libminui.so ...
Processing system/lib/libmonkey_jni.so ...
Processing system/lib/libmtp.so ...
Processing system/lib/libnativebridge_lazy.so ...
Processing system/lib/libnativedisplay.so ...
Processing system/lib/libnativeloader_lazy.so ...
Processing system/lib/libnativewindow.so ...
Processing system/lib/libnetd_client.so ...
Processing system/lib/libnetdutils.so ...
Processing system/lib/libnetlink.so ...
Processing system/lib/libnetutils.so ...
Processing system/lib/libneuralnetworks_packageinfo.so ...
Processing system/lib/libnl.so ...
Processing system/lib/libnpumanager.so ...
Processing system/lib/libopenxr.so ...
Processing system/lib/libpackagelistparser.so ...
Processing system/lib/libparameter.so ...
Processing system/lib/libpcre2.so ...
Processing system/lib/libpdfium.so ...
Processing system/lib/libperfetto_android_internal.so ...
Processing system/lib/libperfetto_c.so ...
Processing system/lib/libperfetto_framework_jni.so ...
Processing system/lib/libpermission.so ...
Processing system/lib/libpiex.so ...
Processing system/lib/libpng.so ...
Processing system/lib/libpolicy-subsystem.so ...
Processing system/lib/libpower.so ...
Processing system/lib/libpowermanager.so ...
Processing system/lib/libprocessgroup.so ...
Processing system/lib/libprocessgroup_flags_c.so ...
Processing system/lib/libprocessgroup_platform.so ...
Processing system/lib/libprocinfo.so ...
Processing system/lib/libprotobuf-cpp-full-6.33.5-absl20260526.so ...
Processing system/lib/libprotobuf-cpp-lite-6.33.5-absl20260526.so ...
Processing system/lib/libprotolog.so ...
Processing system/lib/libprotoutil.so ...
Processing system/lib/libpsi.so ...
Processing system/lib/libradio_metadata.so ...
Processing system/lib/libremote-processor.so ...
Processing system/lib/libresourcemanagerservice.so ...
Processing system/lib/librs_jni.so ...
Processing system/lib/librtp_jni.so ...
Processing system/lib/libselinux.so ...
Processing system/lib/libsensor.so ...
Processing system/lib/libsensorprivacy.so ...
Processing system/lib/libsensorservice.so ...
Processing system/lib/libsensorserviceaidl.so ...
Processing system/lib/libsensorservicehidl.so ...
Processing system/lib/libserde.dylib.so ...
Processing system/lib/libserde_core.dylib.so ...
Processing system/lib/libservices.core-gnss.so ...
Processing system/lib/libservices.so ...
Processing system/lib/libsfplugin_ccodec.so ...
Processing system/lib/libsfplugin_ccodec_utils.so ...
Processing system/lib/libshmemcompat.so ...
Processing system/lib/libshmemutil.so ...
Processing system/lib/libsimd_cesu8.dylib.so ...
Processing system/lib/libsimdutf8.dylib.so ...
Processing system/lib/libskia_fontations_rust_ffi.so ...
Processing system/lib/libskia_png_rust_ffi.so ...
Processing system/lib/libsonic.so ...
Processing system/lib/libsonivox.so ...
Processing system/lib/libsoundpool.so ...
Processing system/lib/libspeexresampler.so ...
Processing system/lib/libsqlite.so ...
Processing system/lib/libssl.so ...
Processing system/lib/libstagefright.so ...
Processing system/lib/libstagefright_aidl_bufferpool2.so ...
Processing system/lib/libstagefright_amrnb_common.so ...
Processing system/lib/libstagefright_bufferpool@2.0.1.so ...
Processing system/lib/libstagefright_bufferqueue_helper.so ...
Processing system/lib/libstagefright_codecbase.so ...
Processing system/lib/libstagefright_foundation.so ...
Processing system/lib/libstagefright_framecapture_utils.so ...
Processing system/lib/libstagefright_graphicbuffersource_aidl.so ...
Processing system/lib/libstagefright_http_support.so ...
Processing system/lib/libstagefright_httplive.so ...
Processing system/lib/libstagefright_omx.so ...
Processing system/lib/libstagefright_omx_utils.so ...
Processing system/lib/libstagefright_surface_utils.so ...
Processing system/lib/libstagefright_xmlparser.so ...
Processing system/lib/libstatic_assertions.dylib.so ...
Processing system/lib/libstats_media_metrics.so ...
Processing system/lib/libstatshidl.so ...
Processing system/lib/libstatslog_inputflinger.so ...
Processing system/lib/libstatslog_surfaceflinger.so ...
Processing system/lib/libstd.dylib.so ...
Processing system/lib/libstdc++.so ...
Processing system/lib/libsync.so ...
Processing system/lib/libsysutils.so ...
Processing system/lib/libthiserror.dylib.so ...
Processing system/lib/libtimeinstate.so ...
Processing system/lib/libtimestats_atoms_proto.so ...
Processing system/lib/libtinyalsa.so ...
Processing system/lib/libtinyxml2.so ...
Processing system/lib/libtombstoned_client.so ...
Processing system/lib/libtracing_perfetto.so ...
Processing system/lib/libtracingproxy.so ...
Processing system/lib/libtrust_token_jni.so ...
Processing system/lib/libui.so ...
Processing system/lib/libultrahdr.so ...
Processing system/lib/libunwindstack.so ...
Processing system/lib/libusbhost.so ...
Processing system/lib/libutils.so ...
Processing system/lib/libutilscallstack.so ...
Processing system/lib/libvendorsupport.so ...
Processing system/lib/libvibrationflinger.so ...
Processing system/lib/libvintf.so ...
Processing system/lib/libvintf_jni.so ...
Processing system/lib/libvndksupport.so ...
Processing system/lib/libvulkan.so ...
Processing system/lib/libwebviewchromium_loader.so ...
Processing system/lib/libwebviewchromium_plat_support.so ...
Processing system/lib/libwilhelm.so ...
Processing system/lib/libwrapfd.so ...
Processing system/lib/libxml2.so ...
Processing system/lib/libz.so ...
Processing system/lib/libzerocopy.dylib.so ...
Processing system/lib/libziparchive.so ...
Processing system/lib/media_metrics_aidl_interface-V1-ndk.so ...
Processing system/lib/media_quality_aidl_interface-cpp.so ...
Processing system/lib/mediametricsservice-aidl-V1-ndk.so ...
Processing system/lib/modules ...
Processing system/lib/monkey_aidl-ndk.so ...
Processing system/lib/packagemanager_aidl-cpp.so ...
Processing system/lib/process_info_service_aidl-cpp.so ...
Processing system/lib/pw_allocator.so ...
Processing system/lib/server_configurable_flags.so ...
Processing system/lib/service.incremental.so ...
Processing system/lib/shared-file-region-aidl-cpp.so ...
Processing system/lib/spatializer-aidl-cpp.so ...
Processing system/lib/volumegroupcallback-aidl-cpp.so ...
Processing system/lib/bootstrap/libc.so ...
Processing system/lib/bootstrap/libdl.so ...
Processing system/lib/bootstrap/libdl_android.so ...
Processing system/lib/bootstrap/libm.so ...
Processing system/lib/drm/libfwdlockengine.so ...
Processing system/lib64/aaudio-aidl-cpp.so ...
Processing system/lib64/aconfig_libgui_flags_c_lib.so ...
Processing system/lib64/aconfig_mediacodec_flags_c_lib.so ...
Processing system/lib64/aconfig_text_flags_c_lib.so ...
Processing system/lib64/activitymanager_structured_aidl-cpp.so ...
Processing system/lib64/adb_jni_pairing_server_flags_cc_lib.so ...
Processing system/lib64/android.adpf.sessionmanager_aidl-ndk.so ...
Processing system/lib64/android.companion.virtual.virtualdevice_aidl-cpp.so ...
Processing system/lib64/android.companion.virtualdevice.flags-aconfig-cc.so ...
Processing system/lib64/android.database.sqlite-aconfig-cc.so ...
Processing system/lib64/android.frameworks.sensorservice-V1-ndk.so ...
Processing system/lib64/android.frameworks.sensorservice@1.0.so ...
Processing system/lib64/android.frameworks.stats-V3-ndk.so ...
Processing system/lib64/android.gui.arect-ndk.so ...
Processing system/lib64/android.gui.size-ndk.so ...
Processing system/lib64/android.hardware.atrace@1.0.so ...
Processing system/lib64/android.hardware.audio.common-V6-ndk.so ...
Processing system/lib64/android.hardware.audio.common-util.so ...
Processing system/lib64/android.hardware.audio.common@2.0.so ...
Processing system/lib64/android.hardware.audio.common@6.0-util.so ...
Processing system/lib64/android.hardware.audio.common@6.0.so ...
Processing system/lib64/android.hardware.audio.core-V5-ndk.so ...
Processing system/lib64/android.hardware.audio.core.sounddose-V5-ndk.so ...
Processing system/lib64/android.hardware.audio.effect-V5-ndk.so ...
Processing system/lib64/android.hardware.audio.effect@6.0-util.so ...
Processing system/lib64/android.hardware.audio.effect@6.0.so ...
Processing system/lib64/android.hardware.audio.sounddose-V5-ndk.so ...
Processing system/lib64/android.hardware.audio@6.0-util.so ...
Processing system/lib64/android.hardware.audio@6.0.so ...
Processing system/lib64/android.hardware.boot-V1-ndk.so ...
Processing system/lib64/android.hardware.boot@1.0.so ...
Processing system/lib64/android.hardware.boot@1.1.so ...
Processing system/lib64/android.hardware.boot@1.2.so ...
Processing system/lib64/android.hardware.broadcastradio@1.0.so ...
Processing system/lib64/android.hardware.broadcastradio@1.1.so ...
Processing system/lib64/android.hardware.camera.common@1.0.so ...
Processing system/lib64/android.hardware.camera.device@1.0.so ...
Processing system/lib64/android.hardware.camera.device@3.2.so ...
Processing system/lib64/android.hardware.camera.device@3.3.so ...
Processing system/lib64/android.hardware.camera.device@3.4.so ...
Processing system/lib64/android.hardware.camera.device@3.5.so ...
Processing system/lib64/android.hardware.camera.device@3.6.so ...
Processing system/lib64/android.hardware.camera.device@3.7.so ...
Processing system/lib64/android.hardware.camera.metadata@3.2.so ...
Processing system/lib64/android.hardware.camera.metadata@3.3.so ...
Processing system/lib64/android.hardware.camera.metadata@3.4.so ...
Processing system/lib64/android.hardware.camera.metadata@3.5.so ...
Processing system/lib64/android.hardware.camera.metadata@3.6.so ...
Processing system/lib64/android.hardware.cas.native@1.0.so ...
Processing system/lib64/android.hardware.cas@1.0.so ...
Processing system/lib64/android.hardware.common-V2-cpp.so ...
Processing system/lib64/android.hardware.common-V2-ndk.so ...
Processing system/lib64/android.hardware.common.fmq-V1-cpp.so ...
Processing system/lib64/android.hardware.common.fmq-V1-ndk.so ...
Processing system/lib64/android.hardware.confirmationui-V1-ndk.so ...
Processing system/lib64/android.hardware.confirmationui@1.0.so ...
Processing system/lib64/android.hardware.contexthub-V5-ndk.so ...
Processing system/lib64/android.hardware.contexthub@1.0.so ...
Processing system/lib64/android.hardware.drm-V2-ndk.so ...
Processing system/lib64/android.hardware.drm.common-V1-ndk.so ...
Processing system/lib64/android.hardware.drm@1.0.so ...
Processing system/lib64/android.hardware.drm@1.1.so ...
Processing system/lib64/android.hardware.drm@1.2.so ...
Processing system/lib64/android.hardware.drm@1.3.so ...
Processing system/lib64/android.hardware.drm@1.4.so ...
Processing system/lib64/android.hardware.dumpstate-V1-ndk.so ...
Processing system/lib64/android.hardware.gatekeeper-V1-ndk.so ...
Processing system/lib64/android.hardware.gatekeeper@1.0.so ...
Processing system/lib64/android.hardware.gnss-V7-cpp.so ...
Processing system/lib64/android.hardware.gnss.measurement_corrections@1.0.so ...
Processing system/lib64/android.hardware.gnss.measurement_corrections@1.1.so ...
Processing system/lib64/android.hardware.gnss.visibility_control@1.0.so ...
Processing system/lib64/android.hardware.gnss@1.0.so ...
Processing system/lib64/android.hardware.gnss@1.1.so ...
Processing system/lib64/android.hardware.gnss@2.0.so ...
Processing system/lib64/android.hardware.gnss@2.1.so ...
Processing system/lib64/android.hardware.graphics.allocator-V2-ndk.so ...
Processing system/lib64/android.hardware.graphics.allocator@2.0.so ...
Processing system/lib64/android.hardware.graphics.allocator@3.0.so ...
Processing system/lib64/android.hardware.graphics.allocator@4.0.so ...
Processing system/lib64/android.hardware.graphics.bufferqueue@1.0.so ...
Processing system/lib64/android.hardware.graphics.bufferqueue@2.0.so ...
Processing system/lib64/android.hardware.graphics.common-V7-ndk.so ...
Processing system/lib64/android.hardware.graphics.common@1.0.so ...
Processing system/lib64/android.hardware.graphics.common@1.1.so ...
Processing system/lib64/android.hardware.graphics.common@1.2.so ...
Processing system/lib64/android.hardware.graphics.composer3-V6-ndk.so ...
Processing system/lib64/android.hardware.graphics.composer@2.1.so ...
Processing system/lib64/android.hardware.graphics.composer@2.2.so ...
Processing system/lib64/android.hardware.graphics.composer@2.3.so ...
Processing system/lib64/android.hardware.graphics.composer@2.4.so ...
Processing system/lib64/android.hardware.graphics.mapper@2.0.so ...
Processing system/lib64/android.hardware.graphics.mapper@2.1.so ...
Processing system/lib64/android.hardware.graphics.mapper@3.0.so ...
Processing system/lib64/android.hardware.graphics.mapper@4.0.so ...
Processing system/lib64/android.hardware.health-V5-ndk.so ...
Processing system/lib64/android.hardware.health@1.0.so ...
Processing system/lib64/android.hardware.health@2.0.so ...
Processing system/lib64/android.hardware.health@2.1.so ...
Processing system/lib64/android.hardware.input.common-V1-ndk.so ...
Processing system/lib64/android.hardware.input.processor-V1-ndk.so ...
Processing system/lib64/android.hardware.keymaster@3.0.so ...
Processing system/lib64/android.hardware.keymaster@4.0.so ...
Processing system/lib64/android.hardware.keymaster@4.1.so ...
Processing system/lib64/android.hardware.media.bufferpool2-V2-ndk.so ...
Processing system/lib64/android.hardware.media.bufferpool@2.0.so ...
Processing system/lib64/android.hardware.media.c2-V2-ndk.so ...
Processing system/lib64/android.hardware.media.c2@1.0.so ...
Processing system/lib64/android.hardware.media.c2@1.1.so ...
Processing system/lib64/android.hardware.media.c2@1.2.so ...
Processing system/lib64/android.hardware.media.omx@1.0.so ...
Processing system/lib64/android.hardware.media@1.0.so ...
Processing system/lib64/android.hardware.memtrack-V1-ndk.so ...
Processing system/lib64/android.hardware.power-V7-ndk.so ...
Processing system/lib64/android.hardware.power.stats-V1-cpp.so ...
Processing system/lib64/android.hardware.power.stats-V1-ndk.so ...
Processing system/lib64/android.hardware.power.stats@1.0.so ...
Processing system/lib64/android.hardware.power@1.0.so ...
Processing system/lib64/android.hardware.power@1.1.so ...
Processing system/lib64/android.hardware.power@1.2.so ...
Processing system/lib64/android.hardware.power@1.3.so ...
Processing system/lib64/android.hardware.renderscript@1.0.so ...
Processing system/lib64/android.hardware.secure_element@1.0.so ...
Processing system/lib64/android.hardware.security.keymint-V1-cpp.so ...
Processing system/lib64/android.hardware.security.keymint-V6-ndk.so ...
Processing system/lib64/android.hardware.security.rkp-V3-ndk.so ...
Processing system/lib64/android.hardware.security.secureclock-V1-cpp.so ...
Processing system/lib64/android.hardware.security.secureclock-V1-ndk.so ...
Processing system/lib64/android.hardware.security.sharedsecret-V1-ndk.so ...
Processing system/lib64/android.hardware.sensors-V3-ndk.so ...
Processing system/lib64/android.hardware.sensors@1.0.so ...
Processing system/lib64/android.hardware.sensors@2.0.so ...
Processing system/lib64/android.hardware.sensors@2.1.so ...
Processing system/lib64/android.hardware.thermal-V3-ndk.so ...
Processing system/lib64/android.hardware.thermal@1.0.so ...
Processing system/lib64/android.hardware.tv.input-V4-ndk.so ...
Processing system/lib64/android.hardware.tv.input@1.0.so ...
Processing system/lib64/android.hardware.tv.tuner-V3-ndk.so ...
Processing system/lib64/android.hardware.usb.aoa-cpp.so ...
Processing system/lib64/android.hardware.usb.flags-aconfig-cc-lib.so ...
Processing system/lib64/android.hardware.usb.gadget-V2-ndk.so ...
Processing system/lib64/android.hardware.usb.gadget@1.0.so ...
Processing system/lib64/android.hardware.vibrator-V5-ndk.so ...
Processing system/lib64/android.hidl.allocator@1.0.so ...
Processing system/lib64/android.hidl.memory.token@1.0.so ...
Processing system/lib64/android.hidl.memory@1.0.so ...
Processing system/lib64/android.hidl.safe_union@1.0.so ...
Processing system/lib64/android.hidl.token@1.0-utils.so ...
Processing system/lib64/android.hidl.token@1.0.so ...
Processing system/lib64/android.media.audio-aconfig-cc.so ...
Processing system/lib64/android.media.audio.common.types-V6-cpp.so ...
Processing system/lib64/android.media.audio.common.types-V6-ndk.so ...
Processing system/lib64/android.media.audio.eraser.types-V3-ndk.so ...
Processing system/lib64/android.media.audiopolicy-aconfig-cc.so ...
Processing system/lib64/android.media.codec-aconfig-cc.so ...
Processing system/lib64/android.os.flags-aconfig-cc-host.so ...
Processing system/lib64/android.os.flags-aconfig-cc.so ...
Processing system/lib64/android.os.statsbootstrap_aidl-cpp.so ...
Processing system/lib64/android.os.vibrator.flags-aconfig-cc.so ...
Processing system/lib64/android.security.aaid_aidl-cpp.so ...
Processing system/lib64/android.security.apc-ndk.so ...
Processing system/lib64/android.security.authorization-ndk.so ...
Processing system/lib64/android.security.compat-ndk.so ...
Processing system/lib64/android.server.display.flags-aconfig-cc.so ...
Processing system/lib64/android.system.keystore2-V1-cpp.so ...
Processing system/lib64/android.system.keystore2-V7-ndk.so ...
Processing system/lib64/android.system.net.netd-V1-ndk.so ...
Processing system/lib64/android.system.net.netd@1.0.so ...
Processing system/lib64/android.system.net.netd@1.1.so ...
Processing system/lib64/android.system.suspend-V1-ndk.so ...
Processing system/lib64/android.system.suspend.control-V1-cpp.so ...
Processing system/lib64/android.system.suspend.control.internal-cpp.so ...
Processing system/lib64/android_location_flags_c_lib.so ...
Processing system/lib64/apex_aidl_interface-cpp.so ...
Processing system/lib64/attentionmanager_native_aidl-cpp.so ...
Processing system/lib64/audio-permission-aidl-cpp.so ...
Processing system/lib64/audioclient-types-aidl-cpp.so ...
Processing system/lib64/audioflinger-aidl-cpp.so ...
Processing system/lib64/audiopolicy-aidl-cpp.so ...
Processing system/lib64/audiopolicy-types-aidl-cpp.so ...
Processing system/lib64/av-audio-types-aidl-ndk.so ...
Processing system/lib64/av-types-aidl-cpp.so ...
Processing system/lib64/bootstrap ...
Processing system/lib64/camera_platform_flags_c_lib.so ...
Processing system/lib64/capture_state_listener-aidl-cpp.so ...
Processing system/lib64/chre_flags_c_lib.so ...
Processing system/lib64/com.android.media.aaudio-aconfig-cc.so ...
Processing system/lib64/com.android.media.audio-aconfig-cc.so ...
Processing system/lib64/com.android.media.audioclient-aconfig-cc.so ...
Processing system/lib64/com.android.media.audioserver-aconfig-cc.so ...
Processing system/lib64/com.android.server.inputflinger-ndk.so ...
Processing system/lib64/com.android.window.flags.window-aconfig_flags_c_lib.so ...
Processing system/lib64/contexthub_data_flow.so ...
Processing system/lib64/device_policy_aconfig_flags_c_lib.so ...
Processing system/lib64/dnsresolver_aidl_interface-V7-cpp.so ...
Processing system/lib64/drm ...
Processing system/lib64/dropboxmanager_aidl-cpp.so ...
Processing system/lib64/dynamic_instrumentation_manager_aidl-cpp.so ...
Processing system/lib64/effect-aidl-cpp.so ...
Processing system/lib64/framework-permission-aidl-cpp.so ...
Processing system/lib64/graphicbuffersource-aidl-ndk.so ...
Processing system/lib64/graphicsenv_flags_c_lib.so ...
Processing system/lib64/gsi_aidl_interface-cpp.so ...
Processing system/lib64/heapprofd_client.so ...
Processing system/lib64/heapprofd_client_api.so ...
Processing system/lib64/hwasan ...
Processing system/lib64/hwui_flags_cc_lib.so ...
Processing system/lib64/ld-android.so ...
Processing system/lib64/lib-camera-compatibility-info-api.so ...
Processing system/lib64/lib-platform-compat-native-api.so ...
Processing system/lib64/libEGL.so ...
Processing system/lib64/libEGL_angle.so ...
Processing system/lib64/libETC1.so ...
Processing system/lib64/libFFTEm.so ...
Processing system/lib64/libGLESv1_CM.so ...
Processing system/lib64/libGLESv1_CM_angle.so ...
Processing system/lib64/libGLESv2.so ...
Processing system/lib64/libGLESv2_angle.so ...
Processing system/lib64/libGLESv3.so ...
Processing system/lib64/libLLVM_android.so ...
Processing system/lib64/libOpenMAXAL.so ...
Processing system/lib64/libOpenSLES.so ...
Processing system/lib64/libRS.so ...
Processing system/lib64/libRSCacheDir.so ...
Processing system/lib64/libRSCpuRef.so ...
Processing system/lib64/libRSDriver.so ...
Processing system/lib64/libRS_internal.so ...
Processing system/lib64/libSurfaceFlingerProp.so ...
Processing system/lib64/lib_android_keymaster_keymint_utils_fake_latest.so ...
Processing system/lib64/lib_com_android_kcmdline_cc_flags.so ...
Processing system/lib64/libaaudio.so ...
Processing system/lib64/libaaudio_internal_builder.so ...
Processing system/lib64/libaaudio_internal_core.so ...
Processing system/lib64/libaaudio_internal_fifo.so ...
Processing system/lib64/libaaudio_internal_legacy.so ...
Processing system/lib64/libaaudio_internal_mmap.so ...
Processing system/lib64/libaaudio_internal_utils.so ...
Processing system/lib64/libaconfig_flags.dylib.so ...
Processing system/lib64/libaconfig_flags_rust.dylib.so ...
Processing system/lib64/libaconfig_new_storage_flags_rust.dylib.so ...
Processing system/lib64/libaconfig_protos.dylib.so ...
Processing system/lib64/libaconfig_rust_proto.dylib.so ...
Processing system/lib64/libaconfig_storage_file.dylib.so ...
Processing system/lib64/libaconfig_storage_protos.dylib.so ...
Processing system/lib64/libaconfig_storage_read_api.dylib.so ...
Processing system/lib64/libaconfig_storage_read_api_cc.so ...
Processing system/lib64/libaconfig_storage_write_api.dylib.so ...
Processing system/lib64/libaconfigd_protos_rust.dylib.so ...
Processing system/lib64/libaconfigd_rust.dylib.so ...
Processing system/lib64/libaconfigd_rust_proto.dylib.so ...
Processing system/lib64/libactivitymanager_aidl.so ...
Processing system/lib64/libactivitymanager_structured_aidl.dylib.so ...
Processing system/lib64/libadbd_auth.so ...
Processing system/lib64/libadbd_fs.so ...
Processing system/lib64/libaho_corasick.dylib.so ...
Processing system/lib64/libalarm_jni.so ...
Processing system/lib64/liballoctop.dylib.so ...
Processing system/lib64/libam_flags_rust.dylib.so ...
Processing system/lib64/libamidi.so ...
Processing system/lib64/libandroid.so ...
Processing system/lib64/libandroid_bpfprogs_flags.dylib.so ...
Processing system/lib64/libandroid_gui.dylib.so ...
Processing system/lib64/libandroid_gui_arect.dylib.so ...
Processing system/lib64/libandroid_gui_size.dylib.so ...
Processing system/lib64/libandroid_hardware_common_V2.dylib.so ...
Processing system/lib64/libandroid_hardware_common_fmq_V1.dylib.so ...
Processing system/lib64/libandroid_hardware_hid.dylib.so ...
Processing system/lib64/libandroid_hardware_secure_element_V1.dylib.so ...
Processing system/lib64/libandroid_hardware_usb_aoa.dylib.so ...
Processing system/lib64/libandroid_ids.dylib.so ...
Processing system/lib64/libandroid_log_sys.dylib.so ...
Processing system/lib64/libandroid_logger.dylib.so ...
Processing system/lib64/libandroid_native_denylist.so ...
Processing system/lib64/libandroid_net.so ...
Processing system/lib64/libandroid_os_casefoldingremover.dylib.so ...
Processing system/lib64/libandroid_preapex.so ...
Processing system/lib64/libandroid_runtime.so ...
Processing system/lib64/libandroid_se_omapi_V2.dylib.so ...
Processing system/lib64/libandroid_servers.so ...
Processing system/lib64/libandroidfw.so ...
Processing system/lib64/libanstyle.dylib.so ...
Processing system/lib64/libanyhow.dylib.so ...
Processing system/lib64/libaoa_svc_rs.dylib.so ...
Processing system/lib64/libapexsupport.so ...
Processing system/lib64/libappfuse.so ...
Processing system/lib64/libarchivestager.so ...
Processing system/lib64/libarrayvec.dylib.so ...
Processing system/lib64/libartpalette-system.so ...
Processing system/lib64/libasyncio.so ...
Processing system/lib64/libatomic_rust.dylib.so ...
Processing system/lib64/libatrace_rust.dylib.so ...
Processing system/lib64/libatrace_tracing_subscriber.dylib.so ...
Processing system/lib64/libattention_native.so ...
Processing system/lib64/libaudio-resampler.so ...
Processing system/lib64/libaudio_aidl_conversion_common_cpp_system.so ...
Processing system/lib64/libaudio_aidl_conversion_common_ndk_cpp_system.so ...
Processing system/lib64/libaudio_aidl_conversion_common_ndk_system.so ...
Processing system/lib64/libaudio_aidl_conversion_core_ndk_system.so ...
Processing system/lib64/libaudio_aidl_conversion_effect_ndk_system.so ...
Processing system/lib64/libaudioaidlcommon.so ...
Processing system/lib64/libaudiobase.so ...
Processing system/lib64/libaudioclient.so ...
Processing system/lib64/libaudioclient_aidl_conversion.so ...
Processing system/lib64/libaudioeffect_jni.so ...
Processing system/lib64/libaudioflinger_datapath.so ...
Processing system/lib64/libaudioflinger_fastpath.so ...
Processing system/lib64/libaudioflinger_timing.so ...
Processing system/lib64/libaudioflinger_utils.so ...
Processing system/lib64/libaudiofoundation.so ...
Processing system/lib64/libaudiohal.so ...
Processing system/lib64/libaudiohal@6.0.so ...
Processing system/lib64/libaudiohal@7.0.so ...
Processing system/lib64/libaudiohal@7.1.so ...
Processing system/lib64/libaudiohal@aidl.so ...
Processing system/lib64/libaudiohal_deathhandler.so ...
Processing system/lib64/libaudiomanager.so ...
Processing system/lib64/libaudioparameterparser.so ...
Processing system/lib64/libaudiopermission.so ...
Processing system/lib64/libaudiopolicy.so ...
Processing system/lib64/libaudiopolicycomponents.so ...
Processing system/lib64/libaudiopolicyengineconfigurable.so ...
Processing system/lib64/libaudiopolicyenginedefault.so ...
Processing system/lib64/libaudiopolicymanagerdefault.so ...
Processing system/lib64/libaudioprocessing.so ...
Processing system/lib64/libaudiospdif.so ...
Processing system/lib64/libaudiousecasevalidation.so ...
Processing system/lib64/libaudioutils.so ...
Processing system/lib64/libavservices_minijail.so ...
Processing system/lib64/libbackstage_power_flags_rust.dylib.so ...
Processing system/lib64/libbase.so ...
Processing system/lib64/libbattery.so ...
Processing system/lib64/libbatterystats_aidl.so ...
Processing system/lib64/libbcc.so ...
Processing system/lib64/libbcinfo.so ...
Processing system/lib64/libbinder.so ...
Processing system/lib64/libbinder_ndk.so ...
Processing system/lib64/libbinder_ndk_compat_bindgen.dylib.so ...
Processing system/lib64/libbinder_ndk_sys.dylib.so ...
Processing system/lib64/libbinder_rpc_unstable.so ...
Processing system/lib64/libbinder_rs.dylib.so ...
Processing system/lib64/libbinder_rs_ndk_compat.dylib.so ...
Processing system/lib64/libbinderdebug.so ...
Processing system/lib64/libbindernetlink.so ...
Processing system/lib64/libbinderwrapper.so ...
Processing system/lib64/libbionic_bindgen.dylib.so ...
Processing system/lib64/libbitflags.dylib.so ...
Processing system/lib64/libblas.so ...
Processing system/lib64/libboot_control_client.so ...
Processing system/lib64/libbootanimation_preapex.so ...
Processing system/lib64/libbootloader_message.so ...
Processing system/lib64/libbpf.so ...
Processing system/lib64/libbpf_android.so ...
Processing system/lib64/libbpf_android_bindgen.dylib.so ...
Processing system/lib64/libbpf_bcc.so ...
Processing system/lib64/libbpf_minimal.so ...
Processing system/lib64/libbrillo-binder.so ...
Processing system/lib64/libbrillo-stream.so ...
Processing system/lib64/libbrillo.so ...
Processing system/lib64/libbssl_crypto.dylib.so ...
Processing system/lib64/libbytemuck.dylib.so ...
Processing system/lib64/libbyteorder.dylib.so ...
Processing system/lib64/libbytes.dylib.so ...
Processing system/lib64/libc++.so ...
Processing system/lib64/libc.so ...
Processing system/lib64/libcamera2ndk.so ...
Processing system/lib64/libcamera_client.so ...
Processing system/lib64/libcamera_metadata.so ...
Processing system/lib64/libcameracompatbilityinfo.so ...
Processing system/lib64/libcap.so ...
Processing system/lib64/libcap_bindgen.dylib.so ...
Processing system/lib64/libcap_rust.dylib.so ...
Processing system/lib64/libcesu8.dylib.so ...
Processing system/lib64/libcfg_if.dylib.so ...
Processing system/lib64/libcgrouprc.so ...
Processing system/lib64/libchacha20.dylib.so ...
Processing system/lib64/libchrome.so ...
Processing system/lib64/libchrono.dylib.so ...
Processing system/lib64/libclang_rt.asan-aarch64-android.so ...
Processing system/lib64/libclang_rt.hwasan-aarch64-android.so ...
Processing system/lib64/libclang_rt.ubsan_standalone-aarch64-android.so ...
Processing system/lib64/libclap.dylib.so ...
Processing system/lib64/libclap_builder.dylib.so ...
Processing system/lib64/libclap_lex.dylib.so ...
Processing system/lib64/libclcore.bc ...
Processing system/lib64/libclcore_debug.bc ...
Processing system/lib64/libclcore_debug_g.bc ...
Processing system/lib64/libclcore_g.bc ...
Processing system/lib64/libcodec2.so ...
Processing system/lib64/libcodec2_aidl_client.so ...
Processing system/lib64/libcodec2_client.so ...
Processing system/lib64/libcodec2_hal_common.so ...
Processing system/lib64/libcodec2_hidl_client@1.0.so ...
Processing system/lib64/libcodec2_vndk.so ...
Processing system/lib64/libcom_android_compos_key_cache.so ...
Processing system/lib64/libcombine.dylib.so ...
Processing system/lib64/libcommand_fds.dylib.so ...
Processing system/lib64/libcompiler_rt.so ...
Processing system/lib64/libconfiginfra_framework_flags_rust.dylib.so ...
Processing system/lib64/libconst_oid.dylib.so ...
Processing system/lib64/libcore_jni_flags_c.so ...
Processing system/lib64/libcppbor.so ...
Processing system/lib64/libcppcose_rkp.so ...
Processing system/lib64/libcpustats_flags.dylib.so ...
Processing system/lib64/libcrc32fast.dylib.so ...
Processing system/lib64/libcrypto.so ...
Processing system/lib64/libcrypto_utils.so ...
Processing system/lib64/libcts_flags_tests_rust.dylib.so ...
Processing system/lib64/libcups.so ...
Processing system/lib64/libcurl.so ...
Processing system/lib64/libcutils.so ...
Processing system/lib64/libcutils_bindgen.dylib.so ...
Processing system/lib64/libcutils_trace_bindgen.dylib.so ...
Processing system/lib64/libcxx.dylib.so ...
Processing system/lib64/libdataloader.so ...
Processing system/lib64/libdatasource.so ...
Processing system/lib64/libdebuggerd_client.so ...
Processing system/lib64/libdebugstore_cxx.so ...
Processing system/lib64/libder.dylib.so ...
Processing system/lib64/libdl.so ...
Processing system/lib64/libdl_android.so ...
Processing system/lib64/libdm_rust.dylib.so ...
Processing system/lib64/libdmabufheap.so ...
Processing system/lib64/libdng_sdk.so ...
Processing system/lib64/libdowncast.dylib.so ...
Processing system/lib64/libdowncast_rs.dylib.so ...
Processing system/lib64/libdrm.so ...
Processing system/lib64/libdrmframework.so ...
Processing system/lib64/libdrmframework_jni.so ...
Processing system/lib64/libdrmframeworkcommon.so ...
Processing system/lib64/libdumpstateaidl.so ...
Processing system/lib64/libdumpstateutil.so ...
Processing system/lib64/libdumputils.so ...
Processing system/lib64/libeffectsconfig.so ...
Processing system/lib64/libegl_flags.so ...
Processing system/lib64/libeither.dylib.so ...
Processing system/lib64/libelfutils.so ...
Processing system/lib64/libenv_filter.dylib.so ...
Processing system/lib64/libenv_logger.dylib.so ...
Processing system/lib64/liberrno.dylib.so ...
Processing system/lib64/libevent.so ...
Processing system/lib64/libexif.so ...
Processing system/lib64/libexpat.so ...
Processing system/lib64/libexpresslog.so ...
Processing system/lib64/libext2_blkid.so ...
Processing system/lib64/libext2_com_err.so ...
Processing system/lib64/libext2_e2p.so ...
Processing system/lib64/libext2_misc.so ...
Processing system/lib64/libext2_quota.so ...
Processing system/lib64/libext2_uuid.so ...
Processing system/lib64/libext2fs.so ...
Processing system/lib64/libext4_utils.so ...
Processing system/lib64/libf2fs_sparseblock.so ...
Processing system/lib64/libfdtrack.so ...
Processing system/lib64/libfec.so ...
Processing system/lib64/libfec_rs.so ...
Processing system/lib64/libfilterfw.so ...
Processing system/lib64/libfilterpack_imageproc.so ...
Processing system/lib64/libflags_rust.dylib.so ...
Processing system/lib64/libflagset.dylib.so ...
Processing system/lib64/libflatbuffers.dylib.so ...
Processing system/lib64/libflate2.dylib.so ...
Processing system/lib64/libfmq.so ...
Processing system/lib64/libfmq_bindgen.dylib.so ...
Processing system/lib64/libfmq_rust.dylib.so ...
Processing system/lib64/libfoldhash.dylib.so ...
Processing system/lib64/libfragile.dylib.so ...
Processing system/lib64/libfs_mgr.so ...
Processing system/lib64/libfs_mgr_binder.so ...
Processing system/lib64/libfsverity.so ...
Processing system/lib64/libft2.so ...
Processing system/lib64/libfutures_channel.dylib.so ...
Processing system/lib64/libfutures_core.dylib.so ...
Processing system/lib64/libfutures_io.dylib.so ...
Processing system/lib64/libfutures_sink.dylib.so ...
Processing system/lib64/libfutures_task.dylib.so ...
Processing system/lib64/libfutures_util.dylib.so ...
Processing system/lib64/libgatekeeper.so ...
Processing system/lib64/libgatekeeper_aidl.so ...
Processing system/lib64/libgetrandom.dylib.so ...
Processing system/lib64/libgoogletest_rust.dylib.so ...
Processing system/lib64/libgpuwork.so ...
Processing system/lib64/libgralloctypes.so ...
Processing system/lib64/libgraphicsenv.so ...
Processing system/lib64/libgsi.so ...
Processing system/lib64/libgui.so ...
Processing system/lib64/libgui_aidl_types_rs.dylib.so ...
Processing system/lib64/libguiflags.so ...
Processing system/lib64/libhardware.so ...
Processing system/lib64/libhardware_legacy.so ...
Processing system/lib64/libharfbuzz_ng.so ...
Processing system/lib64/libharfbuzz_subset.so ...
Processing system/lib64/libheadtracking-binding.so ...
Processing system/lib64/libheadtracking.so ...
Processing system/lib64/libhex.dylib.so ...
Processing system/lib64/libhid_jni.so ...
Processing system/lib64/libhidcommand_jni.so ...
Processing system/lib64/libhidl-gen-hash.so ...
Processing system/lib64/libhidl-gen-utils.so ...
Processing system/lib64/libhidlallocatorutils.so ...
Processing system/lib64/libhidlbase.so ...
Processing system/lib64/libhidlmemory.so ...
Processing system/lib64/libhidltransport.so ...
Processing system/lib64/libhwbinder.so ...
Processing system/lib64/libhwui.so ...
Processing system/lib64/libidmap2.so ...
Processing system/lib64/libimage_io.so ...
Processing system/lib64/libimg_utils.so ...
Processing system/lib64/libincfs.so ...
Processing system/lib64/libincident.so ...
Processing system/lib64/libincidentpriv.so ...
Processing system/lib64/libinotify.dylib.so ...
Processing system/lib64/libinotify_sys.dylib.so ...
Processing system/lib64/libinput.so ...
Processing system/lib64/libinputconstants.dylib.so ...
Processing system/lib64/libinputflinger.so ...
Processing system/lib64/libinputreporter.so ...
Processing system/lib64/libinputservice.so ...
Processing system/lib64/libion.so ...
Processing system/lib64/libiprouteutil.so ...
Processing system/lib64/libitertools.dylib.so ...
Processing system/lib64/libitoa.dylib.so ...
Processing system/lib64/libjni.dylib.so ...
Processing system/lib64/libjni_deviceAsWebcam.so ...
Processing system/lib64/libjni_legacy.dylib.so ...
Processing system/lib64/libjni_sys.dylib.so ...
Processing system/lib64/libjni_sys_legacy.dylib.so ...
Processing system/lib64/libjnigraphics.so ...
Processing system/lib64/libjnigraphics_preapex.so ...
Processing system/lib64/libjpeg.so ...
Processing system/lib64/libjpegdecoder.so ...
Processing system/lib64/libjpegencoder.so ...
Processing system/lib64/libjsoncpp.so ...
Processing system/lib64/libjxl.so ...
Processing system/lib64/libkernlog.dylib.so ...
Processing system/lib64/libkeymaster4_1support.so ...
Processing system/lib64/libkeymaster4support.so ...
Processing system/lib64/libkeymaster_messages.so ...
Processing system/lib64/libkeymaster_portable.so ...
Processing system/lib64/libkeymint_fake_latest.so ...
Processing system/lib64/libkeymint_support.so ...
Processing system/lib64/libkeystore-attestation-application-id.so ...
Processing system/lib64/libkeystore2_aaid.so ...
Processing system/lib64/libkeystore2_apc_compat.so ...
Processing system/lib64/libkeystore2_crypto.so ...
Processing system/lib64/libkll.so ...
Processing system/lib64/libkm_compat.so ...
Processing system/lib64/libkm_compat_service.so ...
Processing system/lib64/libkobject_uevent.dylib.so ...
Processing system/lib64/liblazy_static.dylib.so ...
Processing system/lib64/liblibactivity_manager_procstate_aidl.dylib.so ...
Processing system/lib64/liblibbpf_rs.dylib.so ...
Processing system/lib64/liblibbpf_sys.dylib.so ...
Processing system/lib64/liblibbz2_rs_sys.dylib.so ...
Processing system/lib64/liblibc.dylib.so ...
Processing system/lib64/liblibloading.dylib.so ...
Processing system/lib64/liblibprofcollectd.dylib.so ...
Processing system/lib64/liblock_api.dylib.so ...
Processing system/lib64/liblog.so ...
Processing system/lib64/liblog_rust.dylib.so ...
Processing system/lib64/liblogger.dylib.so ...
Processing system/lib64/liblogwrap.so ...
Processing system/lib64/liblp.so ...
Processing system/lib64/liblpdump.so ...
Processing system/lib64/liblpdump_interface-cpp.so ...
Processing system/lib64/liblz4.so ...
Processing system/lib64/liblzma.so ...
Processing system/lib64/libm.so ...
Processing system/lib64/libmacaddr.dylib.so ...
Processing system/lib64/libmedia.so ...
Processing system/lib64/libmedia_codeclist.so ...
Processing system/lib64/libmedia_codeclist_capabilities.so ...
Processing system/lib64/libmedia_helper.so ...
Processing system/lib64/libmedia_jni.so ...
Processing system/lib64/libmedia_jni_utils.so ...
Processing system/lib64/libmedia_omx.so ...
Processing system/lib64/libmedia_omx_client.so ...
Processing system/lib64/libmediadrm.so ...
Processing system/lib64/libmediadrmmetrics_consumer.so ...
Processing system/lib64/libmediadrmmetrics_full.so ...
Processing system/lib64/libmediadrmmetrics_lite.so ...
Processing system/lib64/libmediaextractorservice.so ...
Processing system/lib64/libmediametrics.so ...
Processing system/lib64/libmediametricsservice.so ...
Processing system/lib64/libmediandk.so ...
Processing system/lib64/libmediandk_utils.so ...
Processing system/lib64/libmediaplayerservice.so ...
Processing system/lib64/libmediautils.so ...
Processing system/lib64/libmediautils_delayed.so ...
Processing system/lib64/libmemchr.dylib.so ...
Processing system/lib64/libmemevents.so ...
Processing system/lib64/libmeminfo.so ...
Processing system/lib64/libmemmap2.dylib.so ...
Processing system/lib64/libmemoffset.dylib.so ...
Processing system/lib64/libmemorybudgetmanager.so ...
Processing system/lib64/libmemtrack.so ...
Processing system/lib64/libmemtrackproxy.so ...
Processing system/lib64/libmemunreachable.so ...
Processing system/lib64/libminijail.so ...
Processing system/lib64/libminikin.so ...
Processing system/lib64/libminikin_system_font_bridge.so ...
Processing system/lib64/libminui.so ...
Processing system/lib64/libmio.dylib.so ...
Processing system/lib64/libmmd.dylib.so ...
Processing system/lib64/libmmd_aidl_interface.dylib.so ...
Processing system/lib64/libmmd_android.dylib.so ...
Processing system/lib64/libmmd_flags_rust.dylib.so ...
Processing system/lib64/libmmdproperties_rust.dylib.so ...
Processing system/lib64/libmockall.dylib.so ...
Processing system/lib64/libmonkey_jni.so ...
Processing system/lib64/libmtp.so ...
Processing system/lib64/libnative_activity_thread.dylib.so ...
Processing system/lib64/libnative_activity_thread_statslog.dylib.so ...
Processing system/lib64/libnative_application_thread_aidl.dylib.so ...
Processing system/lib64/libnativebridge_lazy.so ...
Processing system/lib64/libnativedisplay.so ...
Processing system/lib64/libnativeloader_lazy.so ...
Processing system/lib64/libnativewindow.so ...
Processing system/lib64/libnativewindow_bindgen.dylib.so ...
Processing system/lib64/libnativewindow_rs.dylib.so ...
Processing system/lib64/libnbaio.so ...
Processing system/lib64/libnetd_client.so ...
Processing system/lib64/libnetdutils.so ...
Processing system/lib64/libnetlink.so ...
Processing system/lib64/libnetutils.so ...
Processing system/lib64/libneuralnetworks_packageinfo.so ...
Processing system/lib64/libnix.dylib.so ...
Processing system/lib64/libnl.so ...
Processing system/lib64/libnpumanager.so ...
Processing system/lib64/libnum_traits.dylib.so ...
Processing system/lib64/libomapi.dylib.so ...
Processing system/lib64/libonce_cell.dylib.so ...
Processing system/lib64/libopenssl.dylib.so ...
Processing system/lib64/libopenxr.so ...
Processing system/lib64/libpackagelistparser.so ...
Processing system/lib64/libpackagemanager_aidl.dylib.so ...
Processing system/lib64/libparameter.so ...
Processing system/lib64/libparking_lot.dylib.so ...
Processing system/lib64/libparking_lot_core.dylib.so ...
Processing system/lib64/libpcap.so ...
Processing system/lib64/libpcre2.so ...
Processing system/lib64/libpdfium.so ...
Processing system/lib64/libperfetto.so ...
Processing system/lib64/libperfetto_android_internal.so ...
Processing system/lib64/libperfetto_c.so ...
Processing system/lib64/libperfetto_framework_jni.so ...
Processing system/lib64/libpermission.so ...
Processing system/lib64/libpiex.so ...
Processing system/lib64/libpin_project_lite.dylib.so ...
Processing system/lib64/libplatformproperties_rust.dylib.so ...
Processing system/lib64/libpmgd_flags_rust.dylib.so ...
Processing system/lib64/libpmgd_statslog.dylib.so ...
Processing system/lib64/libpng.so ...
Processing system/lib64/libpolicy-subsystem.so ...
Processing system/lib64/libpower.so ...
Processing system/lib64/libpowermanager.so ...
Processing system/lib64/libpredicates.dylib.so ...
Processing system/lib64/libpredicates_core.dylib.so ...
Processing system/lib64/libpredicates_tree.dylib.so ...
Processing system/lib64/libprintspooler_jni.so ...
Processing system/lib64/libprocessgroup.so ...
Processing system/lib64/libprocessgroup_flags_c.so ...
Processing system/lib64/libprocessgroup_platform.so ...
Processing system/lib64/libprocessgroup_rust.dylib.so ...
Processing system/lib64/libprocessgroup_setup.so ...
Processing system/lib64/libprocinfo.so ...
Processing system/lib64/libprofcollectd_aidl_interface.dylib.so ...
Processing system/lib64/libprotobuf-cpp-full-6.33.5-absl20260526.so ...
Processing system/lib64/libprotobuf-cpp-lite-6.33.5-absl20260526.so ...
Processing system/lib64/libprotobuf.dylib.so ...
Processing system/lib64/libprotobuf_support.dylib.so ...
Processing system/lib64/libprotolog.so ...
Processing system/lib64/libprotoutil.so ...
Processing system/lib64/libpsi.so ...
Processing system/lib64/libpuresoftkeymasterdevice.so ...
Processing system/lib64/libradio_metadata.so ...
Processing system/lib64/librand.dylib.so ...
Processing system/lib64/librand_core.dylib.so ...
Processing system/lib64/libregex.dylib.so ...
Processing system/lib64/libregex_automata.dylib.so ...
Processing system/lib64/libregex_syntax.dylib.so ...
Processing system/lib64/libremote-processor.so ...
Processing system/lib64/libresourcemanagerservice.so ...
Processing system/lib64/librs_jni.so ...
Processing system/lib64/librtp_jni.so ...
Processing system/lib64/librustc_hash.dylib.so ...
Processing system/lib64/librustix.dylib.so ...
Processing system/lib64/librustutils.dylib.so ...
Processing system/lib64/libscopeguard.dylib.so ...
Processing system/lib64/libseccomp_policy.so ...
Processing system/lib64/libselinux.so ...
Processing system/lib64/libselinux_bindgen.dylib.so ...
Processing system/lib64/libsensor.so ...
Processing system/lib64/libsensorprivacy.so ...
Processing system/lib64/libsensorservice.so ...
Processing system/lib64/libsensorserviceaidl.so ...
Processing system/lib64/libsensorservicehidl.so ...
Processing system/lib64/libserde.dylib.so ...
Processing system/lib64/libserde_core.dylib.so ...
Processing system/lib64/libserde_json.dylib.so ...
Processing system/lib64/libserde_xml_rs.dylib.so ...
Processing system/lib64/libservices.core-gnss.so ...
Processing system/lib64/libservices.so ...
Processing system/lib64/libsfplugin_ccodec.so ...
Processing system/lib64/libsfplugin_ccodec_utils.so ...
Processing system/lib64/libsharded_slab.dylib.so ...
Processing system/lib64/libshmemcompat.so ...
Processing system/lib64/libshmemutil.so ...
Processing system/lib64/libsignal_hook_registry.dylib.so ...
Processing system/lib64/libsimd_cesu8.dylib.so ...
Processing system/lib64/libsimdutf8.dylib.so ...
Processing system/lib64/libsimpleperf.so ...
Processing system/lib64/libsimpleperf_profcollect.so ...
Processing system/lib64/libskia_fontations_rust_ffi.so ...
Processing system/lib64/libskia_png_rust_ffi.so ...
Processing system/lib64/libslab.dylib.so ...
Processing system/lib64/libsmallvec.dylib.so ...
Processing system/lib64/libsmapinfo.so ...
Processing system/lib64/libsnapshot.so ...
Processing system/lib64/libsocket2.dylib.so ...
Processing system/lib64/libsoft_attestation_cert.so ...
Processing system/lib64/libsonic.so ...
Processing system/lib64/libsonivox.so ...
Processing system/lib64/libsounddose.so ...
Processing system/lib64/libsoundpool.so ...
Processing system/lib64/libsparse.so ...
Processing system/lib64/libspeexresampler.so ...
Processing system/lib64/libsqlite.so ...
Processing system/lib64/libssl.so ...
Processing system/lib64/libstagefright.so ...
Processing system/lib64/libstagefright_aidl_bufferpool2.so ...
Processing system/lib64/libstagefright_amrnb_common.so ...
Processing system/lib64/libstagefright_bufferpool@2.0.1.so ...
Processing system/lib64/libstagefright_bufferqueue_helper.so ...
Processing system/lib64/libstagefright_codecbase.so ...
Processing system/lib64/libstagefright_foundation.so ...
Processing system/lib64/libstagefright_framecapture_utils.so ...
Processing system/lib64/libstagefright_graphicbuffersource_aidl.so ...
Processing system/lib64/libstagefright_http_support.so ...
Processing system/lib64/libstagefright_httplive.so ...
Processing system/lib64/libstagefright_omx.so ...
Processing system/lib64/libstagefright_omx_utils.so ...
Processing system/lib64/libstagefright_surface_utils.so ...
Processing system/lib64/libstagefright_xmlparser.so ...
Processing system/lib64/libstatic_assertions.dylib.so ...
Processing system/lib64/libstats_media_metrics.so ...
Processing system/lib64/libstatsbootstrap.so ...
Processing system/lib64/libstatshidl.so ...
Processing system/lib64/libstatslog.so ...
Processing system/lib64/libstatslog_gpustats.so ...
Processing system/lib64/libstatslog_inputflinger.so ...
Processing system/lib64/libstatslog_rust.dylib.so ...
Processing system/lib64/libstatslog_rust_header.dylib.so ...
Processing system/lib64/libstatslog_surfaceflinger.so ...
Processing system/lib64/libstatslog_surfaceflinger_bootstrap.so ...
Processing system/lib64/libstatspull_bindgen.dylib.so ...
Processing system/lib64/libstatspull_rust.dylib.so ...
Processing system/lib64/libstd.dylib.so ...
Processing system/lib64/libstdc++.so ...
Processing system/lib64/libstrsim.dylib.so ...
Processing system/lib64/libstrum.dylib.so ...
Processing system/lib64/libsubmerge_java.so ...
Processing system/lib64/libsync.so ...
Processing system/lib64/libsystem_properties_bindgen_sys.dylib.so ...
Processing system/lib64/libsysutils.so ...
Processing system/lib64/libtermcolor.dylib.so ...
Processing system/lib64/libtermtree.dylib.so ...
Processing system/lib64/libthiserror.dylib.so ...
Processing system/lib64/libthread_local.dylib.so ...
Processing system/lib64/libtimeinstate.so ...
Processing system/lib64/libtimestats_atoms_proto.so ...
Processing system/lib64/libtinyalsa.so ...
Processing system/lib64/libtinyxml2.so ...
Processing system/lib64/libtokio.dylib.so ...
Processing system/lib64/libtombstoned_client.so ...
Processing system/lib64/libtracing.dylib.so ...
Processing system/lib64/libtracing_core.dylib.so ...
Processing system/lib64/libtracing_perfetto.so ...
Processing system/lib64/libtracing_subscriber.dylib.so ...
Processing system/lib64/libtracingproxy.so ...
Processing system/lib64/libtrust_token_jni.so ...
Processing system/lib64/libuevent-framework.dylib.so ...
Processing system/lib64/libui.so ...
Processing system/lib64/libuinputcommand_jni.so ...
Processing system/lib64/libukey2_jni.so ...
Processing system/lib64/libultrahdr.so ...
Processing system/lib64/libunwindstack.so ...
Processing system/lib64/libupdate_engine_stable-V3-cpp.so ...
Processing system/lib64/liburingutils.so ...
Processing system/lib64/libusb4_policies.dylib.so ...
Processing system/lib64/libusb4_policies_jni.so ...
Processing system/lib64/libusb_flags_lib_rust.dylib.so ...
Processing system/lib64/libusbhost.so ...
Processing system/lib64/libutils.so ...
Processing system/lib64/libutilscallstack.so ...
Processing system/lib64/libuuid.dylib.so ...
Processing system/lib64/libvendorsupport.so ...
Processing system/lib64/libvibrationflinger.so ...
Processing system/lib64/libvibrator.so ...
Processing system/lib64/libvintf.so ...
Processing system/lib64/libvintf_jni.so ...
Processing system/lib64/libvndksupport.so ...
Processing system/lib64/libvsprintf.dylib.so ...
Processing system/lib64/libvsprintf_wrapper.so ...
Processing system/lib64/libvulkan.so ...
Processing system/lib64/libwebviewchromium_loader.so ...
Processing system/lib64/libwebviewchromium_plat_support.so ...
Processing system/lib64/libwfds.so ...
Processing system/lib64/libwilhelm.so ...
Processing system/lib64/libwrapfd.so ...
Processing system/lib64/libxml2.so ...
Processing system/lib64/libxml_rust.dylib.so ...
Processing system/lib64/libyuv.so ...
Processing system/lib64/libz.so ...
Processing system/lib64/libzerocopy.dylib.so ...
Processing system/lib64/libzeroize.dylib.so ...
Processing system/lib64/libzip.dylib.so ...
Processing system/lib64/libziparchive.so ...
Processing system/lib64/libzlib_rs.dylib.so ...
Processing system/lib64/libzmij.dylib.so ...
Processing system/lib64/libzstd.so ...
Processing system/lib64/libzygote.dylib.so ...
Processing system/lib64/libzygote_core.dylib.so ...
Processing system/lib64/libzygote_messages.dylib.so ...
Processing system/lib64/libzygote_species_android_native.so ...
Processing system/lib64/libzygote_statslog.dylib.so ...
Processing system/lib64/libzygote_sys.dylib.so ...
Processing system/lib64/lights_flags_cc_lib.so ...
Processing system/lib64/media_metrics_aidl_interface-V1-ndk.so ...
Processing system/lib64/media_quality_aidl_interface-cpp.so ...
Processing system/lib64/mediametricsservice-aidl-V1-ndk.so ...
Processing system/lib64/monkey_aidl-ndk.so ...
Processing system/lib64/netd_aidl_interface-V18-cpp.so ...
Processing system/lib64/netd_event_listener_interface-V1-cpp.so ...
Processing system/lib64/oemnetd_aidl_interface-cpp.so ...
Processing system/lib64/packagemanager_aidl-cpp.so ...
Processing system/lib64/process_info_service_aidl-cpp.so ...
Processing system/lib64/pw_allocator.so ...
Processing system/lib64/server_configurable_flags.so ...
Processing system/lib64/service.incremental.so ...
Processing system/lib64/shared-file-region-aidl-cpp.so ...
Processing system/lib64/spatializer-aidl-cpp.so ...
Processing system/lib64/storaged_aidl_interface-cpp.so ...
Processing system/lib64/volumegroupcallback-aidl-cpp.so ...
Processing system/lib64/bootstrap/hwasan ...
Processing system/lib64/bootstrap/libc.so ...
Processing system/lib64/bootstrap/libclang_rt.hwasan-aarch64-android.so ...
Processing system/lib64/bootstrap/libdl.so ...
Processing system/lib64/bootstrap/libdl_android.so ...
Processing system/lib64/bootstrap/libm.so ...
Processing system/lib64/bootstrap/hwasan/libc.so ...
Processing system/lib64/drm/libfwdlockengine.so ...
Processing system/lib64/hwasan/libc.so ...
Processing system/priv-app/BackupRestoreConfirmation ...
Processing system/priv-app/BlockedNumberProvider ...
Processing system/priv-app/BuiltInPrintService ...
Processing system/priv-app/CalendarProvider ...
Processing system/priv-app/CallLogBackup ...
Processing system/priv-app/CellBroadcastLegacyApp ...
Processing system/priv-app/ContactsPicker ...
Processing system/priv-app/ContactsProvider ...
Processing system/priv-app/CredentialManager ...
Processing system/priv-app/DeviceAsWebcam ...
Processing system/priv-app/DeviceDiagnostics ...
Processing system/priv-app/DocumentsUI ...
Processing system/priv-app/DownloadProvider ...
Processing system/priv-app/DownloadProviderUi ...
Processing system/priv-app/DynamicSystemInstallationService ...
Processing system/priv-app/E2eeContactKeysProvider ...
Processing system/priv-app/ExternalStorageProvider ...
Processing system/priv-app/EyeDropper ...
Processing system/priv-app/FakeStore ...
Processing system/priv-app/FusedLocation ...
Processing system/priv-app/InputDevices ...
Processing system/priv-app/IntentResolver ...
Processing system/priv-app/LiveWallpapersPicker ...
Processing system/priv-app/LocalTransport ...
Processing system/priv-app/ManagedProvisioning ...
Processing system/priv-app/MmsService ...
Processing system/priv-app/MtpService ...
Processing system/priv-app/MusicFX ...
Processing system/priv-app/NetworkStack ...
Processing system/priv-app/ONS ...
Processing system/priv-app/PackageInstaller ...
Processing system/priv-app/PrivateSpace ...
Processing system/priv-app/ProxyHandler ...
Processing system/priv-app/SettingsProvider ...
Processing system/priv-app/SharedStorageBackup ...
Processing system/priv-app/Shell ...
Processing system/priv-app/SoundPicker ...
Processing system/priv-app/Tag ...
Processing system/priv-app/TeleService ...
Processing system/priv-app/TelecomShim ...
Processing system/priv-app/TelephonyProvider ...
Processing system/priv-app/UserDictionaryProvider ...
Processing system/priv-app/VpnDialogs ...
Processing system/priv-app/microG ...
Processing system/priv-app/BackupRestoreConfirmation/BackupRestoreConfirmation.apk ...
Processing system/priv-app/BackupRestoreConfirmation/oat ...
Processing system/priv-app/BackupRestoreConfirmation/oat/arm64 ...
Processing system/priv-app/BackupRestoreConfirmation/oat/arm64/BackupRestoreConfirmation.odex ...
Processing system/priv-app/BackupRestoreConfirmation/oat/arm64/BackupRestoreConfirmation.vdex ...
Processing system/priv-app/BlockedNumberProvider/BlockedNumberProvider.apk ...
Processing system/priv-app/BlockedNumberProvider/oat ...
Processing system/priv-app/BlockedNumberProvider/oat/arm64 ...
Processing system/priv-app/BlockedNumberProvider/oat/arm64/BlockedNumberProvider.odex ...
Processing system/priv-app/BlockedNumberProvider/oat/arm64/BlockedNumberProvider.vdex ...
Processing system/priv-app/BuiltInPrintService/BuiltInPrintService.apk ...
Processing system/priv-app/BuiltInPrintService/lib ...
Processing system/priv-app/BuiltInPrintService/oat ...
Processing system/priv-app/BuiltInPrintService/lib/arm64 ...
Processing system/priv-app/BuiltInPrintService/lib/arm64/libcups.so ...
Processing system/priv-app/BuiltInPrintService/lib/arm64/libwfds.so ...
Processing system/priv-app/BuiltInPrintService/oat/arm64 ...
Processing system/priv-app/BuiltInPrintService/oat/arm64/BuiltInPrintService.odex ...
Processing system/priv-app/BuiltInPrintService/oat/arm64/BuiltInPrintService.vdex ...
Processing system/priv-app/CalendarProvider/CalendarProvider.apk ...
Processing system/priv-app/CalendarProvider/oat ...
Processing system/priv-app/CalendarProvider/oat/arm64 ...
Processing system/priv-app/CalendarProvider/oat/arm64/CalendarProvider.odex ...
Processing system/priv-app/CalendarProvider/oat/arm64/CalendarProvider.vdex ...
Processing system/priv-app/CallLogBackup/CallLogBackup.apk ...
Processing system/priv-app/CallLogBackup/oat ...
Processing system/priv-app/CallLogBackup/oat/arm64 ...
Processing system/priv-app/CallLogBackup/oat/arm64/CallLogBackup.odex ...
Processing system/priv-app/CallLogBackup/oat/arm64/CallLogBackup.vdex ...
Processing system/priv-app/CellBroadcastLegacyApp/CellBroadcastLegacyApp.apk ...
Processing system/priv-app/CellBroadcastLegacyApp/oat ...
Processing system/priv-app/CellBroadcastLegacyApp/oat/arm64 ...
Processing system/priv-app/CellBroadcastLegacyApp/oat/arm64/CellBroadcastLegacyApp.odex ...
Processing system/priv-app/CellBroadcastLegacyApp/oat/arm64/CellBroadcastLegacyApp.vdex ...
Processing system/priv-app/ContactsPicker/ContactsPicker.apk ...
Processing system/priv-app/ContactsPicker/oat ...
Processing system/priv-app/ContactsPicker/oat/arm64 ...
Processing system/priv-app/ContactsPicker/oat/arm64/ContactsPicker.odex ...
Processing system/priv-app/ContactsPicker/oat/arm64/ContactsPicker.vdex ...
Processing system/priv-app/ContactsProvider/ContactsProvider.apk ...
Processing system/priv-app/ContactsProvider/oat ...
Processing system/priv-app/ContactsProvider/oat/arm64 ...
Processing system/priv-app/ContactsProvider/oat/arm64/ContactsProvider.odex ...
Processing system/priv-app/ContactsProvider/oat/arm64/ContactsProvider.vdex ...
Processing system/priv-app/CredentialManager/CredentialManager.apk ...
Processing system/priv-app/CredentialManager/CredentialManager.apk.prof ...
Processing system/priv-app/CredentialManager/oat ...
Processing system/priv-app/CredentialManager/oat/arm64 ...
Processing system/priv-app/CredentialManager/oat/arm64/CredentialManager.art ...
Processing system/priv-app/CredentialManager/oat/arm64/CredentialManager.odex ...
Processing system/priv-app/CredentialManager/oat/arm64/CredentialManager.vdex ...
Processing system/priv-app/DeviceAsWebcam/DeviceAsWebcam.apk ...
Processing system/priv-app/DeviceAsWebcam/lib ...
Processing system/priv-app/DeviceAsWebcam/oat ...
Processing system/priv-app/DeviceAsWebcam/lib/arm64 ...
Processing system/priv-app/DeviceAsWebcam/lib/arm64/libjni_deviceAsWebcam.so ...
Processing system/priv-app/DeviceAsWebcam/oat/arm64 ...
Processing system/priv-app/DeviceAsWebcam/oat/arm64/DeviceAsWebcam.odex ...
Processing system/priv-app/DeviceAsWebcam/oat/arm64/DeviceAsWebcam.vdex ...
Processing system/priv-app/DeviceDiagnostics/DeviceDiagnostics.apk ...
Processing system/priv-app/DeviceDiagnostics/oat ...
Processing system/priv-app/DeviceDiagnostics/oat/arm64 ...
Processing system/priv-app/DeviceDiagnostics/oat/arm64/DeviceDiagnostics.odex ...
Processing system/priv-app/DeviceDiagnostics/oat/arm64/DeviceDiagnostics.vdex ...
Processing system/priv-app/DocumentsUI/DocumentsUI.apk ...
Processing system/priv-app/DocumentsUI/oat ...
Processing system/priv-app/DocumentsUI/oat/arm64 ...
Processing system/priv-app/DocumentsUI/oat/arm64/DocumentsUI.odex ...
Processing system/priv-app/DocumentsUI/oat/arm64/DocumentsUI.vdex ...
Processing system/priv-app/DownloadProvider/DownloadProvider.apk ...
Processing system/priv-app/DownloadProvider/oat ...
Processing system/priv-app/DownloadProvider/oat/arm64 ...
Processing system/priv-app/DownloadProvider/oat/arm64/DownloadProvider.odex ...
Processing system/priv-app/DownloadProvider/oat/arm64/DownloadProvider.vdex ...
Processing system/priv-app/DownloadProviderUi/DownloadProviderUi.apk ...
Processing system/priv-app/DownloadProviderUi/oat ...
Processing system/priv-app/DownloadProviderUi/oat/arm64 ...
Processing system/priv-app/DownloadProviderUi/oat/arm64/DownloadProviderUi.odex ...
Processing system/priv-app/DownloadProviderUi/oat/arm64/DownloadProviderUi.vdex ...
Processing system/priv-app/DynamicSystemInstallationService/DynamicSystemInstallationService.apk ...
Processing system/priv-app/DynamicSystemInstallationService/oat ...
Processing system/priv-app/DynamicSystemInstallationService/oat/arm64 ...
Processing system/priv-app/DynamicSystemInstallationService/oat/arm64/DynamicSystemInstallationService.odex ...
Processing system/priv-app/DynamicSystemInstallationService/oat/arm64/DynamicSystemInstallationService.vdex ...
Processing system/priv-app/E2eeContactKeysProvider/E2eeContactKeysProvider.apk ...
Processing system/priv-app/E2eeContactKeysProvider/oat ...
Processing system/priv-app/E2eeContactKeysProvider/oat/arm64 ...
Processing system/priv-app/E2eeContactKeysProvider/oat/arm64/E2eeContactKeysProvider.odex ...
Processing system/priv-app/E2eeContactKeysProvider/oat/arm64/E2eeContactKeysProvider.vdex ...
Processing system/priv-app/ExternalStorageProvider/ExternalStorageProvider.apk ...
Processing system/priv-app/ExternalStorageProvider/oat ...
Processing system/priv-app/ExternalStorageProvider/oat/arm64 ...
Processing system/priv-app/ExternalStorageProvider/oat/arm64/ExternalStorageProvider.odex ...
Processing system/priv-app/ExternalStorageProvider/oat/arm64/ExternalStorageProvider.vdex ...
Processing system/priv-app/EyeDropper/EyeDropper.apk ...
Processing system/priv-app/EyeDropper/oat ...
Processing system/priv-app/EyeDropper/oat/arm64 ...
Processing system/priv-app/EyeDropper/oat/arm64/EyeDropper.odex ...
Processing system/priv-app/EyeDropper/oat/arm64/EyeDropper.vdex ...
Processing system/priv-app/FakeStore/FakeStore.apk ...
Processing system/priv-app/FusedLocation/FusedLocation.apk ...
Processing system/priv-app/FusedLocation/oat ...
Processing system/priv-app/FusedLocation/oat/arm64 ...
Processing system/priv-app/FusedLocation/oat/arm64/FusedLocation.odex ...
Processing system/priv-app/FusedLocation/oat/arm64/FusedLocation.vdex ...
Processing system/priv-app/InputDevices/InputDevices.apk ...
Processing system/priv-app/InputDevices/oat ...
Processing system/priv-app/InputDevices/oat/arm64 ...
Processing system/priv-app/InputDevices/oat/arm64/InputDevices.odex ...
Processing system/priv-app/InputDevices/oat/arm64/InputDevices.vdex ...
Processing system/priv-app/IntentResolver/IntentResolver.apk ...
Processing system/priv-app/IntentResolver/oat ...
Processing system/priv-app/IntentResolver/oat/arm64 ...
Processing system/priv-app/IntentResolver/oat/arm64/IntentResolver.odex ...
Processing system/priv-app/IntentResolver/oat/arm64/IntentResolver.vdex ...
Processing system/priv-app/LiveWallpapersPicker/LiveWallpapersPicker.apk ...
Processing system/priv-app/LiveWallpapersPicker/oat ...
Processing system/priv-app/LiveWallpapersPicker/oat/arm64 ...
Processing system/priv-app/LiveWallpapersPicker/oat/arm64/LiveWallpapersPicker.odex ...
Processing system/priv-app/LiveWallpapersPicker/oat/arm64/LiveWallpapersPicker.vdex ...
Processing system/priv-app/LocalTransport/LocalTransport.apk ...
Processing system/priv-app/LocalTransport/oat ...
Processing system/priv-app/LocalTransport/oat/arm64 ...
Processing system/priv-app/LocalTransport/oat/arm64/LocalTransport.odex ...
Processing system/priv-app/LocalTransport/oat/arm64/LocalTransport.vdex ...
Processing system/priv-app/ManagedProvisioning/ManagedProvisioning.apk ...
Processing system/priv-app/ManagedProvisioning/oat ...
Processing system/priv-app/ManagedProvisioning/oat/arm64 ...
Processing system/priv-app/ManagedProvisioning/oat/arm64/ManagedProvisioning.odex ...
Processing system/priv-app/ManagedProvisioning/oat/arm64/ManagedProvisioning.vdex ...
Processing system/priv-app/MmsService/MmsService.apk ...
Processing system/priv-app/MmsService/oat ...
Processing system/priv-app/MmsService/oat/arm64 ...
Processing system/priv-app/MmsService/oat/arm64/MmsService.odex ...
Processing system/priv-app/MmsService/oat/arm64/MmsService.vdex ...
Processing system/priv-app/MtpService/MtpService.apk ...
Processing system/priv-app/MtpService/oat ...
Processing system/priv-app/MtpService/oat/arm64 ...
Processing system/priv-app/MtpService/oat/arm64/MtpService.odex ...
Processing system/priv-app/MtpService/oat/arm64/MtpService.vdex ...
Processing system/priv-app/MusicFX/MusicFX.apk ...
Processing system/priv-app/MusicFX/oat ...
Processing system/priv-app/MusicFX/oat/arm64 ...
Processing system/priv-app/MusicFX/oat/arm64/MusicFX.odex ...
Processing system/priv-app/MusicFX/oat/arm64/MusicFX.vdex ...
Processing system/priv-app/NetworkStack/NetworkStack.apk ...
Processing system/priv-app/NetworkStack/oat ...
Processing system/priv-app/NetworkStack/oat/arm64 ...
Processing system/priv-app/NetworkStack/oat/arm64/NetworkStack.odex ...
Processing system/priv-app/NetworkStack/oat/arm64/NetworkStack.vdex ...
Processing system/priv-app/ONS/ONS.apk ...
Processing system/priv-app/ONS/oat ...
Processing system/priv-app/ONS/oat/arm64 ...
Processing system/priv-app/ONS/oat/arm64/ONS.odex ...
Processing system/priv-app/ONS/oat/arm64/ONS.vdex ...
Processing system/priv-app/PackageInstaller/PackageInstaller.apk ...
Processing system/priv-app/PackageInstaller/oat ...
Processing system/priv-app/PackageInstaller/oat/arm64 ...
Processing system/priv-app/PackageInstaller/oat/arm64/PackageInstaller.odex ...
Processing system/priv-app/PackageInstaller/oat/arm64/PackageInstaller.vdex ...
Processing system/priv-app/PrivateSpace/PrivateSpace.apk ...
Processing system/priv-app/PrivateSpace/oat ...
Processing system/priv-app/PrivateSpace/oat/arm64 ...
Processing system/priv-app/PrivateSpace/oat/arm64/PrivateSpace.odex ...
Processing system/priv-app/PrivateSpace/oat/arm64/PrivateSpace.vdex ...
Processing system/priv-app/ProxyHandler/ProxyHandler.apk ...
Processing system/priv-app/ProxyHandler/oat ...
Processing system/priv-app/ProxyHandler/oat/arm64 ...
Processing system/priv-app/ProxyHandler/oat/arm64/ProxyHandler.odex ...
Processing system/priv-app/ProxyHandler/oat/arm64/ProxyHandler.vdex ...
Processing system/priv-app/SettingsProvider/SettingsProvider.apk ...
Processing system/priv-app/SettingsProvider/oat ...
Processing system/priv-app/SettingsProvider/oat/arm64 ...
Processing system/priv-app/SettingsProvider/oat/arm64/SettingsProvider.odex ...
Processing system/priv-app/SettingsProvider/oat/arm64/SettingsProvider.vdex ...
Processing system/priv-app/SharedStorageBackup/SharedStorageBackup.apk ...
Processing system/priv-app/SharedStorageBackup/oat ...
Processing system/priv-app/SharedStorageBackup/oat/arm64 ...
Processing system/priv-app/SharedStorageBackup/oat/arm64/SharedStorageBackup.odex ...
Processing system/priv-app/SharedStorageBackup/oat/arm64/SharedStorageBackup.vdex ...
Processing system/priv-app/Shell/Shell.apk ...
Processing system/priv-app/Shell/oat ...
Processing system/priv-app/Shell/oat/arm64 ...
Processing system/priv-app/Shell/oat/arm64/Shell.odex ...
Processing system/priv-app/Shell/oat/arm64/Shell.vdex ...
Processing system/priv-app/SoundPicker/SoundPicker.apk ...
Processing system/priv-app/SoundPicker/oat ...
Processing system/priv-app/SoundPicker/oat/arm64 ...
Processing system/priv-app/SoundPicker/oat/arm64/SoundPicker.odex ...
Processing system/priv-app/SoundPicker/oat/arm64/SoundPicker.vdex ...
Processing system/priv-app/Tag/Tag.apk ...
Processing system/priv-app/Tag/oat ...
Processing system/priv-app/Tag/oat/arm64 ...
Processing system/priv-app/Tag/oat/arm64/Tag.odex ...
Processing system/priv-app/Tag/oat/arm64/Tag.vdex ...
Processing system/priv-app/TeleService/TeleService.apk ...
Processing system/priv-app/TeleService/oat ...
Processing system/priv-app/TeleService/oat/arm64 ...
Processing system/priv-app/TeleService/oat/arm64/TeleService.odex ...
Processing system/priv-app/TeleService/oat/arm64/TeleService.vdex ...
Processing system/priv-app/TelecomShim/TelecomShim.apk ...
Processing system/priv-app/TelecomShim/oat ...
Processing system/priv-app/TelecomShim/oat/arm64 ...
Processing system/priv-app/TelecomShim/oat/arm64/TelecomShim.odex ...
Processing system/priv-app/TelecomShim/oat/arm64/TelecomShim.vdex ...
Processing system/priv-app/TelephonyProvider/TelephonyProvider.apk ...
Processing system/priv-app/TelephonyProvider/oat ...
Processing system/priv-app/TelephonyProvider/oat/arm64 ...
Processing system/priv-app/TelephonyProvider/oat/arm64/TelephonyProvider.odex ...
Processing system/priv-app/TelephonyProvider/oat/arm64/TelephonyProvider.vdex ...
Processing system/priv-app/UserDictionaryProvider/UserDictionaryProvider.apk ...
Processing system/priv-app/UserDictionaryProvider/oat ...
Processing system/priv-app/UserDictionaryProvider/oat/arm64 ...
Processing system/priv-app/UserDictionaryProvider/oat/arm64/UserDictionaryProvider.odex ...
Processing system/priv-app/UserDictionaryProvider/oat/arm64/UserDictionaryProvider.vdex ...
Processing system/priv-app/VpnDialogs/VpnDialogs.apk ...
Processing system/priv-app/VpnDialogs/oat ...
Processing system/priv-app/VpnDialogs/oat/arm64 ...
Processing system/priv-app/VpnDialogs/oat/arm64/VpnDialogs.odex ...
Processing system/priv-app/VpnDialogs/oat/arm64/VpnDialogs.vdex ...
Processing system/priv-app/microG/GmsCore.apk ...
Processing system/product/app ...
Processing system/product/etc ...
Processing system/product/lib ...
Processing system/product/lib64 ...
Processing system/product/media ...
Processing system/product/overlay ...
Processing system/product/priv-app ...
Processing system/product/app/Browser2 ...
Processing system/product/app/Calendar ...
Processing system/product/app/Camera2 ...
Processing system/product/app/DeskClock ...
Processing system/product/app/Gallery2 ...
Processing system/product/app/LatinIME ...
Processing system/product/app/ModuleMetadata ...
Processing system/product/app/Music ...
Processing system/product/app/PhotoTable ...
Processing system/product/app/QuickSearchBox ...
Processing system/product/app/messaging ...
Processing system/product/app/webview ...
Processing system/product/app/Browser2/Browser2.apk ...
Processing system/product/app/Browser2/oat ...
Processing system/product/app/Browser2/oat/arm64 ...
Processing system/product/app/Browser2/oat/arm64/Browser2.odex ...
Processing system/product/app/Browser2/oat/arm64/Browser2.vdex ...
Processing system/product/app/Calendar/Calendar.apk ...
Processing system/product/app/Calendar/oat ...
Processing system/product/app/Calendar/oat/arm64 ...
Processing system/product/app/Calendar/oat/arm64/Calendar.odex ...
Processing system/product/app/Calendar/oat/arm64/Calendar.vdex ...
Processing system/product/app/Camera2/Camera2.apk ...
Processing system/product/app/Camera2/lib ...
Processing system/product/app/Camera2/oat ...
Processing system/product/app/Camera2/lib/arm64 ...
Processing system/product/app/Camera2/lib/arm64/libjni_jpegutil.so ...
Processing system/product/app/Camera2/lib/arm64/libjni_tinyplanet.so ...
Processing system/product/app/Camera2/oat/arm64 ...
Processing system/product/app/Camera2/oat/arm64/Camera2.odex ...
Processing system/product/app/Camera2/oat/arm64/Camera2.vdex ...
Processing system/product/app/DeskClock/DeskClock.apk ...
Processing system/product/app/DeskClock/oat ...
Processing system/product/app/DeskClock/oat/arm64 ...
Processing system/product/app/DeskClock/oat/arm64/DeskClock.odex ...
Processing system/product/app/DeskClock/oat/arm64/DeskClock.vdex ...
Processing system/product/app/Gallery2/Gallery2.apk ...
Processing system/product/app/Gallery2/lib ...
Processing system/product/app/Gallery2/oat ...
Processing system/product/app/Gallery2/lib/arm64 ...
Processing system/product/app/Gallery2/lib/arm64/libjni_eglfence.so ...
Processing system/product/app/Gallery2/lib/arm64/libjni_filtershow_filters.so ...
Processing system/product/app/Gallery2/lib/arm64/libjni_jpegstream.so ...
Processing system/product/app/Gallery2/oat/arm64 ...
Processing system/product/app/Gallery2/oat/arm64/Gallery2.odex ...
Processing system/product/app/Gallery2/oat/arm64/Gallery2.vdex ...
Processing system/product/app/LatinIME/LatinIME.apk ...
Processing system/product/app/LatinIME/lib ...
Processing system/product/app/LatinIME/oat ...
Processing system/product/app/LatinIME/lib/arm64 ...
Processing system/product/app/LatinIME/lib/arm64/libjni_latinime.so ...
Processing system/product/app/LatinIME/oat/arm64 ...
Processing system/product/app/LatinIME/oat/arm64/LatinIME.odex ...
Processing system/product/app/LatinIME/oat/arm64/LatinIME.vdex ...
Processing system/product/app/ModuleMetadata/ModuleMetadata.apk ...
Processing system/product/app/Music/Music.apk ...
Processing system/product/app/Music/oat ...
Processing system/product/app/Music/oat/arm64 ...
Processing system/product/app/Music/oat/arm64/Music.odex ...
Processing system/product/app/Music/oat/arm64/Music.vdex ...
Processing system/product/app/PhotoTable/PhotoTable.apk ...
Processing system/product/app/PhotoTable/oat ...
Processing system/product/app/PhotoTable/oat/arm64 ...
Processing system/product/app/PhotoTable/oat/arm64/PhotoTable.odex ...
Processing system/product/app/PhotoTable/oat/arm64/PhotoTable.vdex ...
Processing system/product/app/QuickSearchBox/QuickSearchBox.apk ...
Processing system/product/app/QuickSearchBox/oat ...
Processing system/product/app/QuickSearchBox/oat/arm64 ...
Processing system/product/app/QuickSearchBox/oat/arm64/QuickSearchBox.odex ...
Processing system/product/app/QuickSearchBox/oat/arm64/QuickSearchBox.vdex ...
Processing system/product/app/messaging/messaging.apk ...
Processing system/product/app/messaging/oat ...
Processing system/product/app/messaging/oat/arm64 ...
Processing system/product/app/messaging/oat/arm64/messaging.odex ...
Processing system/product/app/messaging/oat/arm64/messaging.vdex ...
Processing system/product/app/webview/oat ...
Processing system/product/app/webview/webview.apk ...
Processing system/product/app/webview/oat/arm64 ...
Processing system/product/app/webview/oat/arm64/webview.odex ...
Processing system/product/app/webview/oat/arm64/webview.vdex ...
Processing system/product/etc/aconfig ...
Processing system/product/etc/aconfig_flags.pb ...
Processing system/product/etc/apns-conf.xml ...
Processing system/product/etc/build.prop ...
Processing system/product/etc/build_flags.json ...
Processing system/product/etc/fs_config_dirs ...
Processing system/product/etc/fs_config_files ...
Processing system/product/etc/group ...
Processing system/product/etc/passwd ...
Processing system/product/etc/permissions ...
Processing system/product/etc/selinux ...
Processing system/product/etc/sysconfig ...
Processing system/product/etc/aconfig/flag.info ...
Processing system/product/etc/aconfig/flag.map ...
Processing system/product/etc/aconfig/flag.val ...
Processing system/product/etc/aconfig/package.map ...
Processing system/product/etc/permissions/com.android.contacts.xml ...
Processing system/product/etc/permissions/com.android.dialer.xml ...
Processing system/product/etc/permissions/com.android.imsserviceentitlement.xml ...
Processing system/product/etc/permissions/com.android.settings.intelligence.xml ...
Processing system/product/etc/permissions/com.android.statementservice.xml ...
Processing system/product/etc/selinux/mapping ...
Processing system/product/etc/selinux/product_file_contexts ...
Processing system/product/etc/selinux/product_hwservice_contexts ...
Processing system/product/etc/selinux/product_keystore2_key_contexts ...
Processing system/product/etc/selinux/product_mac_permissions.xml ...
Processing system/product/etc/selinux/product_property_contexts ...
Processing system/product/etc/selinux/product_seapp_contexts ...
Processing system/product/etc/selinux/product_sepolicy.cil ...
Processing system/product/etc/selinux/product_sepolicy_and_mapping.sha256 ...
Processing system/product/etc/selinux/product_service_contexts ...
Processing system/product/etc/selinux/product_tee_service_contexts ...
Processing system/product/etc/selinux/mapping/202404.cil ...
Processing system/product/etc/selinux/mapping/202504.cil ...
Processing system/product/etc/selinux/mapping/202604.cil ...
Processing system/product/etc/selinux/mapping/31.0.cil ...
Processing system/product/etc/selinux/mapping/32.0.cil ...
Processing system/product/etc/selinux/mapping/33.0.cil ...
Processing system/product/etc/selinux/mapping/34.0.cil ...
Processing system/product/etc/sysconfig/initial-package-stopped-states-aosp.xml ...
Processing system/product/etc/sysconfig/preinstalled-packages-base-product.xml ...
Processing system/product/etc/sysconfig/preinstalled-packages-media-product.xml ...
Processing system/product/etc/sysconfig/preinstalled-packages-platform-aosp-product.xml ...
Processing system/product/etc/sysconfig/preinstalled-packages-platform-handheld-product.xml ...
Processing system/product/etc/sysconfig/preinstalled-packages-platform-overlays.xml ...
Processing system/product/etc/sysconfig/preinstalled-packages-platform-telephony-product.xml ...
Processing system/product/lib/libc++.so ...
Processing system/product/lib/libframesequence.so ...
Processing system/product/lib/libgiftranscode.so ...
Processing system/product/lib64/libc++.so ...
Processing system/product/lib64/libframesequence.so ...
Processing system/product/lib64/libgiftranscode.so ...
Processing system/product/lib64/libjni_eglfence.so ...
Processing system/product/lib64/libjni_filtershow_filters.so ...
Processing system/product/lib64/libjni_jpegstream.so ...
Processing system/product/lib64/libjni_jpegutil.so ...
Processing system/product/lib64/libjni_latinime.so ...
Processing system/product/lib64/libjni_tinyplanet.so ...
Processing system/product/media/audio ...
Processing system/product/media/audio/alarms ...
Processing system/product/media/audio/notifications ...
Processing system/product/media/audio/ringtones ...
Processing system/product/media/audio/ui ...
Processing system/product/media/audio/alarms/Alarm_Beep_01.ogg ...
Processing system/product/media/audio/alarms/Alarm_Beep_02.ogg ...
Processing system/product/media/audio/alarms/Alarm_Beep_03.ogg ...
Processing system/product/media/audio/alarms/Alarm_Buzzer.ogg ...
Processing system/product/media/audio/alarms/Alarm_Classic.ogg ...
Processing system/product/media/audio/alarms/Alarm_Rooster_02.ogg ...
Processing system/product/media/audio/alarms/Argon.ogg ...
Processing system/product/media/audio/alarms/Barium.ogg ...
Processing system/product/media/audio/alarms/Carbon.ogg ...
Processing system/product/media/audio/alarms/Helium.ogg ...
Processing system/product/media/audio/alarms/Krypton.ogg ...
Processing system/product/media/audio/alarms/Neon.ogg ...
Processing system/product/media/audio/alarms/Neptunium.ogg ...
Processing system/product/media/audio/alarms/Osmium.ogg ...
Processing system/product/media/audio/alarms/Oxygen.ogg ...
Processing system/product/media/audio/alarms/Platinum.ogg ...
Processing system/product/media/audio/alarms/Promethium.ogg ...
Processing system/product/media/audio/alarms/Scandium.ogg ...
Processing system/product/media/audio/notifications/Adara.ogg ...
Processing system/product/media/audio/notifications/Aldebaran.ogg ...
Processing system/product/media/audio/notifications/Altair.ogg ...
Processing system/product/media/audio/notifications/Alya.ogg ...
Processing system/product/media/audio/notifications/Antares.ogg ...
Processing system/product/media/audio/notifications/Antimony.ogg ...
Processing system/product/media/audio/notifications/Arcturus.ogg ...
Processing system/product/media/audio/notifications/Argon.ogg ...
Processing system/product/media/audio/notifications/Beat_Box_Android.ogg ...
Processing system/product/media/audio/notifications/Bellatrix.ogg ...
Processing system/product/media/audio/notifications/Beryllium.ogg ...
Processing system/product/media/audio/notifications/Betelgeuse.ogg ...
Processing system/product/media/audio/notifications/CaffeineSnake.ogg ...
Processing system/product/media/audio/notifications/Canopus.ogg ...
Processing system/product/media/audio/notifications/Capella.ogg ...
Processing system/product/media/audio/notifications/Castor.ogg ...
Processing system/product/media/audio/notifications/CetiAlpha.ogg ...
Processing system/product/media/audio/notifications/Cobalt.ogg ...
Processing system/product/media/audio/notifications/Cricket.ogg ...
Processing system/product/media/audio/notifications/DearDeer.ogg ...
Processing system/product/media/audio/notifications/Deneb.ogg ...
Processing system/product/media/audio/notifications/Doink.ogg ...
Processing system/product/media/audio/notifications/DontPanic.ogg ...
Processing system/product/media/audio/notifications/Drip.ogg ...
Processing system/product/media/audio/notifications/Electra.ogg ...
Processing system/product/media/audio/notifications/F1_MissedCall.ogg ...
Processing system/product/media/audio/notifications/F1_New_MMS.ogg ...
Processing system/product/media/audio/notifications/F1_New_SMS.ogg ...
Processing system/product/media/audio/notifications/Fluorine.ogg ...
Processing system/product/media/audio/notifications/Fomalhaut.ogg ...
Processing system/product/media/audio/notifications/Gallium.ogg ...
Processing system/product/media/audio/notifications/Heaven.ogg ...
Processing system/product/media/audio/notifications/Helium.ogg ...
Processing system/product/media/audio/notifications/Highwire.ogg ...
Processing system/product/media/audio/notifications/Hojus.ogg ...
Processing system/product/media/audio/notifications/Iridium.ogg ...
Processing system/product/media/audio/notifications/Krypton.ogg ...
Processing system/product/media/audio/notifications/KzurbSonar.ogg ...
Processing system/product/media/audio/notifications/Lalande.ogg ...
Processing system/product/media/audio/notifications/Merope.ogg ...
Processing system/product/media/audio/notifications/Mira.ogg ...
Processing system/product/media/audio/notifications/OnTheHunt.ogg ...
Processing system/product/media/audio/notifications/Palladium.ogg ...
Processing system/product/media/audio/notifications/Plastic_Pipe.ogg ...
Processing system/product/media/audio/notifications/Polaris.ogg ...
Processing system/product/media/audio/notifications/Pollux.ogg ...
Processing system/product/media/audio/notifications/Procyon.ogg ...
Processing system/product/media/audio/notifications/Proxima.ogg ...
Processing system/product/media/audio/notifications/Radon.ogg ...
Processing system/product/media/audio/notifications/Rubidium.ogg ...
Processing system/product/media/audio/notifications/Selenium.ogg ...
Processing system/product/media/audio/notifications/Shaula.ogg ...
Processing system/product/media/audio/notifications/Sirrah.ogg ...
Processing system/product/media/audio/notifications/SpaceSeed.ogg ...
Processing system/product/media/audio/notifications/Spica.ogg ...
Processing system/product/media/audio/notifications/Strontium.ogg ...
Processing system/product/media/audio/notifications/Syrma.ogg ...
Processing system/product/media/audio/notifications/TaDa.ogg ...
Processing system/product/media/audio/notifications/Talitha.ogg ...
Processing system/product/media/audio/notifications/Tejat.ogg ...
Processing system/product/media/audio/notifications/Thallium.ogg ...
Processing system/product/media/audio/notifications/Tinkerbell.ogg ...
Processing system/product/media/audio/notifications/Upsilon.ogg ...
Processing system/product/media/audio/notifications/Vega.ogg ...
Processing system/product/media/audio/notifications/Voila.ogg ...
Processing system/product/media/audio/notifications/Xenon.ogg ...
Processing system/product/media/audio/notifications/Zirconium.ogg ...
Processing system/product/media/audio/notifications/arcturus.ogg ...
Processing system/product/media/audio/notifications/moonbeam.ogg ...
Processing system/product/media/audio/notifications/pixiedust.ogg ...
Processing system/product/media/audio/notifications/pizzicato.ogg ...
Processing system/product/media/audio/notifications/regulus.ogg ...
Processing system/product/media/audio/notifications/sirius.ogg ...
Processing system/product/media/audio/notifications/tweeters.ogg ...
Processing system/product/media/audio/notifications/vega.ogg ...
Processing system/product/media/audio/ringtones/ANDROMEDA.ogg ...
Processing system/product/media/audio/ringtones/Andromeda.ogg ...
Processing system/product/media/audio/ringtones/Aquila.ogg ...
Processing system/product/media/audio/ringtones/ArgoNavis.ogg ...
Processing system/product/media/audio/ringtones/Atria.ogg ...
Processing system/product/media/audio/ringtones/BOOTES.ogg ...
Processing system/product/media/audio/ringtones/Backroad.ogg ...
Processing system/product/media/audio/ringtones/BeatPlucker.ogg ...
Processing system/product/media/audio/ringtones/BentleyDubs.ogg ...
Processing system/product/media/audio/ringtones/Big_Easy.ogg ...
Processing system/product/media/audio/ringtones/BirdLoop.ogg ...
Processing system/product/media/audio/ringtones/Bollywood.ogg ...
Processing system/product/media/audio/ringtones/BussaMove.ogg ...
Processing system/product/media/audio/ringtones/CANISMAJOR.ogg ...
Processing system/product/media/audio/ringtones/CASSIOPEIA.ogg ...
Processing system/product/media/audio/ringtones/Cairo.ogg ...
Processing system/product/media/audio/ringtones/Calypso_Steel.ogg ...
Processing system/product/media/audio/ringtones/CanisMajor.ogg ...
Processing system/product/media/audio/ringtones/CaribbeanIce.ogg ...
Processing system/product/media/audio/ringtones/Carina.ogg ...
Processing system/product/media/audio/ringtones/Centaurus.ogg ...
Processing system/product/media/audio/ringtones/Champagne_Edition.ogg ...
Processing system/product/media/audio/ringtones/Club_Cubano.ogg ...
Processing system/product/media/audio/ringtones/CrayonRock.ogg ...
Processing system/product/media/audio/ringtones/CrazyDream.ogg ...
Processing system/product/media/audio/ringtones/CurveBall.ogg ...
Processing system/product/media/audio/ringtones/Cygnus.ogg ...
Processing system/product/media/audio/ringtones/DancinFool.ogg ...
Processing system/product/media/audio/ringtones/Ding.ogg ...
Processing system/product/media/audio/ringtones/DonMessWivIt.ogg ...
Processing system/product/media/audio/ringtones/Draco.ogg ...
Processing system/product/media/audio/ringtones/DreamTheme.ogg ...
Processing system/product/media/audio/ringtones/Eastern_Sky.ogg ...
Processing system/product/media/audio/ringtones/Enter_the_Nexus.ogg ...
Processing system/product/media/audio/ringtones/Eridani.ogg ...
Processing system/product/media/audio/ringtones/EtherShake.ogg ...
Processing system/product/media/audio/ringtones/FreeFlight.ogg ...
Processing system/product/media/audio/ringtones/FriendlyGhost.ogg ...
Processing system/product/media/audio/ringtones/Funk_Yall.ogg ...
Processing system/product/media/audio/ringtones/GameOverGuitar.ogg ...
Processing system/product/media/audio/ringtones/Gimme_Mo_Town.ogg ...
Processing system/product/media/audio/ringtones/Girtab.ogg ...
Processing system/product/media/audio/ringtones/Glacial_Groove.ogg ...
Processing system/product/media/audio/ringtones/Growl.ogg ...
Processing system/product/media/audio/ringtones/HalfwayHome.ogg ...
Processing system/product/media/audio/ringtones/Hydra.ogg ...
Processing system/product/media/audio/ringtones/InsertCoin.ogg ...
Processing system/product/media/audio/ringtones/Kuma.ogg ...
Processing system/product/media/audio/ringtones/LoopyLounge.ogg ...
Processing system/product/media/audio/ringtones/LoveFlute.ogg ...
Processing system/product/media/audio/ringtones/Lyra.ogg ...
Processing system/product/media/audio/ringtones/Machina.ogg ...
Processing system/product/media/audio/ringtones/MidEvilJaunt.ogg ...
Processing system/product/media/audio/ringtones/MildlyAlarming.ogg ...
Processing system/product/media/audio/ringtones/Nairobi.ogg ...
Processing system/product/media/audio/ringtones/Nassau.ogg ...
Processing system/product/media/audio/ringtones/NewPlayer.ogg ...
Processing system/product/media/audio/ringtones/No_Limits.ogg ...
Processing system/product/media/audio/ringtones/Noises1.ogg ...
Processing system/product/media/audio/ringtones/Noises2.ogg ...
Processing system/product/media/audio/ringtones/Noises3.ogg ...
Processing system/product/media/audio/ringtones/OrganDub.ogg ...
Processing system/product/media/audio/ringtones/Orion.ogg ...
Processing system/product/media/audio/ringtones/PERSEUS.ogg ...
Processing system/product/media/audio/ringtones/Paradise_Island.ogg ...
Processing system/product/media/audio/ringtones/Pegasus.ogg ...
Processing system/product/media/audio/ringtones/Perseus.ogg ...
Processing system/product/media/audio/ringtones/Playa.ogg ...
Processing system/product/media/audio/ringtones/Pyxis.ogg ...
Processing system/product/media/audio/ringtones/Rasalas.ogg ...
Processing system/product/media/audio/ringtones/Revelation.ogg ...
Processing system/product/media/audio/ringtones/Rigel.ogg ...
Processing system/product/media/audio/ringtones/Ring_Classic_02.ogg ...
Processing system/product/media/audio/ringtones/Ring_Digital_02.ogg ...
Processing system/product/media/audio/ringtones/Ring_Synth_02.ogg ...
Processing system/product/media/audio/ringtones/Ring_Synth_04.ogg ...
Processing system/product/media/audio/ringtones/Road_Trip.ogg ...
Processing system/product/media/audio/ringtones/RomancingTheTone.ogg ...
Processing system/product/media/audio/ringtones/Safari.ogg ...
Processing system/product/media/audio/ringtones/Savannah.ogg ...
Processing system/product/media/audio/ringtones/Scarabaeus.ogg ...
Processing system/product/media/audio/ringtones/Sceptrum.ogg ...
Processing system/product/media/audio/ringtones/Seville.ogg ...
Processing system/product/media/audio/ringtones/Shes_All_That.ogg ...
Processing system/product/media/audio/ringtones/SilkyWay.ogg ...
Processing system/product/media/audio/ringtones/SitarVsSitar.ogg ...
Processing system/product/media/audio/ringtones/Solarium.ogg ...
Processing system/product/media/audio/ringtones/SpringyJalopy.ogg ...
Processing system/product/media/audio/ringtones/Steppin_Out.ogg ...
Processing system/product/media/audio/ringtones/Terminated.ogg ...
Processing system/product/media/audio/ringtones/Testudo.ogg ...
Processing system/product/media/audio/ringtones/Themos.ogg ...
Processing system/product/media/audio/ringtones/Third_Eye.ogg ...
Processing system/product/media/audio/ringtones/Thunderfoot.ogg ...
Processing system/product/media/audio/ringtones/TwirlAway.ogg ...
Processing system/product/media/audio/ringtones/URSAMINOR.ogg ...
Processing system/product/media/audio/ringtones/UrsaMinor.ogg ...
Processing system/product/media/audio/ringtones/VeryAlarmed.ogg ...
Processing system/product/media/audio/ringtones/Vespa.ogg ...
Processing system/product/media/audio/ringtones/World.ogg ...
Processing system/product/media/audio/ringtones/Zeta.ogg ...
Processing system/product/media/audio/ringtones/hydra.ogg ...
Processing system/product/media/audio/ui/ChargingStarted.ogg ...
Processing system/product/media/audio/ui/Dock.ogg ...
Processing system/product/media/audio/ui/Effect_Tick.ogg ...
Processing system/product/media/audio/ui/InCallNotification.ogg ...
Processing system/product/media/audio/ui/KeypressDelete.ogg ...
Processing system/product/media/audio/ui/KeypressInvalid.ogg ...
Processing system/product/media/audio/ui/KeypressReturn.ogg ...
Processing system/product/media/audio/ui/KeypressSpacebar.ogg ...
Processing system/product/media/audio/ui/KeypressStandard.ogg ...
Processing system/product/media/audio/ui/Lock.ogg ...
Processing system/product/media/audio/ui/LowBattery.ogg ...
Processing system/product/media/audio/ui/NFCFailure.ogg ...
Processing system/product/media/audio/ui/NFCInitiated.ogg ...
Processing system/product/media/audio/ui/NFCSuccess.ogg ...
Processing system/product/media/audio/ui/NFCTransferComplete.ogg ...
Processing system/product/media/audio/ui/NFCTransferInitiated.ogg ...
Processing system/product/media/audio/ui/Trusted.ogg ...
Processing system/product/media/audio/ui/Undock.ogg ...
Processing system/product/media/audio/ui/Unlock.ogg ...
Processing system/product/media/audio/ui/VideoRecord.ogg ...
Processing system/product/media/audio/ui/VideoStop.ogg ...
Processing system/product/media/audio/ui/WirelessChargingStarted.ogg ...
Processing system/product/media/audio/ui/camera_click.ogg ...
Processing system/product/media/audio/ui/camera_focus.ogg ...
Processing system/product/overlay/DisplayCutoutEmulationCorner ...
Processing system/product/overlay/DisplayCutoutEmulationDouble ...
Processing system/product/overlay/DisplayCutoutEmulationHole ...
Processing system/product/overlay/DisplayCutoutEmulationTall ...
Processing system/product/overlay/DisplayCutoutEmulationWaterfall ...
Processing system/product/overlay/FontNotoSerifSource ...
Processing system/product/overlay/NavigationBarMode3Button ...
Processing system/product/overlay/NavigationBarModeGestural ...
Processing system/product/overlay/NotesRoleEnabled ...
Processing system/product/overlay/TransparentNavigationBar ...
Processing system/product/overlay/DisplayCutoutEmulationCorner/DisplayCutoutEmulationCornerOverlay.apk ...
Processing system/product/overlay/DisplayCutoutEmulationDouble/DisplayCutoutEmulationDoubleOverlay.apk ...
Processing system/product/overlay/DisplayCutoutEmulationHole/DisplayCutoutEmulationHoleOverlay.apk ...
Processing system/product/overlay/DisplayCutoutEmulationTall/DisplayCutoutEmulationTallOverlay.apk ...
Processing system/product/overlay/DisplayCutoutEmulationWaterfall/DisplayCutoutEmulationWaterfallOverlay.apk ...
Processing system/product/overlay/FontNotoSerifSource/FontNotoSerifSourceOverlay.apk ...
Processing system/product/overlay/NavigationBarMode3Button/NavigationBarMode3ButtonOverlay.apk ...
Processing system/product/overlay/NavigationBarModeGestural/NavigationBarModeGesturalOverlay.apk ...
Processing system/product/overlay/NotesRoleEnabled/NotesRoleEnabledOverlay.apk ...
Processing system/product/overlay/TransparentNavigationBar/TransparentNavigationBarOverlay.apk ...
Processing system/product/priv-app/Contacts ...
Processing system/product/priv-app/Dialer ...
Processing system/product/priv-app/ImsServiceEntitlement ...
Processing system/product/priv-app/SettingsIntelligence ...
Processing system/product/priv-app/StatementService ...
Processing system/product/priv-app/Contacts/Contacts.apk ...
Processing system/product/priv-app/Contacts/oat ...
Processing system/product/priv-app/Contacts/oat/arm64 ...
Processing system/product/priv-app/Contacts/oat/arm64/Contacts.odex ...
Processing system/product/priv-app/Contacts/oat/arm64/Contacts.vdex ...
Processing system/product/priv-app/Dialer/Dialer.apk ...
Processing system/product/priv-app/Dialer/oat ...
Processing system/product/priv-app/Dialer/oat/arm64 ...
Processing system/product/priv-app/Dialer/oat/arm64/Dialer.odex ...
Processing system/product/priv-app/Dialer/oat/arm64/Dialer.vdex ...
Processing system/product/priv-app/ImsServiceEntitlement/ImsServiceEntitlement.apk ...
Processing system/product/priv-app/ImsServiceEntitlement/oat ...
Processing system/product/priv-app/ImsServiceEntitlement/oat/arm64 ...
Processing system/product/priv-app/ImsServiceEntitlement/oat/arm64/ImsServiceEntitlement.odex ...
Processing system/product/priv-app/ImsServiceEntitlement/oat/arm64/ImsServiceEntitlement.vdex ...
Processing system/product/priv-app/SettingsIntelligence/SettingsIntelligence.apk ...
Processing system/product/priv-app/SettingsIntelligence/oat ...
Processing system/product/priv-app/SettingsIntelligence/oat/arm64 ...
Processing system/product/priv-app/SettingsIntelligence/oat/arm64/SettingsIntelligence.odex ...
Processing system/product/priv-app/SettingsIntelligence/oat/arm64/SettingsIntelligence.vdex ...
Processing system/product/priv-app/StatementService/StatementService.apk ...
Processing system/product/priv-app/StatementService/oat ...
Processing system/product/priv-app/StatementService/oat/arm64 ...
Processing system/product/priv-app/StatementService/oat/arm64/StatementService.odex ...
Processing system/product/priv-app/StatementService/oat/arm64/StatementService.vdex ...
Processing system/system_ext/apex ...
Processing system/system_ext/app ...
Processing system/system_ext/bin ...
Processing system/system_ext/etc ...
Processing system/system_ext/framework ...
Processing system/system_ext/lib ...
Processing system/system_ext/lib64 ...
Processing system/system_ext/overlay ...
Processing system/system_ext/priv-app ...
Processing system/system_ext/apex/com.android.compos.apex ...
Processing system/system_ext/apex/com.android.hardware.biometrics.fingerprint.virtual.apex ...
Processing system/system_ext/apex/com.android.vndk.v31.apex ...
Processing system/system_ext/apex/com.android.vndk.v32.apex ...
Processing system/system_ext/apex/com.android.vndk.v33.apex ...
Processing system/system_ext/apex/com.android.vndk.v34.apex ...
Processing system/system_ext/app/AccessibilityMenu ...
Processing system/system_ext/app/AccessibilityMenu/AccessibilityMenu.apk ...
Processing system/system_ext/app/AccessibilityMenu/oat ...
Processing system/system_ext/app/AccessibilityMenu/oat/arm64 ...
Processing system/system_ext/app/AccessibilityMenu/oat/arm64/AccessibilityMenu.odex ...
Processing system/system_ext/app/AccessibilityMenu/oat/arm64/AccessibilityMenu.vdex ...
Processing system/system_ext/bin/hw ...
Processing system/system_ext/bin/hwservicemanager ...
Processing system/system_ext/bin/wificond ...
Processing system/system_ext/bin/hw/android.hidl.allocator@1.0-service ...
Processing system/system_ext/etc/aconfig ...
Processing system/system_ext/etc/aconfig_flags.pb ...
Processing system/system_ext/etc/build.prop ...
Processing system/system_ext/etc/build_flags.json ...
Processing system/system_ext/etc/compatconfig ...
Processing system/system_ext/etc/fs_config_dirs ...
Processing system/system_ext/etc/fs_config_files ...
Processing system/system_ext/etc/group ...
Processing system/system_ext/etc/gsi ...
Processing system/system_ext/etc/init ...
Processing system/system_ext/etc/launcher.quickstep.protolog.pb ...
Processing system/system_ext/etc/passwd ...
Processing system/system_ext/etc/permissions ...
Processing system/system_ext/etc/selinux ...
Processing system/system_ext/etc/sysconfig ...
Processing system/system_ext/etc/vintf ...
Processing system/system_ext/etc/wmshell.protolog.pb ...
Processing system/system_ext/etc/aconfig/flag.info ...
Processing system/system_ext/etc/aconfig/flag.map ...
Processing system/system_ext/etc/aconfig/flag.val ...
Processing system/system_ext/etc/aconfig/package.map ...
Processing system/system_ext/etc/compatconfig/settings-platform-compat-config.xml ...
Processing system/system_ext/etc/gsi/init.vndk-nodef.rc ...
Processing system/system_ext/etc/init/android.hidl.allocator@1.0-service.rc ...
Processing system/system_ext/etc/init/config ...
Processing system/system_ext/etc/init/hwservicemanager.rc ...
Processing system/system_ext/etc/init/init.gsi.rc ...
Processing system/system_ext/etc/init/wificond.rc ...
Processing system/system_ext/etc/init/config/skip_mount.cfg ...
Processing system/system_ext/etc/permissions/android.software.theme_picker.xml ...
Processing system/system_ext/etc/permissions/androidx.window.extensions.xml ...
Processing system/system_ext/etc/permissions/androidx.window.sidecar.xml ...
Processing system/system_ext/etc/permissions/com.android.carrierconfig.xml ...
Processing system/system_ext/etc/permissions/com.android.emergency.xml ...
Processing system/system_ext/etc/permissions/com.android.launcher3.xml ...
Processing system/system_ext/etc/permissions/com.android.provision.xml ...
Processing system/system_ext/etc/permissions/com.android.settings.xml ...
Processing system/system_ext/etc/permissions/com.android.storagemanager.xml ...
Processing system/system_ext/etc/permissions/com.android.systemui.xml ...
Processing system/system_ext/etc/selinux/bug_map ...
Processing system/system_ext/etc/selinux/mapping ...
Processing system/system_ext/etc/selinux/system_ext_file_contexts ...
Processing system/system_ext/etc/selinux/system_ext_hwservice_contexts ...
Processing system/system_ext/etc/selinux/system_ext_keystore2_key_contexts ...
Processing system/system_ext/etc/selinux/system_ext_mac_permissions.xml ...
Processing system/system_ext/etc/selinux/system_ext_property_contexts ...
Processing system/system_ext/etc/selinux/system_ext_seapp_contexts ...
Processing system/system_ext/etc/selinux/system_ext_sepolicy.cil ...
Processing system/system_ext/etc/selinux/system_ext_sepolicy_and_mapping.sha256 ...
Processing system/system_ext/etc/selinux/system_ext_service_contexts ...
Processing system/system_ext/etc/selinux/system_ext_tee_service_contexts ...
Processing system/system_ext/etc/selinux/mapping/202404.cil ...
Processing system/system_ext/etc/selinux/mapping/202404.compat.cil ...
Processing system/system_ext/etc/selinux/mapping/202504.cil ...
Processing system/system_ext/etc/selinux/mapping/202504.compat.cil ...
Processing system/system_ext/etc/selinux/mapping/202604.cil ...
Processing system/system_ext/etc/selinux/mapping/31.0.cil ...
Processing system/system_ext/etc/selinux/mapping/31.0.compat.cil ...
Processing system/system_ext/etc/selinux/mapping/32.0.cil ...
Processing system/system_ext/etc/selinux/mapping/32.0.compat.cil ...
Processing system/system_ext/etc/selinux/mapping/33.0.cil ...
Processing system/system_ext/etc/selinux/mapping/33.0.compat.cil ...
Processing system/system_ext/etc/selinux/mapping/34.0.cil ...
Processing system/system_ext/etc/selinux/mapping/34.0.compat.cil ...
Processing system/system_ext/etc/sysconfig/android.telephony.satellite.xml ...
Processing system/system_ext/etc/sysconfig/preinstalled-packages-gsi-system-ext.xml ...
Processing system/system_ext/etc/sysconfig/preinstalled-packages-handheld-system-ext.xml ...
Processing system/system_ext/etc/sysconfig/preinstalled-packages-media-system-ext.xml ...
Processing system/system_ext/etc/sysconfig/preinstalled-packages-platform-telephony-system-ext.xml ...
Processing system/system_ext/etc/sysconfig/preinstalled-packages-telephony-system-ext.xml ...
Processing system/system_ext/etc/vintf/manifest ...
Processing system/system_ext/etc/vintf/manifest.xml ...
Processing system/system_ext/etc/vintf/manifest/android.hidl.allocator@1.0-service.xml ...
Processing system/system_ext/framework/SatelliteClient.jar ...
Processing system/system_ext/framework/androidx.window.extensions.jar ...
Processing system/system_ext/framework/androidx.window.sidecar.jar ...
Processing system/system_ext/framework/oat ...
Processing system/system_ext/framework/oat/arm ...
Processing system/system_ext/framework/oat/arm64 ...
Processing system/system_ext/framework/oat/arm/SatelliteClient.odex ...
Processing system/system_ext/framework/oat/arm/SatelliteClient.vdex ...
Processing system/system_ext/framework/oat/arm/androidx.window.extensions.odex ...
Processing system/system_ext/framework/oat/arm/androidx.window.extensions.vdex ...
Processing system/system_ext/framework/oat/arm/androidx.window.sidecar.odex ...
Processing system/system_ext/framework/oat/arm/androidx.window.sidecar.vdex ...
Processing system/system_ext/framework/oat/arm64/SatelliteClient.odex ...
Processing system/system_ext/framework/oat/arm64/SatelliteClient.vdex ...
Processing system/system_ext/framework/oat/arm64/androidx.window.extensions.odex ...
Processing system/system_ext/framework/oat/arm64/androidx.window.extensions.vdex ...
Processing system/system_ext/framework/oat/arm64/androidx.window.sidecar.odex ...
Processing system/system_ext/framework/oat/arm64/androidx.window.sidecar.vdex ...
Processing system/system_ext/framework/oat/arm64/apex@com.android.compos@javalib@service-compos.jar@classes.odex ...
Processing system/system_ext/framework/oat/arm64/apex@com.android.compos@javalib@service-compos.jar@classes.vdex ...
Processing system/system_ext/lib/hw ...
Processing system/system_ext/lib/hw/android.hidl.memory@1.0-impl.so ...
Processing system/system_ext/lib64/hw ...
Processing system/system_ext/lib64/hw/android.hidl.memory@1.0-impl.so ...
Processing system/system_ext/overlay/gsi_overlay_framework.apk ...
Processing system/system_ext/overlay/gsi_overlay_systemui.apk ...
Processing system/system_ext/priv-app/AvatarPicker ...
Processing system/system_ext/priv-app/CarrierConfig ...
Processing system/system_ext/priv-app/EmergencyInfo ...
Processing system/system_ext/priv-app/Launcher3QuickStep ...
Processing system/system_ext/priv-app/Provision ...
Processing system/system_ext/priv-app/Settings ...
Processing system/system_ext/priv-app/StorageManager ...
Processing system/system_ext/priv-app/SystemUI ...
Processing system/system_ext/priv-app/ThemePicker ...
Processing system/system_ext/priv-app/WallpaperCropper ...
Processing system/system_ext/priv-app/AvatarPicker/AvatarPicker.apk ...
Processing system/system_ext/priv-app/AvatarPicker/oat ...
Processing system/system_ext/priv-app/AvatarPicker/oat/arm64 ...
Processing system/system_ext/priv-app/AvatarPicker/oat/arm64/AvatarPicker.odex ...
Processing system/system_ext/priv-app/AvatarPicker/oat/arm64/AvatarPicker.vdex ...
Processing system/system_ext/priv-app/CarrierConfig/CarrierConfig.apk ...
Processing system/system_ext/priv-app/CarrierConfig/oat ...
Processing system/system_ext/priv-app/CarrierConfig/oat/arm64 ...
Processing system/system_ext/priv-app/CarrierConfig/oat/arm64/CarrierConfig.odex ...
Processing system/system_ext/priv-app/CarrierConfig/oat/arm64/CarrierConfig.vdex ...
Processing system/system_ext/priv-app/EmergencyInfo/EmergencyInfo.apk ...
Processing system/system_ext/priv-app/EmergencyInfo/oat ...
Processing system/system_ext/priv-app/EmergencyInfo/oat/arm64 ...
Processing system/system_ext/priv-app/EmergencyInfo/oat/arm64/EmergencyInfo.odex ...
Processing system/system_ext/priv-app/EmergencyInfo/oat/arm64/EmergencyInfo.vdex ...
Processing system/system_ext/priv-app/Launcher3QuickStep/Launcher3QuickStep.apk ...
Processing system/system_ext/priv-app/Launcher3QuickStep/oat ...
Processing system/system_ext/priv-app/Launcher3QuickStep/oat/arm64 ...
Processing system/system_ext/priv-app/Launcher3QuickStep/oat/arm64/Launcher3QuickStep.odex ...
Processing system/system_ext/priv-app/Launcher3QuickStep/oat/arm64/Launcher3QuickStep.vdex ...
Processing system/system_ext/priv-app/Provision/Provision.apk ...
Processing system/system_ext/priv-app/Provision/oat ...
Processing system/system_ext/priv-app/Provision/oat/arm64 ...
Processing system/system_ext/priv-app/Provision/oat/arm64/Provision.odex ...
Processing system/system_ext/priv-app/Provision/oat/arm64/Provision.vdex ...
Processing system/system_ext/priv-app/Settings/Settings.apk ...
Processing system/system_ext/priv-app/Settings/oat ...
Processing system/system_ext/priv-app/Settings/oat/arm64 ...
Processing system/system_ext/priv-app/Settings/oat/arm64/Settings.odex ...
Processing system/system_ext/priv-app/Settings/oat/arm64/Settings.vdex ...
Processing system/system_ext/priv-app/StorageManager/StorageManager.apk ...
Processing system/system_ext/priv-app/StorageManager/oat ...
Processing system/system_ext/priv-app/StorageManager/oat/arm64 ...
Processing system/system_ext/priv-app/StorageManager/oat/arm64/StorageManager.odex ...
Processing system/system_ext/priv-app/StorageManager/oat/arm64/StorageManager.vdex ...
Processing system/system_ext/priv-app/SystemUI/SystemUI.apk ...
Processing system/system_ext/priv-app/SystemUI/oat ...
Processing system/system_ext/priv-app/SystemUI/oat/arm64 ...
Processing system/system_ext/priv-app/SystemUI/oat/arm64/SystemUI.odex ...
Processing system/system_ext/priv-app/SystemUI/oat/arm64/SystemUI.vdex ...
Processing system/system_ext/priv-app/ThemePicker/ThemePicker.apk ...
Processing system/system_ext/priv-app/ThemePicker/oat ...
Processing system/system_ext/priv-app/ThemePicker/oat/arm64 ...
Processing system/system_ext/priv-app/ThemePicker/oat/arm64/ThemePicker.odex ...
Processing system/system_ext/priv-app/ThemePicker/oat/arm64/ThemePicker.vdex ...
Processing system/system_ext/priv-app/WallpaperCropper/WallpaperCropper.apk ...
Processing system/system_ext/priv-app/WallpaperCropper/oat ...
Processing system/system_ext/priv-app/WallpaperCropper/oat/arm64 ...
Processing system/system_ext/priv-app/WallpaperCropper/oat/arm64/WallpaperCropper.odex ...
Processing system/system_ext/priv-app/WallpaperCropper/oat/arm64/WallpaperCropper.vdex ...
Processing system/usr/hyphen-data ...
Processing system/usr/icu ...
Processing system/usr/idc ...
Processing system/usr/keychars ...
Processing system/usr/keylayout ...
Processing system/usr/share ...
Processing system/usr/hyphen-data/hyph-af.hyb ...
Processing system/usr/hyphen-data/hyph-af.lic.txt ...
Processing system/usr/hyphen-data/hyph-as.hyb ...
Processing system/usr/hyphen-data/hyph-as.lic.txt ...
Processing system/usr/hyphen-data/hyph-be.hyb ...
Processing system/usr/hyphen-data/hyph-be.lic.txt ...
Processing system/usr/hyphen-data/hyph-bg.hyb ...
Processing system/usr/hyphen-data/hyph-bg.lic.txt ...
Processing system/usr/hyphen-data/hyph-bn.hyb ...
Processing system/usr/hyphen-data/hyph-bn.lic.txt ...
Processing system/usr/hyphen-data/hyph-cs.hyb ...
Processing system/usr/hyphen-data/hyph-cs.lic.txt ...
Processing system/usr/hyphen-data/hyph-cu.hyb ...
Processing system/usr/hyphen-data/hyph-cu.lic.txt ...
Processing system/usr/hyphen-data/hyph-cy.hyb ...
Processing system/usr/hyphen-data/hyph-cy.lic.txt ...
Processing system/usr/hyphen-data/hyph-da.hyb ...
Processing system/usr/hyphen-data/hyph-da.lic.txt ...
Processing system/usr/hyphen-data/hyph-de-1901.hyb ...
Processing system/usr/hyphen-data/hyph-de-1901.lic.txt ...
Processing system/usr/hyphen-data/hyph-de-1996.hyb ...
Processing system/usr/hyphen-data/hyph-de-1996.lic.txt ...
Processing system/usr/hyphen-data/hyph-de-ch-1901.hyb ...
Processing system/usr/hyphen-data/hyph-de-ch-1901.lic.txt ...
Processing system/usr/hyphen-data/hyph-el.hyb ...
Processing system/usr/hyphen-data/hyph-el.lic.txt ...
Processing system/usr/hyphen-data/hyph-en-gb.hyb ...
Processing system/usr/hyphen-data/hyph-en-gb.lic.txt ...
Processing system/usr/hyphen-data/hyph-en-us.hyb ...
Processing system/usr/hyphen-data/hyph-en-us.lic.txt ...
Processing system/usr/hyphen-data/hyph-es.hyb ...
Processing system/usr/hyphen-data/hyph-es.lic.txt ...
Processing system/usr/hyphen-data/hyph-et.hyb ...
Processing system/usr/hyphen-data/hyph-et.lic.txt ...
Processing system/usr/hyphen-data/hyph-eu.hyb ...
Processing system/usr/hyphen-data/hyph-eu.lic.txt ...
Processing system/usr/hyphen-data/hyph-fr.hyb ...
Processing system/usr/hyphen-data/hyph-fr.lic.txt ...
Processing system/usr/hyphen-data/hyph-ga.hyb ...
Processing system/usr/hyphen-data/hyph-ga.lic.txt ...
Processing system/usr/hyphen-data/hyph-gl.hyb ...
Processing system/usr/hyphen-data/hyph-gl.lic.txt ...
Processing system/usr/hyphen-data/hyph-gu.hyb ...
Processing system/usr/hyphen-data/hyph-gu.lic.txt ...
Processing system/usr/hyphen-data/hyph-hi.hyb ...
Processing system/usr/hyphen-data/hyph-hi.lic.txt ...
Processing system/usr/hyphen-data/hyph-hr.hyb ...
Processing system/usr/hyphen-data/hyph-hr.lic.txt ...
Processing system/usr/hyphen-data/hyph-hu.hyb ...
Processing system/usr/hyphen-data/hyph-hu.lic.txt ...
Processing system/usr/hyphen-data/hyph-hy.hyb ...
Processing system/usr/hyphen-data/hyph-hy.lic.txt ...
Processing system/usr/hyphen-data/hyph-it.hyb ...
Processing system/usr/hyphen-data/hyph-it.lic.txt ...
Processing system/usr/hyphen-data/hyph-ka.hyb ...
Processing system/usr/hyphen-data/hyph-ka.lic.txt ...
Processing system/usr/hyphen-data/hyph-kn.hyb ...
Processing system/usr/hyphen-data/hyph-kn.lic.txt ...
Processing system/usr/hyphen-data/hyph-la.hyb ...
Processing system/usr/hyphen-data/hyph-la.lic.txt ...
Processing system/usr/hyphen-data/hyph-lt.hyb ...
Processing system/usr/hyphen-data/hyph-lt.lic.txt ...
Processing system/usr/hyphen-data/hyph-lv.hyb ...
Processing system/usr/hyphen-data/hyph-lv.lic.txt ...
Processing system/usr/hyphen-data/hyph-ml.hyb ...
Processing system/usr/hyphen-data/hyph-ml.lic.txt ...
Processing system/usr/hyphen-data/hyph-mn-cyrl.hyb ...
Processing system/usr/hyphen-data/hyph-mn-cyrl.lic.txt ...
Processing system/usr/hyphen-data/hyph-mr.hyb ...
Processing system/usr/hyphen-data/hyph-mr.lic.txt ...
Processing system/usr/hyphen-data/hyph-mul-ethi.hyb ...
Processing system/usr/hyphen-data/hyph-mul-ethi.lic.txt ...
Processing system/usr/hyphen-data/hyph-nb.hyb ...
Processing system/usr/hyphen-data/hyph-nb.lic.txt ...
Processing system/usr/hyphen-data/hyph-nl.hyb ...
Processing system/usr/hyphen-data/hyph-nl.lic.txt ...
Processing system/usr/hyphen-data/hyph-nn.hyb ...
Processing system/usr/hyphen-data/hyph-nn.lic.txt ...
Processing system/usr/hyphen-data/hyph-or.hyb ...
Processing system/usr/hyphen-data/hyph-or.lic.txt ...
Processing system/usr/hyphen-data/hyph-pa.hyb ...
Processing system/usr/hyphen-data/hyph-pa.lic.txt ...
Processing system/usr/hyphen-data/hyph-pl.hyb ...
Processing system/usr/hyphen-data/hyph-pl.lic.txt ...
Processing system/usr/hyphen-data/hyph-pt.hyb ...
Processing system/usr/hyphen-data/hyph-pt.lic.txt ...
Processing system/usr/hyphen-data/hyph-ru.hyb ...
Processing system/usr/hyphen-data/hyph-ru.lic.txt ...
Processing system/usr/hyphen-data/hyph-sk.hyb ...
Processing system/usr/hyphen-data/hyph-sk.lic.txt ...
Processing system/usr/hyphen-data/hyph-sl.hyb ...
Processing system/usr/hyphen-data/hyph-sl.lic.txt ...
Processing system/usr/hyphen-data/hyph-sq.hyb ...
Processing system/usr/hyphen-data/hyph-sq.lic.txt ...
Processing system/usr/hyphen-data/hyph-sv.hyb ...
Processing system/usr/hyphen-data/hyph-sv.lic.txt ...
Processing system/usr/hyphen-data/hyph-ta.hyb ...
Processing system/usr/hyphen-data/hyph-ta.lic.txt ...
Processing system/usr/hyphen-data/hyph-te.hyb ...
Processing system/usr/hyphen-data/hyph-te.lic.txt ...
Processing system/usr/hyphen-data/hyph-tk.hyb ...
Processing system/usr/hyphen-data/hyph-tk.lic.txt ...
Processing system/usr/hyphen-data/hyph-uk.hyb ...
Processing system/usr/hyphen-data/hyph-uk.lic.txt ...
Processing system/usr/hyphen-data/hyph-und-ethi.hyb ...
Processing system/usr/hyphen-data/hyph-und-ethi.lic.txt ...
Processing system/usr/idc/AVRCP.idc ...
Processing system/usr/idc/GoogleTV-Remote.idc ...
Processing system/usr/idc/Vendor_004c_Product_0265.idc ...
Processing system/usr/idc/Vendor_03f6_Product_a001.idc ...
Processing system/usr/idc/Vendor_046d_Product_4011.idc ...
Processing system/usr/idc/Vendor_046d_Product_4101.idc ...
Processing system/usr/idc/Vendor_046d_Product_4102.idc ...
Processing system/usr/idc/Vendor_046d_Product_b00c.idc ...
Processing system/usr/idc/Vendor_054c_Product_05c4.idc ...
Processing system/usr/idc/Vendor_054c_Product_09cc.idc ...
Processing system/usr/idc/Vendor_054c_Product_0ce6.idc ...
Processing system/usr/idc/Vendor_054c_Product_0df2.idc ...
Processing system/usr/idc/Vendor_05ac_Product_0265.idc ...
Processing system/usr/idc/Vendor_05ac_Product_030e.idc ...
Processing system/usr/idc/Vendor_0957_Product_0001.idc ...
Processing system/usr/idc/Vendor_0957_Product_0006.idc ...
Processing system/usr/idc/Vendor_0957_Product_0031.idc ...
Processing system/usr/idc/Vendor_0957_Product_0033.idc ...
Processing system/usr/idc/Vendor_0957_Product_0034.idc ...
Processing system/usr/idc/Vendor_0957_Product_004c.idc ...
Processing system/usr/idc/Vendor_18d1_Product_4f60.idc ...
Processing system/usr/idc/Vendor_18d1_Product_9451.idc ...
Processing system/usr/keychars/Generic.kcm ...
Processing system/usr/keychars/Vendor_18d1_Product_0200.kcm ...
Processing system/usr/keychars/Vendor_18d1_Product_5018.kcm ...
Processing system/usr/keychars/Virtual.kcm ...
Processing system/usr/keylayout/AVRCP.kl ...
Processing system/usr/keylayout/Generic.kl ...
Processing system/usr/keylayout/Vendor_0079_Product_0011.kl ...
Processing system/usr/keylayout/Vendor_0079_Product_18d4.kl ...
Processing system/usr/keylayout/Vendor_0171_Product_0419.kl ...
Processing system/usr/keylayout/Vendor_0428_Product_4001.kl ...
Processing system/usr/keylayout/Vendor_044f_Product_b326.kl ...
Processing system/usr/keylayout/Vendor_045e_Product_028e.kl ...
Processing system/usr/keylayout/Vendor_045e_Product_028f.kl ...
Processing system/usr/keylayout/Vendor_045e_Product_02a1.kl ...
Processing system/usr/keylayout/Vendor_045e_Product_02d1.kl ...
Processing system/usr/keylayout/Vendor_045e_Product_02dd.kl ...
Processing system/usr/keylayout/Vendor_045e_Product_02e0.kl ...
Processing system/usr/keylayout/Vendor_045e_Product_02e3.kl ...
Processing system/usr/keylayout/Vendor_045e_Product_02ea.kl ...
Processing system/usr/keylayout/Vendor_045e_Product_02fd.kl ...
Processing system/usr/keylayout/Vendor_045e_Product_0b00.kl ...
Processing system/usr/keylayout/Vendor_045e_Product_0b12.kl ...
Processing system/usr/keylayout/Vendor_046d_Product_b501.kl ...
Processing system/usr/keylayout/Vendor_046d_Product_c216.kl ...
Processing system/usr/keylayout/Vendor_046d_Product_c219.kl ...
Processing system/usr/keylayout/Vendor_046d_Product_c21d.kl ...
Processing system/usr/keylayout/Vendor_046d_Product_c21e.kl ...
Processing system/usr/keylayout/Vendor_046d_Product_c21f.kl ...
Processing system/usr/keylayout/Vendor_046d_Product_c242.kl ...
Processing system/usr/keylayout/Vendor_046d_Product_c294.kl ...
Processing system/usr/keylayout/Vendor_046d_Product_c299.kl ...
Processing system/usr/keylayout/Vendor_046d_Product_c532.kl ...
Processing system/usr/keylayout/Vendor_054c_Product_0268.kl ...
Processing system/usr/keylayout/Vendor_054c_Product_0268_Version_8000.kl ...
Processing system/usr/keylayout/Vendor_054c_Product_0268_Version_8100.kl ...
Processing system/usr/keylayout/Vendor_054c_Product_0268_Version_8111.kl ...
Processing system/usr/keylayout/Vendor_054c_Product_05c4.kl ...
Processing system/usr/keylayout/Vendor_054c_Product_05c4_Version_8000.kl ...
Processing system/usr/keylayout/Vendor_054c_Product_05c4_Version_8100.kl ...
Processing system/usr/keylayout/Vendor_054c_Product_05c4_Version_8111.kl ...
Processing system/usr/keylayout/Vendor_054c_Product_09cc.kl ...
Processing system/usr/keylayout/Vendor_054c_Product_09cc_Version_8000.kl ...
Processing system/usr/keylayout/Vendor_054c_Product_09cc_Version_8100.kl ...
Processing system/usr/keylayout/Vendor_054c_Product_09cc_Version_8111.kl ...
Processing system/usr/keylayout/Vendor_054c_Product_0ba0.kl ...
Processing system/usr/keylayout/Vendor_054c_Product_0ba0_Version_8111.kl ...
Processing system/usr/keylayout/Vendor_054c_Product_0ce6.kl ...
Processing system/usr/keylayout/Vendor_054c_Product_0ce6_fallback.kl ...
Processing system/usr/keylayout/Vendor_054c_Product_0df2.kl ...
Processing system/usr/keylayout/Vendor_054c_Product_0df2_fallback.kl ...
Processing system/usr/keylayout/Vendor_056e_Product_2004.kl ...
Processing system/usr/keylayout/Vendor_056e_Product_2010.kl ...
Processing system/usr/keylayout/Vendor_056e_Product_2013.kl ...
Processing system/usr/keylayout/Vendor_057e_Product_2006.kl ...
Processing system/usr/keylayout/Vendor_057e_Product_2007.kl ...
Processing system/usr/keylayout/Vendor_057e_Product_2009.kl ...
Processing system/usr/keylayout/Vendor_0583_Product_2060.kl ...
Processing system/usr/keylayout/Vendor_05ac_Product_0239.kl ...
Processing system/usr/keylayout/Vendor_06a3_Product_f51a.kl ...
Processing system/usr/keylayout/Vendor_0738_Product_4716.kl ...
Processing system/usr/keylayout/Vendor_0738_Product_4718.kl ...
Processing system/usr/keylayout/Vendor_0738_Product_4726.kl ...
Processing system/usr/keylayout/Vendor_0738_Product_4736.kl ...
Processing system/usr/keylayout/Vendor_0738_Product_4740.kl ...
Processing system/usr/keylayout/Vendor_0738_Product_9871.kl ...
Processing system/usr/keylayout/Vendor_0738_Product_b726.kl ...
Processing system/usr/keylayout/Vendor_0738_Product_beef.kl ...
Processing system/usr/keylayout/Vendor_0738_Product_cb02.kl ...
Processing system/usr/keylayout/Vendor_0738_Product_cb03.kl ...
Processing system/usr/keylayout/Vendor_0738_Product_cb29.kl ...
Processing system/usr/keylayout/Vendor_0738_Product_f738.kl ...
Processing system/usr/keylayout/Vendor_07ff_Product_ffff.kl ...
Processing system/usr/keylayout/Vendor_0957_Product_0001.kl ...
Processing system/usr/keylayout/Vendor_0957_Product_0031.kl ...
Processing system/usr/keylayout/Vendor_0b05_Product_4500.kl ...
Processing system/usr/keylayout/Vendor_0e6f_Product_0113.kl ...
Processing system/usr/keylayout/Vendor_0e6f_Product_011f.kl ...
Processing system/usr/keylayout/Vendor_0e6f_Product_0131.kl ...
Processing system/usr/keylayout/Vendor_0e6f_Product_0133.kl ...
Processing system/usr/keylayout/Vendor_0e6f_Product_0139.kl ...
Processing system/usr/keylayout/Vendor_0e6f_Product_013a.kl ...
Processing system/usr/keylayout/Vendor_0e6f_Product_0146.kl ...
Processing system/usr/keylayout/Vendor_0e6f_Product_0147.kl ...
Processing system/usr/keylayout/Vendor_0e6f_Product_0161.kl ...
Processing system/usr/keylayout/Vendor_0e6f_Product_0162.kl ...
Processing system/usr/keylayout/Vendor_0e6f_Product_0163.kl ...
Processing system/usr/keylayout/Vendor_0e6f_Product_0164.kl ...
Processing system/usr/keylayout/Vendor_0e6f_Product_0165.kl ...
Processing system/usr/keylayout/Vendor_0e6f_Product_0201.kl ...
Processing system/usr/keylayout/Vendor_0e6f_Product_0213.kl ...
Processing system/usr/keylayout/Vendor_0e6f_Product_021f.kl ...
Processing system/usr/keylayout/Vendor_0e6f_Product_0246.kl ...
Processing system/usr/keylayout/Vendor_0e6f_Product_02a4.kl ...
Processing system/usr/keylayout/Vendor_0e6f_Product_02a6.kl ...
Processing system/usr/keylayout/Vendor_0e6f_Product_02ab.kl ...
Processing system/usr/keylayout/Vendor_0e6f_Product_0301.kl ...
Processing system/usr/keylayout/Vendor_0e6f_Product_0346.kl ...
Processing system/usr/keylayout/Vendor_0e6f_Product_0401.kl ...
Processing system/usr/keylayout/Vendor_0e6f_Product_0413.kl ...
Processing system/usr/keylayout/Vendor_0e6f_Product_0501.kl ...
Processing system/usr/keylayout/Vendor_0e6f_Product_f501.kl ...
Processing system/usr/keylayout/Vendor_0e6f_Product_f900.kl ...
Processing system/usr/keylayout/Vendor_0f0d_Product_000a.kl ...
Processing system/usr/keylayout/Vendor_0f0d_Product_000c.kl ...
Processing system/usr/keylayout/Vendor_0f0d_Product_0067.kl ...
Processing system/usr/keylayout/Vendor_0f0d_Product_00c1.kl ...
Processing system/usr/keylayout/Vendor_0f0d_Product_01b3.kl ...
Processing system/usr/keylayout/Vendor_0f0d_Product_01b4.kl ...
Processing system/usr/keylayout/Vendor_1038_Product_1412.kl ...
Processing system/usr/keylayout/Vendor_1038_Product_1430.kl ...
Processing system/usr/keylayout/Vendor_1038_Product_1431.kl ...
Processing system/usr/keylayout/Vendor_1038_Product_1434.kl ...
Processing system/usr/keylayout/Vendor_10f5_Product_7034.kl ...
Processing system/usr/keylayout/Vendor_11c9_Product_55f0.kl ...
Processing system/usr/keylayout/Vendor_12ab_Product_0301.kl ...
Processing system/usr/keylayout/Vendor_12bd_Product_d015.kl ...
Processing system/usr/keylayout/Vendor_1430_Product_4748.kl ...
Processing system/usr/keylayout/Vendor_1430_Product_f801.kl ...
Processing system/usr/keylayout/Vendor_146b_Product_0601.kl ...
Processing system/usr/keylayout/Vendor_1532_Product_0037.kl ...
Processing system/usr/keylayout/Vendor_1532_Product_0705.kl ...
Processing system/usr/keylayout/Vendor_1532_Product_0707.kl ...
Processing system/usr/keylayout/Vendor_1532_Product_0709.kl ...
Processing system/usr/keylayout/Vendor_1532_Product_0900.kl ...
Processing system/usr/keylayout/Vendor_1532_Product_0a03.kl ...
Processing system/usr/keylayout/Vendor_1532_Product_0a29.kl ...
Processing system/usr/keylayout/Vendor_1532_Product_1004.kl ...
Processing system/usr/keylayout/Vendor_1532_Product_1007.kl ...
Processing system/usr/keylayout/Vendor_1532_Product_1009.kl ...
Processing system/usr/keylayout/Vendor_1532_Product_100a.kl ...
Processing system/usr/keylayout/Vendor_15e4_Product_3f00.kl ...
Processing system/usr/keylayout/Vendor_15e4_Product_3f0a.kl ...
Processing system/usr/keylayout/Vendor_15e4_Product_3f10.kl ...
Processing system/usr/keylayout/Vendor_162e_Product_beef.kl ...
Processing system/usr/keylayout/Vendor_1689_Product_fd00.kl ...
Processing system/usr/keylayout/Vendor_1689_Product_fd01.kl ...
Processing system/usr/keylayout/Vendor_1689_Product_fe00.kl ...
Processing system/usr/keylayout/Vendor_18d1_Product_0200.kl ...
Processing system/usr/keylayout/Vendor_18d1_Product_2c40.kl ...
Processing system/usr/keylayout/Vendor_18d1_Product_4f80.kl ...
Processing system/usr/keylayout/Vendor_18d1_Product_5018.kl ...
Processing system/usr/keylayout/Vendor_18d1_Product_9451.kl ...
Processing system/usr/keylayout/Vendor_1949_Product_0401.kl ...
Processing system/usr/keylayout/Vendor_1949_Product_041a.kl ...
Processing system/usr/keylayout/Vendor_1bad_Product_0002.kl ...
Processing system/usr/keylayout/Vendor_1bad_Product_f016.kl ...
Processing system/usr/keylayout/Vendor_1bad_Product_f021.kl ...
Processing system/usr/keylayout/Vendor_1bad_Product_f023.kl ...
Processing system/usr/keylayout/Vendor_1bad_Product_f025.kl ...
Processing system/usr/keylayout/Vendor_1bad_Product_f027.kl ...
Processing system/usr/keylayout/Vendor_1bad_Product_f028.kl ...
Processing system/usr/keylayout/Vendor_1bad_Product_f036.kl ...
Processing system/usr/keylayout/Vendor_1bad_Product_f038.kl ...
Processing system/usr/keylayout/Vendor_1bad_Product_f501.kl ...
Processing system/usr/keylayout/Vendor_1bad_Product_f506.kl ...
Processing system/usr/keylayout/Vendor_1bad_Product_f900.kl ...
Processing system/usr/keylayout/Vendor_1bad_Product_f901.kl ...
Processing system/usr/keylayout/Vendor_1bad_Product_f903.kl ...
Processing system/usr/keylayout/Vendor_1bad_Product_f904.kl ...
Processing system/usr/keylayout/Vendor_1bad_Product_fa01.kl ...
Processing system/usr/keylayout/Vendor_1bad_Product_fd00.kl ...
Processing system/usr/keylayout/Vendor_1bad_Product_fd01.kl ...
Processing system/usr/keylayout/Vendor_1d79_Product_0009.kl ...
Processing system/usr/keylayout/Vendor_20d6_Product_2059.kl ...
Processing system/usr/keylayout/Vendor_22b8_Product_093d.kl ...
Processing system/usr/keylayout/Vendor_2378_Product_1008.kl ...
Processing system/usr/keylayout/Vendor_2378_Product_100a.kl ...
Processing system/usr/keylayout/Vendor_24c6_Product_5300.kl ...
Processing system/usr/keylayout/Vendor_24c6_Product_5303.kl ...
Processing system/usr/keylayout/Vendor_24c6_Product_530a.kl ...
Processing system/usr/keylayout/Vendor_24c6_Product_531a.kl ...
Processing system/usr/keylayout/Vendor_24c6_Product_5397.kl ...
Processing system/usr/keylayout/Vendor_24c6_Product_541a.kl ...
Processing system/usr/keylayout/Vendor_24c6_Product_542a.kl ...
Processing system/usr/keylayout/Vendor_24c6_Product_543a.kl ...
Processing system/usr/keylayout/Vendor_24c6_Product_5500.kl ...
Processing system/usr/keylayout/Vendor_24c6_Product_5501.kl ...
Processing system/usr/keylayout/Vendor_24c6_Product_5506.kl ...
Processing system/usr/keylayout/Vendor_24c6_Product_550d.kl ...
Processing system/usr/keylayout/Vendor_24c6_Product_551a.kl ...
Processing system/usr/keylayout/Vendor_24c6_Product_561a.kl ...
Processing system/usr/keylayout/Vendor_24c6_Product_5b02.kl ...
Processing system/usr/keylayout/Vendor_24c6_Product_5d04.kl ...
Processing system/usr/keylayout/Vendor_24c6_Product_fafe.kl ...
Processing system/usr/keylayout/Vendor_27f8_Product_0bbe.kl ...
Processing system/usr/keylayout/Vendor_27f8_Product_0bbf.kl ...
Processing system/usr/keylayout/Vendor_28de_Product_1102.kl ...
Processing system/usr/keylayout/Vendor_2dc8_Product_6006.kl ...
Processing system/usr/keylayout/Vendor_2dc8_Product_6101.kl ...
Processing system/usr/keylayout/Vendor_2e95_Product_7725.kl ...
Processing system/usr/keylayout/Vendor_3537_Product_1010.kl ...
Processing system/usr/keylayout/idroid_con.kl ...
Processing system/usr/share/bmd ...
Processing system/usr/share/zoneinfo ...
Processing system/usr/share/bmd/RFFspeed_501.bmd ...
Processing system/usr/share/bmd/RFFstd_501.bmd ...
Processing system/usr/share/zoneinfo/tz_version ...
Processing system/usr/share/zoneinfo/tzdata ...
Processing vendor_dlkm/etc ...
Build completed.

------
Filesystem UUID: 6d797374-6963-4000-8000-616c00000001
Filesystem total blocks: 409483 (of 4096-byte blocks)
Filesystem total inodes: 4487
Filesystem total metadata blocks: 826
Filesystem total deduplicated bytes (of source files): 0
+ ls -la /tmp/mystical-system.img
-rw-r--r-- 1 runner runner 1677242368 Sep 28 19:09 /tmp/mystical-system.img
+ for C in surfaceflinger_exec system_file sepolicy_file
++ grep -ac surfaceflinger_exec /tmp/mystical-system.img
+ N=1
+ echo 'kontekst surfaceflinger_exec w obrazie: 1 trafien'
kontekst surfaceflinger_exec w obrazie: 1 trafien
+ '[' 1 -gt 0 ']'
+ for C in surfaceflinger_exec system_file sepolicy_file
++ grep -ac system_file /tmp/mystical-system.img
+ N=44
+ echo 'kontekst system_file w obrazie: 44 trafien'
kontekst system_file w obrazie: 44 trafien
+ '[' 44 -gt 0 ']'
+ for C in surfaceflinger_exec system_file sepolicy_file
++ grep -ac sepolicy_file /tmp/mystical-system.img
+ N=1
+ echo 'kontekst sepolicy_file w obrazie: 1 trafien'
kontekst sepolicy_file w obrazie: 1 trafien
+ '[' 1 -gt 0 ']'
+ rm -rf /tmp/imgcheck
+ mkdir -p /tmp/imgcheck
+ /tmp/erofs-c/fsck.erofs --extract=/tmp/imgcheck /tmp/mystical-system.img
+ C=/tmp/imgcheck/system
+ test -f /tmp/imgcheck/system/priv-app/microG/GmsCore.apk
+ test -f /tmp/imgcheck/system/priv-app/FakeStore/FakeStore.apk
+ test -f /tmp/imgcheck/system/app/AuroraStore/AuroraStore.apk
+ test -f /tmp/imgcheck/system/etc/permissions/privapp-permissions-mystical.xml
+ test -f /tmp/imgcheck/system/etc/default-permissions/mystical.xml
+ test -f /tmp/imgcheck/system/bin/surfaceflinger
+ test -f /tmp/imgcheck/system/build.prop
+ for A in MiuiHome Gallery MiuiMusic MiuiFileManager FileManager
+ '[' -d /tmp/imgcheck/system/app/MiuiHome ']'
+ true
+ for A in MiuiHome Gallery MiuiMusic MiuiFileManager FileManager
+ '[' -d /tmp/imgcheck/system/app/Gallery ']'
+ true
+ for A in MiuiHome Gallery MiuiMusic MiuiFileManager FileManager
+ '[' -d /tmp/imgcheck/system/app/MiuiMusic ']'
+ true
+ for A in MiuiHome Gallery MiuiMusic MiuiFileManager FileManager
+ '[' -d /tmp/imgcheck/system/app/MiuiFileManager ']'
+ true
+ for A in MiuiHome Gallery MiuiMusic MiuiFileManager FileManager
+ '[' -d /tmp/imgcheck/system/app/FileManager ']'
+ true
+ grep -q OK /tmp/transplant.status
++ cat /tmp/transplant.status
++ head -1
+ echo 'transplant: POMINIETY (TRANSPLANT APK POMINIETY: Drive nie oddal pliku (link/udostepnienie)) - obraz bez aplikacji HyperOS'
transplant: POMINIETY (TRANSPLANT APK POMINIETY: Drive nie oddal pliku (link/udostepnienie)) - obraz bez aplikacji HyperOS
++ find /tmp/imgcheck/system/app /tmp/imgcheck/system/priv-app -maxdepth 1 -type d
++ grep -icE 'google|gms'
++ echo 0
+ echo 'PURGE GMS: 0
0 pakietow Google (oczekiwane 0)'
PURGE GMS: 0
0 pakietow Google (oczekiwane 0)
+ rm -rf /tmp/imgcheck /tmp/gsitree
+ sha256sum /tmp/mystical-system.img
+ tee /tmp/mystical1.sha
ac6ac1bf8e27177a4943ff6bab143075c77698c465ab8b74d8942dc58e2deca1  /tmp/mystical-system.img
++ awk '{print $1}' /tmp/mystical1.sha
+ echo RAW_MYSTICAL1=ac6ac1bf8e27177a4943ff6bab143075c77698c465ab8b74d8942dc58e2deca1
+ df -h /
+ tail -1
/dev/root        72G   66G  5.8G  92% /
